SET session_replication_role = replica;

--
-- PostgreSQL database dump
--

-- \restrict sDr55P0XFxnBGPiaIuIYNUUgoB0vBVWux3xzFapG61MtleGakBTZsatXtw5YCH3

-- Dumped from database version 17.6
-- Dumped by pg_dump version 17.6

SET statement_timeout = 0;
SET lock_timeout = 0;
SET idle_in_transaction_session_timeout = 0;
SET transaction_timeout = 0;
SET client_encoding = 'UTF8';
SET standard_conforming_strings = on;
SELECT pg_catalog.set_config('search_path', '', false);
SET check_function_bodies = false;
SET xmloption = content;
SET client_min_messages = warning;
SET row_security = off;

--
-- Data for Name: audit_log_entries; Type: TABLE DATA; Schema: auth; Owner: supabase_auth_admin
--

COPY "auth"."audit_log_entries" ("instance_id", "id", "payload", "created_at", "ip_address") FROM stdin;
\.


--
-- Data for Name: custom_oauth_providers; Type: TABLE DATA; Schema: auth; Owner: supabase_auth_admin
--

COPY "auth"."custom_oauth_providers" ("id", "provider_type", "identifier", "name", "client_id", "client_secret", "acceptable_client_ids", "scopes", "pkce_enabled", "attribute_mapping", "authorization_params", "enabled", "email_optional", "issuer", "discovery_url", "skip_nonce_check", "cached_discovery", "discovery_cached_at", "authorization_url", "token_url", "userinfo_url", "jwks_uri", "created_at", "updated_at") FROM stdin;
\.


--
-- Data for Name: flow_state; Type: TABLE DATA; Schema: auth; Owner: supabase_auth_admin
--

COPY "auth"."flow_state" ("id", "user_id", "auth_code", "code_challenge_method", "code_challenge", "provider_type", "provider_access_token", "provider_refresh_token", "created_at", "updated_at", "authentication_method", "auth_code_issued_at", "invite_token", "referrer", "oauth_client_state_id", "linking_target_id", "email_optional") FROM stdin;
\.


--
-- Data for Name: users; Type: TABLE DATA; Schema: auth; Owner: supabase_auth_admin
--

COPY "auth"."users" ("instance_id", "id", "aud", "role", "email", "encrypted_password", "email_confirmed_at", "invited_at", "confirmation_token", "confirmation_sent_at", "recovery_token", "recovery_sent_at", "email_change_token_new", "email_change", "email_change_sent_at", "last_sign_in_at", "raw_app_meta_data", "raw_user_meta_data", "is_super_admin", "created_at", "updated_at", "phone", "phone_confirmed_at", "phone_change", "phone_change_token", "phone_change_sent_at", "email_change_token_current", "email_change_confirm_status", "banned_until", "reauthentication_token", "reauthentication_sent_at", "is_sso_user", "deleted_at", "is_anonymous") FROM stdin;
00000000-0000-0000-0000-000000000000	df12a1c8-b37e-4bf9-8e17-6948b6c55fc6	authenticated	authenticated	test-d9c60d3d-dc3c-49bf-882d-b1f8a51616b4@example.com	$2a$10$mJcZrhjmOIF6/b8MxqCoSOr/QTz2BPW9hglIa.ykNlmxYSvmk1llO	2025-12-02 01:23:15.110109+00	\N		\N		\N			\N	\N	{"provider": "email", "providers": ["email"]}	{"test": true, "email_verified": true}	\N	2025-12-02 01:23:15.103833+00	2025-12-02 01:23:15.117795+00	\N	\N			\N		0	\N		\N	f	\N	f
00000000-0000-0000-0000-000000000000	95ea1c2f-8b5c-44fc-bec3-6dc81729485d	authenticated	authenticated	veronica.ramirezl@udea.edu.co	$2a$10$0tXHTJgXvapZfSDAIRDVNOskflcuYvYcORd1xZIjMJrUsyX.aww2G	2025-11-27 03:53:53.308254+00	\N		\N		\N			\N	2025-11-27 03:53:53.314136+00	{"provider": "email", "providers": ["email"]}	{"sub": "95ea1c2f-8b5c-44fc-bec3-6dc81729485d", "email": "veronica.ramirezl@udea.edu.co", "email_verified": true, "phone_verified": false}	\N	2025-11-27 03:53:53.289518+00	2025-11-28 16:23:14.42084+00	\N	\N			\N		0	\N		\N	f	\N	f
00000000-0000-0000-0000-000000000000	797358df-a1d3-4788-9984-d58a1735cbbf	authenticated	authenticated	test-pocket-1764641233317-0sv17r@example.com	$2a$10$S8e4nbtFi/9Rk3I9tgST..cTKovzGGh2N/I9OyuTzY2wBPAi5p5lK	2025-12-02 02:07:13.842032+00	\N		\N		\N			\N	2025-12-02 02:07:14.119394+00	{"provider": "email", "providers": ["email"]}	{"email_verified": true}	\N	2025-12-02 02:07:13.839503+00	2025-12-02 02:07:14.122294+00	\N	\N			\N		0	\N		\N	f	\N	f
00000000-0000-0000-0000-000000000000	b209dd88-d1ce-4c12-b0f8-0e12953c4dcd	authenticated	authenticated	userb@test.com	$2a$10$FIukCfzhQXkZks4lDDknh./34MGpHgtUy.1nkM6UINyN0q5xBSjR6	2025-11-25 01:46:53.076489+00	\N		\N		\N			\N	2025-11-25 01:56:18.113784+00	{"provider": "email", "providers": ["email"]}	{"sub": "b209dd88-d1ce-4c12-b0f8-0e12953c4dcd", "email": "userb@test.com", "email_verified": true, "phone_verified": false}	\N	2025-11-25 01:46:53.068932+00	2025-11-25 01:56:18.115878+00	\N	\N			\N		0	\N		\N	f	\N	f
00000000-0000-0000-0000-000000000000	e63e29c7-b10e-4dd1-a2b8-e44f9cd93083	authenticated	authenticated	midori.mp4@gmail.com	$2a$10$KLl1B5UJC32AX9HZYKQ4duEYu1Ug/hmeTOBXp6AeYy1pXOnEk2SDy	2025-11-24 23:16:06.79542+00	\N		\N		\N			\N	2025-11-26 01:50:31.886683+00	{"provider": "email", "providers": ["email"]}	{"sub": "e63e29c7-b10e-4dd1-a2b8-e44f9cd93083", "email": "midori.mp4@gmail.com", "email_verified": true, "phone_verified": false}	\N	2025-11-24 23:16:06.788398+00	2025-11-26 01:50:31.888878+00	\N	\N			\N		0	\N		\N	f	\N	f
00000000-0000-0000-0000-000000000000	268bb6b9-c988-427c-b413-8644990e619e	authenticated	authenticated	test-7b5381f2-582b-4e3b-97e1-5e577ef16edc@example.com	$2a$10$mtJKLBT8YKFOrEiLbSUJse2BT9lvuUCgryEk1Po1qwwxKYLx49PFy	2025-12-02 01:22:58.146011+00	\N		\N		\N			\N	\N	{"provider": "email", "providers": ["email"]}	{"test": true, "email_verified": true}	\N	2025-12-02 01:22:58.097347+00	2025-12-02 01:22:58.148375+00	\N	\N			\N		0	\N		\N	f	\N	f
00000000-0000-0000-0000-000000000000	55c2ff24-e2f0-4793-9a61-fb95020b5c3a	authenticated	authenticated	usera@test.com	$2a$10$EgxYoB5HwlZGefNzh2CoOOYbLLqewEdO/vXg3cfmwsnT49sijkqxO	2025-11-25 01:47:02.983518+00	\N		\N		\N			\N	2026-03-07 22:30:17.079665+00	{"provider": "email", "providers": ["email"]}	{"sub": "55c2ff24-e2f0-4793-9a61-fb95020b5c3a", "email": "usera@test.com", "email_verified": true, "phone_verified": false}	\N	2025-11-25 01:47:02.978371+00	2026-03-07 22:30:17.101863+00	\N	\N			\N		0	\N		\N	f	\N	f
00000000-0000-0000-0000-000000000000	4b077e8d-247a-4f1f-bbfb-40d96fee4c35	authenticated	authenticated	camibadillo@gmail.com	$2a$10$EiJWvUxSwOPRvVJKZNpfQeiVCpCWa1HIpMqeRpr4CiE9QZQRVDjlC	2025-11-25 04:07:46.520368+00	\N		\N		\N			\N	2026-01-03 00:02:37.949703+00	{"provider": "email", "providers": ["email"]}	{"sub": "4b077e8d-247a-4f1f-bbfb-40d96fee4c35", "email": "camibadillo@gmail.com", "email_verified": true, "phone_verified": false}	\N	2025-11-25 04:07:46.512367+00	2026-03-02 02:29:07.203449+00	\N	\N			\N		0	\N		\N	f	\N	f
00000000-0000-0000-0000-000000000000	644d8b15-9a0e-43c3-bdb3-91cef5aecf31	authenticated	authenticated	julian.loperamirez@gmail.com	$2a$10$ap8CqfW8e5uyujuDYtoc6uPYIgmJns3ZfoHAAIyT62QctMMQQjdLy	2025-11-24 22:49:14.885033+00	\N		\N		\N			\N	2026-05-10 22:23:28.713709+00	{"provider": "email", "providers": ["email"]}	{"sub": "644d8b15-9a0e-43c3-bdb3-91cef5aecf31", "email": "julian.loperamirez@gmail.com", "email_verified": true, "phone_verified": false}	\N	2025-11-24 22:49:14.870634+00	2026-05-21 02:13:35.161734+00	\N	\N			\N		0	\N		\N	f	\N	f
00000000-0000-0000-0000-000000000000	6a228fc9-2baf-4978-843c-eb78c4c9ae08	authenticated	authenticated	petro@petro.com	$2a$10$zCYKFYmyKhOjF6cTRxjouu8f2fx4BqUI.clsrW4jsFIaZEh2nlvQC	2026-01-10 21:37:11.263411+00	\N		\N		\N			\N	2026-01-10 21:37:21.465712+00	{"provider": "email", "providers": ["email"]}	{"sub": "6a228fc9-2baf-4978-843c-eb78c4c9ae08", "email": "petro@petro.com", "email_verified": true, "phone_verified": false}	\N	2026-01-10 21:37:11.212271+00	2026-01-10 21:37:21.468232+00	\N	\N			\N		0	\N		\N	f	\N	f
\.


--
-- Data for Name: identities; Type: TABLE DATA; Schema: auth; Owner: supabase_auth_admin
--

COPY "auth"."identities" ("provider_id", "user_id", "identity_data", "provider", "last_sign_in_at", "created_at", "updated_at", "id") FROM stdin;
644d8b15-9a0e-43c3-bdb3-91cef5aecf31	644d8b15-9a0e-43c3-bdb3-91cef5aecf31	{"sub": "644d8b15-9a0e-43c3-bdb3-91cef5aecf31", "email": "julian.loperamirez@gmail.com", "email_verified": false, "phone_verified": false}	email	2025-11-24 22:49:14.880559+00	2025-11-24 22:49:14.880641+00	2025-11-24 22:49:14.880641+00	931db915-8bfe-4b47-bf12-14502797886e
e63e29c7-b10e-4dd1-a2b8-e44f9cd93083	e63e29c7-b10e-4dd1-a2b8-e44f9cd93083	{"sub": "e63e29c7-b10e-4dd1-a2b8-e44f9cd93083", "email": "midori.mp4@gmail.com", "email_verified": false, "phone_verified": false}	email	2025-11-24 23:16:06.792514+00	2025-11-24 23:16:06.792575+00	2025-11-24 23:16:06.792575+00	05490d06-0e0f-4d3b-9d9a-0e46657defed
b209dd88-d1ce-4c12-b0f8-0e12953c4dcd	b209dd88-d1ce-4c12-b0f8-0e12953c4dcd	{"sub": "b209dd88-d1ce-4c12-b0f8-0e12953c4dcd", "email": "userb@test.com", "email_verified": false, "phone_verified": false}	email	2025-11-25 01:46:53.07351+00	2025-11-25 01:46:53.073579+00	2025-11-25 01:46:53.073579+00	1c261254-f940-4424-bf5d-8478d0463866
55c2ff24-e2f0-4793-9a61-fb95020b5c3a	55c2ff24-e2f0-4793-9a61-fb95020b5c3a	{"sub": "55c2ff24-e2f0-4793-9a61-fb95020b5c3a", "email": "usera@test.com", "email_verified": false, "phone_verified": false}	email	2025-11-25 01:47:02.981119+00	2025-11-25 01:47:02.981176+00	2025-11-25 01:47:02.981176+00	46de9026-52fa-4e8d-8110-4c85e3d7fa11
4b077e8d-247a-4f1f-bbfb-40d96fee4c35	4b077e8d-247a-4f1f-bbfb-40d96fee4c35	{"sub": "4b077e8d-247a-4f1f-bbfb-40d96fee4c35", "email": "camibadillo@gmail.com", "email_verified": false, "phone_verified": false}	email	2025-11-25 04:07:46.51761+00	2025-11-25 04:07:46.517661+00	2025-11-25 04:07:46.517661+00	46605fa2-2519-4cd1-9925-5d7b408e0be8
95ea1c2f-8b5c-44fc-bec3-6dc81729485d	95ea1c2f-8b5c-44fc-bec3-6dc81729485d	{"sub": "95ea1c2f-8b5c-44fc-bec3-6dc81729485d", "email": "veronica.ramirezl@udea.edu.co", "email_verified": false, "phone_verified": false}	email	2025-11-27 03:53:53.305259+00	2025-11-27 03:53:53.305312+00	2025-11-27 03:53:53.305312+00	302d5844-6b51-43ae-88ee-cc5131380c63
268bb6b9-c988-427c-b413-8644990e619e	268bb6b9-c988-427c-b413-8644990e619e	{"sub": "268bb6b9-c988-427c-b413-8644990e619e", "email": "test-7b5381f2-582b-4e3b-97e1-5e577ef16edc@example.com", "email_verified": false, "phone_verified": false}	email	2025-12-02 01:22:58.12756+00	2025-12-02 01:22:58.128201+00	2025-12-02 01:22:58.128201+00	0d865a99-3457-42f7-996f-5b94882e2a83
df12a1c8-b37e-4bf9-8e17-6948b6c55fc6	df12a1c8-b37e-4bf9-8e17-6948b6c55fc6	{"sub": "df12a1c8-b37e-4bf9-8e17-6948b6c55fc6", "email": "test-d9c60d3d-dc3c-49bf-882d-b1f8a51616b4@example.com", "email_verified": false, "phone_verified": false}	email	2025-12-02 01:23:15.106427+00	2025-12-02 01:23:15.107155+00	2025-12-02 01:23:15.107155+00	ae67a62e-89ab-4b8d-8d4a-c3fa07dbee67
797358df-a1d3-4788-9984-d58a1735cbbf	797358df-a1d3-4788-9984-d58a1735cbbf	{"sub": "797358df-a1d3-4788-9984-d58a1735cbbf", "email": "test-pocket-1764641233317-0sv17r@example.com", "email_verified": false, "phone_verified": false}	email	2025-12-02 02:07:13.840595+00	2025-12-02 02:07:13.840647+00	2025-12-02 02:07:13.840647+00	a874161c-ad5d-4db3-95ad-812387c58864
6a228fc9-2baf-4978-843c-eb78c4c9ae08	6a228fc9-2baf-4978-843c-eb78c4c9ae08	{"sub": "6a228fc9-2baf-4978-843c-eb78c4c9ae08", "email": "petro@petro.com", "email_verified": false, "phone_verified": false}	email	2026-01-10 21:37:11.241316+00	2026-01-10 21:37:11.241375+00	2026-01-10 21:37:11.241375+00	6a9228ce-18c7-49f9-8ae2-edc0a1499733
\.


--
-- Data for Name: instances; Type: TABLE DATA; Schema: auth; Owner: supabase_auth_admin
--

COPY "auth"."instances" ("id", "uuid", "raw_base_config", "created_at", "updated_at") FROM stdin;
\.


--
-- Data for Name: oauth_clients; Type: TABLE DATA; Schema: auth; Owner: supabase_auth_admin
--

COPY "auth"."oauth_clients" ("id", "client_secret_hash", "registration_type", "redirect_uris", "grant_types", "client_name", "client_uri", "logo_uri", "created_at", "updated_at", "deleted_at", "client_type", "token_endpoint_auth_method") FROM stdin;
\.


--
-- Data for Name: sessions; Type: TABLE DATA; Schema: auth; Owner: supabase_auth_admin
--

COPY "auth"."sessions" ("id", "user_id", "created_at", "updated_at", "factor_id", "aal", "not_after", "refreshed_at", "user_agent", "ip", "tag", "oauth_client_id", "refresh_token_hmac_key", "refresh_token_counter", "scopes") FROM stdin;
671ff9f5-7733-4658-8fcb-375c97c16013	4b077e8d-247a-4f1f-bbfb-40d96fee4c35	2025-11-25 04:07:46.525141+00	2025-11-25 04:07:46.525141+00	\N	aal1	\N	\N	Mozilla/5.0 (Windows NT 10.0; Win64; x64) AppleWebKit/537.36 (KHTML, like Gecko) Chrome/142.0.0.0 Safari/537.36	179.15.34.3	\N	\N	\N	\N	\N
1830d695-9e79-4ad5-a02a-de65b767ea75	6a228fc9-2baf-4978-843c-eb78c4c9ae08	2026-01-10 21:37:11.273716+00	2026-01-10 21:37:11.273716+00	\N	aal1	\N	\N	Mozilla/5.0 (Windows NT 10.0; Win64; x64) AppleWebKit/537.36 (KHTML, like Gecko) Chrome/143.0.0.0 Safari/537.36 Edg/143.0.0.0	201.233.1.165	\N	\N	\N	\N	\N
8e408e65-cf2e-4ac3-b857-e1231007189c	6a228fc9-2baf-4978-843c-eb78c4c9ae08	2026-01-10 21:37:21.46582+00	2026-01-10 21:37:21.46582+00	\N	aal1	\N	\N	Mozilla/5.0 (Windows NT 10.0; Win64; x64) AppleWebKit/537.36 (KHTML, like Gecko) Chrome/143.0.0.0 Safari/537.36 Edg/143.0.0.0	201.233.1.165	\N	\N	\N	\N	\N
1fa802bf-3c4f-486a-bb70-35f140f67e01	644d8b15-9a0e-43c3-bdb3-91cef5aecf31	2026-03-07 22:31:32.480155+00	2026-03-08 04:28:57.462738+00	\N	aal1	\N	2026-03-08 04:28:57.462625	Mozilla/5.0 (Windows NT 10.0; Win64; x64; rv:148.0) Gecko/20100101 Firefox/148.0	187.234.60.16	\N	\N	\N	\N	\N
49051846-e219-4b94-a832-e98319d3e6cc	4b077e8d-247a-4f1f-bbfb-40d96fee4c35	2025-11-25 04:07:56.366784+00	2026-03-02 02:29:07.211862+00	\N	aal1	\N	2026-03-02 02:29:07.21175	Mozilla/5.0 (Windows NT 10.0; Win64; x64) AppleWebKit/537.36 (KHTML, like Gecko) Chrome/145.0.0.0 Safari/537.36	179.15.40.204	\N	\N	\N	\N	\N
a23ee350-20cd-4f67-bb4b-ac55534d2e1a	644d8b15-9a0e-43c3-bdb3-91cef5aecf31	2026-03-14 18:26:32.896502+00	2026-05-14 20:48:22.953594+00	\N	aal1	\N	2026-05-14 20:48:22.953482	Mozilla/5.0 (Linux; Android 10; K) AppleWebKit/537.36 (KHTML, like Gecko) Chrome/148.0.0.0 Mobile Safari/537.36	201.149.17.82	\N	\N	\N	\N	\N
d7531276-cc29-4186-8df0-cb6eff41b48f	644d8b15-9a0e-43c3-bdb3-91cef5aecf31	2026-03-09 18:10:43.221484+00	2026-05-21 02:13:35.173693+00	\N	aal1	\N	2026-05-21 02:13:35.172855	Mozilla/5.0 (Macintosh; Intel Mac OS X 10_15_7) AppleWebKit/537.36 (KHTML, like Gecko) Chrome/148.0.0.0 Safari/537.36	187.234.66.99	\N	\N	\N	\N	\N
021bd46e-8206-49d2-a61d-32d292c3d91f	95ea1c2f-8b5c-44fc-bec3-6dc81729485d	2025-11-27 03:53:53.314873+00	2025-11-28 16:23:14.432779+00	\N	aal1	\N	2025-11-28 16:23:14.432115	Mozilla/5.0 (Linux; Android 10; K) AppleWebKit/537.36 (KHTML, like Gecko) SamsungBrowser/29.0 Chrome/136.0.0.0 Mobile Safari/537.36	206.84.81.10	\N	\N	\N	\N	\N
a738bc44-b717-40ed-94f9-c3ac357ba9e8	4b077e8d-247a-4f1f-bbfb-40d96fee4c35	2026-01-03 00:02:37.950375+00	2026-02-02 14:31:55.960469+00	\N	aal1	\N	2026-02-02 14:31:55.960372	Mozilla/5.0 (Linux; Android 10; K) AppleWebKit/537.36 (KHTML, like Gecko) Chrome/144.0.0.0 Mobile Safari/537.36	190.7.137.242	\N	\N	\N	\N	\N
947394d9-d05f-4cb5-abad-f353d4708bc2	797358df-a1d3-4788-9984-d58a1735cbbf	2025-12-02 02:07:14.119845+00	2025-12-02 02:07:14.119845+00	\N	aal1	\N	\N	node	52.95.4.16	\N	\N	\N	\N	\N
e545070e-ebdb-4952-970e-4f685107230a	644d8b15-9a0e-43c3-bdb3-91cef5aecf31	2026-05-10 22:23:28.713813+00	2026-05-19 22:50:23.947375+00	\N	aal1	\N	2026-05-19 22:50:23.947257	Mozilla/5.0 (Windows NT 10.0; Win64; x64) AppleWebKit/537.36 (KHTML, like Gecko) Chrome/148.0.0.0 Safari/537.36	187.234.66.99	\N	\N	\N	\N	\N
708906b9-8e18-4c99-9e92-5a6975ce1f03	644d8b15-9a0e-43c3-bdb3-91cef5aecf31	2026-03-08 00:28:35.490755+00	2026-05-10 20:51:40.361798+00	\N	aal1	\N	2026-05-10 20:51:40.361672	Mozilla/5.0 (Windows NT 10.0; Win64; x64; rv:150.0) Gecko/20100101 Firefox/150.0	187.230.140.103	\N	\N	\N	\N	\N
\.


--
-- Data for Name: mfa_amr_claims; Type: TABLE DATA; Schema: auth; Owner: supabase_auth_admin
--

COPY "auth"."mfa_amr_claims" ("session_id", "created_at", "updated_at", "authentication_method", "id") FROM stdin;
671ff9f5-7733-4658-8fcb-375c97c16013	2025-11-25 04:07:46.528543+00	2025-11-25 04:07:46.528543+00	password	6c22d4ce-7b32-493a-8370-12cd3d1948d6
49051846-e219-4b94-a832-e98319d3e6cc	2025-11-25 04:07:56.36919+00	2025-11-25 04:07:56.36919+00	password	62f5a77e-0c2d-4641-9303-59d7dca94264
a738bc44-b717-40ed-94f9-c3ac357ba9e8	2026-01-03 00:02:38.04716+00	2026-01-03 00:02:38.04716+00	password	1d24dec9-45ce-469f-9776-00b081c29e78
021bd46e-8206-49d2-a61d-32d292c3d91f	2025-11-27 03:53:53.320897+00	2025-11-27 03:53:53.320897+00	password	2a2a7f1d-b3a6-465c-96b8-bee4a78daae7
1830d695-9e79-4ad5-a02a-de65b767ea75	2026-01-10 21:37:11.312058+00	2026-01-10 21:37:11.312058+00	password	a8477433-7f42-44c3-8732-e1bb85b50e3c
8e408e65-cf2e-4ac3-b857-e1231007189c	2026-01-10 21:37:21.468553+00	2026-01-10 21:37:21.468553+00	password	2edf5f10-d9e3-4564-9439-5da1924cd5bb
1fa802bf-3c4f-486a-bb70-35f140f67e01	2026-03-07 22:31:32.483179+00	2026-03-07 22:31:32.483179+00	password	d9ccaba8-d8e4-48fe-8635-e94ae07893fb
947394d9-d05f-4cb5-abad-f353d4708bc2	2025-12-02 02:07:14.122596+00	2025-12-02 02:07:14.122596+00	password	e9450163-03f1-4795-a9f0-e952c4a48127
708906b9-8e18-4c99-9e92-5a6975ce1f03	2026-03-08 00:28:35.550051+00	2026-03-08 00:28:35.550051+00	password	8aa62af6-3b04-408c-b5cb-29e82766c674
d7531276-cc29-4186-8df0-cb6eff41b48f	2026-03-09 18:10:43.395737+00	2026-03-09 18:10:43.395737+00	password	84eb1da9-cf27-4d95-9980-924fe04ee2d4
a23ee350-20cd-4f67-bb4b-ac55534d2e1a	2026-03-14 18:26:32.958366+00	2026-03-14 18:26:32.958366+00	password	1b4f9a10-4353-495d-b07e-b49c375e84bc
e545070e-ebdb-4952-970e-4f685107230a	2026-05-10 22:23:28.72992+00	2026-05-10 22:23:28.72992+00	password	a04842b1-e238-426e-9597-a626f78abc31
\.


--
-- Data for Name: mfa_factors; Type: TABLE DATA; Schema: auth; Owner: supabase_auth_admin
--

COPY "auth"."mfa_factors" ("id", "user_id", "friendly_name", "factor_type", "status", "created_at", "updated_at", "secret", "phone", "last_challenged_at", "web_authn_credential", "web_authn_aaguid", "last_webauthn_challenge_data") FROM stdin;
\.


--
-- Data for Name: mfa_challenges; Type: TABLE DATA; Schema: auth; Owner: supabase_auth_admin
--

COPY "auth"."mfa_challenges" ("id", "factor_id", "created_at", "verified_at", "ip_address", "otp_code", "web_authn_session_data") FROM stdin;
\.


--
-- Data for Name: oauth_authorizations; Type: TABLE DATA; Schema: auth; Owner: supabase_auth_admin
--

COPY "auth"."oauth_authorizations" ("id", "authorization_id", "client_id", "user_id", "redirect_uri", "scope", "state", "resource", "code_challenge", "code_challenge_method", "response_type", "status", "authorization_code", "created_at", "expires_at", "approved_at", "nonce") FROM stdin;
\.


--
-- Data for Name: oauth_client_states; Type: TABLE DATA; Schema: auth; Owner: supabase_auth_admin
--

COPY "auth"."oauth_client_states" ("id", "provider_type", "code_verifier", "created_at") FROM stdin;
\.


--
-- Data for Name: oauth_consents; Type: TABLE DATA; Schema: auth; Owner: supabase_auth_admin
--

COPY "auth"."oauth_consents" ("id", "user_id", "client_id", "scopes", "granted_at", "revoked_at") FROM stdin;
\.


--
-- Data for Name: one_time_tokens; Type: TABLE DATA; Schema: auth; Owner: supabase_auth_admin
--

COPY "auth"."one_time_tokens" ("id", "user_id", "token_type", "token_hash", "relates_to", "created_at", "updated_at") FROM stdin;
\.


--
-- Data for Name: refresh_tokens; Type: TABLE DATA; Schema: auth; Owner: supabase_auth_admin
--

COPY "auth"."refresh_tokens" ("instance_id", "id", "token", "user_id", "revoked", "created_at", "updated_at", "parent", "session_id") FROM stdin;
00000000-0000-0000-0000-000000000000	998	3utjh2nnxnxr	644d8b15-9a0e-43c3-bdb3-91cef5aecf31	t	2026-03-17 15:32:26.402878+00	2026-03-17 16:38:40.69019+00	tuii3xu7w7ce	d7531276-cc29-4186-8df0-cb6eff41b48f
00000000-0000-0000-0000-000000000000	502	pf6gw75bje5e	4b077e8d-247a-4f1f-bbfb-40d96fee4c35	t	2026-01-10 03:50:00.223247+00	2026-01-12 01:35:28.627977+00	ke7t5hmhabpo	49051846-e219-4b94-a832-e98319d3e6cc
00000000-0000-0000-0000-000000000000	55	z23dzg46hbe6	4b077e8d-247a-4f1f-bbfb-40d96fee4c35	t	2025-11-26 02:51:04.961841+00	2026-01-05 03:58:26.887165+00	4qwfyvilmgd2	49051846-e219-4b94-a832-e98319d3e6cc
00000000-0000-0000-0000-000000000000	934	kyuhzypgnx43	644d8b15-9a0e-43c3-bdb3-91cef5aecf31	t	2026-03-08 20:42:50.431104+00	2026-03-08 22:56:16.529678+00	yzjewzkb3icq	708906b9-8e18-4c99-9e92-5a6975ce1f03
00000000-0000-0000-0000-000000000000	999	476jr7qktjqm	644d8b15-9a0e-43c3-bdb3-91cef5aecf31	t	2026-03-17 16:38:40.716177+00	2026-03-17 18:06:15.690814+00	3utjh2nnxnxr	d7531276-cc29-4186-8df0-cb6eff41b48f
00000000-0000-0000-0000-000000000000	942	72gjegsdikcu	644d8b15-9a0e-43c3-bdb3-91cef5aecf31	t	2026-03-10 00:03:20.135327+00	2026-03-10 15:23:02.581437+00	3yqhflv4vgsc	708906b9-8e18-4c99-9e92-5a6975ce1f03
00000000-0000-0000-0000-000000000000	1090	rbskxxqeyb2m	644d8b15-9a0e-43c3-bdb3-91cef5aecf31	t	2026-04-06 17:36:36.951111+00	2026-04-06 18:36:59.241307+00	auaugpmpd5cq	d7531276-cc29-4186-8df0-cb6eff41b48f
00000000-0000-0000-0000-000000000000	950	sbtwzrkeb3w2	644d8b15-9a0e-43c3-bdb3-91cef5aecf31	t	2026-03-12 19:32:11.308854+00	2026-03-12 20:39:51.809459+00	ka6lb4mjgwdw	d7531276-cc29-4186-8df0-cb6eff41b48f
00000000-0000-0000-0000-000000000000	27	4qwfyvilmgd2	4b077e8d-247a-4f1f-bbfb-40d96fee4c35	t	2025-11-25 04:07:56.367911+00	2025-11-26 02:51:04.960144+00	\N	49051846-e219-4b94-a832-e98319d3e6cc
00000000-0000-0000-0000-000000000000	1007	omkjiqe643qf	644d8b15-9a0e-43c3-bdb3-91cef5aecf31	t	2026-03-18 06:08:20.41502+00	2026-03-18 09:08:00.114914+00	nt7qxxyvydz5	d7531276-cc29-4186-8df0-cb6eff41b48f
00000000-0000-0000-0000-000000000000	619	v4qas4yizec5	4b077e8d-247a-4f1f-bbfb-40d96fee4c35	t	2026-01-28 02:37:02.824843+00	2026-01-30 02:10:37.879884+00	3mlpx77cmkwg	49051846-e219-4b94-a832-e98319d3e6cc
00000000-0000-0000-0000-000000000000	958	sgf2wj7idlx2	644d8b15-9a0e-43c3-bdb3-91cef5aecf31	t	2026-03-13 09:22:16.424201+00	2026-03-13 11:07:52.513187+00	o4pawz5kyzf4	d7531276-cc29-4186-8df0-cb6eff41b48f
00000000-0000-0000-0000-000000000000	690	fivh4prnf4tz	4b077e8d-247a-4f1f-bbfb-40d96fee4c35	t	2026-02-04 00:09:50.252888+00	2026-03-02 02:29:07.182499+00	ubolzi5jqszu	49051846-e219-4b94-a832-e98319d3e6cc
00000000-0000-0000-0000-000000000000	584	nnbm5rqfmabk	4b077e8d-247a-4f1f-bbfb-40d96fee4c35	t	2026-01-23 01:48:57.758913+00	2026-01-23 04:54:51.234751+00	77spc62uhvdi	49051846-e219-4b94-a832-e98319d3e6cc
00000000-0000-0000-0000-000000000000	1290	gknhmmnhgqvg	644d8b15-9a0e-43c3-bdb3-91cef5aecf31	t	2026-04-30 19:38:44.524117+00	2026-05-06 15:47:28.098666+00	orrbmweftkca	a23ee350-20cd-4f67-bb4b-ac55534d2e1a
00000000-0000-0000-0000-000000000000	966	sbvu4lz7wxzt	644d8b15-9a0e-43c3-bdb3-91cef5aecf31	t	2026-03-14 15:16:29.484468+00	2026-03-14 21:31:40.453852+00	de7xtavxshbx	708906b9-8e18-4c99-9e92-5a6975ce1f03
00000000-0000-0000-0000-000000000000	491	rjjp76gqu74t	4b077e8d-247a-4f1f-bbfb-40d96fee4c35	t	2026-01-09 02:44:55.324029+00	2026-01-09 04:53:30.631549+00	luytmc6pwee3	49051846-e219-4b94-a832-e98319d3e6cc
00000000-0000-0000-0000-000000000000	1015	d2pmzcuz6prn	644d8b15-9a0e-43c3-bdb3-91cef5aecf31	t	2026-03-18 22:07:50.193749+00	2026-03-19 01:30:28.230439+00	ss3jwszznaxe	708906b9-8e18-4c99-9e92-5a6975ce1f03
00000000-0000-0000-0000-000000000000	974	24veuwg2gw5d	644d8b15-9a0e-43c3-bdb3-91cef5aecf31	t	2026-03-15 20:56:27.758034+00	2026-03-15 23:05:59.874868+00	gswbt7krvfmi	d7531276-cc29-4186-8df0-cb6eff41b48f
00000000-0000-0000-0000-000000000000	1098	e4l5f4kyzvge	644d8b15-9a0e-43c3-bdb3-91cef5aecf31	t	2026-04-07 19:43:13.713938+00	2026-04-07 21:11:19.441296+00	4oz5zjuldydb	d7531276-cc29-4186-8df0-cb6eff41b48f
00000000-0000-0000-0000-000000000000	507	yc5t3gwiof4f	6a228fc9-2baf-4978-843c-eb78c4c9ae08	f	2026-01-10 21:37:11.290611+00	2026-01-10 21:37:11.290611+00	\N	1830d695-9e79-4ad5-a02a-de65b767ea75
00000000-0000-0000-0000-000000000000	508	enzzhmfirbw7	6a228fc9-2baf-4978-843c-eb78c4c9ae08	f	2026-01-10 21:37:21.467275+00	2026-01-10 21:37:21.467275+00	\N	8e408e65-cf2e-4ac3-b857-e1231007189c
00000000-0000-0000-0000-000000000000	982	yqelamnvvnjs	644d8b15-9a0e-43c3-bdb3-91cef5aecf31	t	2026-03-16 16:06:57.834459+00	2026-03-16 17:29:35.149409+00	fx3gn3kgaqyr	d7531276-cc29-4186-8df0-cb6eff41b48f
00000000-0000-0000-0000-000000000000	1023	hd4gzhjzd4oy	644d8b15-9a0e-43c3-bdb3-91cef5aecf31	t	2026-03-20 03:59:01.163922+00	2026-03-20 07:10:27.547335+00	bnxodd2eabh5	d7531276-cc29-4186-8df0-cb6eff41b48f
00000000-0000-0000-0000-000000000000	990	rgmap4f6qsh6	644d8b15-9a0e-43c3-bdb3-91cef5aecf31	t	2026-03-16 22:12:56.699079+00	2026-03-16 23:29:01.488723+00	zhaw5przidtu	d7531276-cc29-4186-8df0-cb6eff41b48f
00000000-0000-0000-0000-000000000000	543	7pg5py5h4ftr	4b077e8d-247a-4f1f-bbfb-40d96fee4c35	t	2026-01-15 02:10:27.096091+00	2026-01-15 03:21:00.458166+00	4evln2oqmptt	49051846-e219-4b94-a832-e98319d3e6cc
00000000-0000-0000-0000-000000000000	644	rxuanttbd2lr	4b077e8d-247a-4f1f-bbfb-40d96fee4c35	t	2026-01-31 03:25:00.892086+00	2026-02-01 04:43:02.276076+00	e6ajhr2z64rz	49051846-e219-4b94-a832-e98319d3e6cc
00000000-0000-0000-0000-000000000000	1106	wn74rn34qidi	644d8b15-9a0e-43c3-bdb3-91cef5aecf31	t	2026-04-09 16:37:55.292975+00	2026-04-09 17:42:45.358123+00	qnaukaam6mvj	d7531276-cc29-4186-8df0-cb6eff41b48f
00000000-0000-0000-0000-000000000000	1031	f7jmlunaogdr	644d8b15-9a0e-43c3-bdb3-91cef5aecf31	t	2026-03-22 00:51:54.533936+00	2026-03-22 15:59:55.53227+00	rrcsmxpe7uuq	708906b9-8e18-4c99-9e92-5a6975ce1f03
00000000-0000-0000-0000-000000000000	26	e5dhhsu2aaiw	4b077e8d-247a-4f1f-bbfb-40d96fee4c35	f	2025-11-25 04:07:46.526502+00	2025-11-25 04:07:46.526502+00	\N	671ff9f5-7733-4658-8fcb-375c97c16013
00000000-0000-0000-0000-000000000000	1039	tceb2bw2a5ny	644d8b15-9a0e-43c3-bdb3-91cef5aecf31	t	2026-03-25 16:57:57.234409+00	2026-03-27 16:02:50.351287+00	xdrgux3bs5m6	d7531276-cc29-4186-8df0-cb6eff41b48f
00000000-0000-0000-0000-000000000000	1114	jjyjmjapd3it	644d8b15-9a0e-43c3-bdb3-91cef5aecf31	t	2026-04-10 21:03:00.020792+00	2026-04-10 23:56:15.61802+00	hepxsbegchmb	d7531276-cc29-4186-8df0-cb6eff41b48f
00000000-0000-0000-0000-000000000000	1047	d4ra7xs5aw7f	644d8b15-9a0e-43c3-bdb3-91cef5aecf31	t	2026-03-28 20:06:57.84117+00	2026-03-28 21:04:58.681489+00	wj3bncb4saq5	708906b9-8e18-4c99-9e92-5a6975ce1f03
00000000-0000-0000-0000-000000000000	659	zcg3yy3aelzy	4b077e8d-247a-4f1f-bbfb-40d96fee4c35	t	2026-02-02 01:52:24.438418+00	2026-02-02 02:58:32.588972+00	p5yw5jnyat2r	49051846-e219-4b94-a832-e98319d3e6cc
00000000-0000-0000-0000-000000000000	1055	rw4ms7kzctcs	644d8b15-9a0e-43c3-bdb3-91cef5aecf31	t	2026-03-30 20:13:47.707265+00	2026-03-31 01:17:03.557223+00	byryjdyhseab	708906b9-8e18-4c99-9e92-5a6975ce1f03
00000000-0000-0000-0000-000000000000	1122	qeevcxxbh3nm	644d8b15-9a0e-43c3-bdb3-91cef5aecf31	t	2026-04-11 12:24:20.968575+00	2026-04-11 13:49:10.171495+00	74i6yf4nx7fr	d7531276-cc29-4186-8df0-cb6eff41b48f
00000000-0000-0000-0000-000000000000	1063	zx6khhaxovdl	644d8b15-9a0e-43c3-bdb3-91cef5aecf31	t	2026-03-31 10:21:44.660113+00	2026-03-31 12:49:28.213992+00	it5xbukqspb6	d7531276-cc29-4186-8df0-cb6eff41b48f
00000000-0000-0000-0000-000000000000	1071	ed63kuhbafps	644d8b15-9a0e-43c3-bdb3-91cef5aecf31	t	2026-04-01 16:32:51.461935+00	2026-04-01 17:42:29.843327+00	tnejgl7r3sfh	d7531276-cc29-4186-8df0-cb6eff41b48f
00000000-0000-0000-0000-000000000000	1130	73dvqgza5ga2	644d8b15-9a0e-43c3-bdb3-91cef5aecf31	t	2026-04-12 14:53:53.521389+00	2026-04-12 16:44:33.917878+00	bkhizhsclzt5	d7531276-cc29-4186-8df0-cb6eff41b48f
00000000-0000-0000-0000-000000000000	1087	ttsxxd2bjn2o	644d8b15-9a0e-43c3-bdb3-91cef5aecf31	t	2026-04-06 01:44:35.251008+00	2026-04-06 04:06:11.280797+00	pmcy662mlhzc	708906b9-8e18-4c99-9e92-5a6975ce1f03
00000000-0000-0000-0000-000000000000	1079	4lg6iq72wmen	644d8b15-9a0e-43c3-bdb3-91cef5aecf31	t	2026-04-02 17:10:20.048759+00	2026-04-06 16:30:50.783942+00	x4xqmtypdw4y	d7531276-cc29-4186-8df0-cb6eff41b48f
00000000-0000-0000-0000-000000000000	66	uluenld22cbc	95ea1c2f-8b5c-44fc-bec3-6dc81729485d	t	2025-11-27 03:53:53.318888+00	2025-11-27 08:09:33.164539+00	\N	021bd46e-8206-49d2-a61d-32d292c3d91f
00000000-0000-0000-0000-000000000000	1138	mhdgt2meju6a	644d8b15-9a0e-43c3-bdb3-91cef5aecf31	t	2026-04-13 03:53:37.173826+00	2026-04-13 05:45:12.181801+00	upgftkphdei7	d7531276-cc29-4186-8df0-cb6eff41b48f
00000000-0000-0000-0000-000000000000	675	ubolzi5jqszu	4b077e8d-247a-4f1f-bbfb-40d96fee4c35	t	2026-02-03 00:25:05.987022+00	2026-02-04 00:09:50.238615+00	yeaku7r3efdo	49051846-e219-4b94-a832-e98319d3e6cc
00000000-0000-0000-0000-000000000000	1146	uiaxo35hnchf	644d8b15-9a0e-43c3-bdb3-91cef5aecf31	t	2026-04-13 16:59:22.317995+00	2026-04-13 18:19:43.334309+00	2dd55cbrhvnm	d7531276-cc29-4186-8df0-cb6eff41b48f
00000000-0000-0000-0000-000000000000	1154	z7myzosrorvx	644d8b15-9a0e-43c3-bdb3-91cef5aecf31	t	2026-04-14 07:28:56.01728+00	2026-04-14 09:03:52.15825+00	eeum4v2fqrbc	d7531276-cc29-4186-8df0-cb6eff41b48f
00000000-0000-0000-0000-000000000000	72	23fvh563hpgk	95ea1c2f-8b5c-44fc-bec3-6dc81729485d	t	2025-11-27 08:09:33.173083+00	2025-11-27 16:54:00.350343+00	uluenld22cbc	021bd46e-8206-49d2-a61d-32d292c3d91f
00000000-0000-0000-0000-000000000000	1162	rxni5xvb5vre	644d8b15-9a0e-43c3-bdb3-91cef5aecf31	t	2026-04-14 20:49:00.364877+00	2026-04-14 22:21:35.332823+00	hyevob24lxs7	d7531276-cc29-4186-8df0-cb6eff41b48f
00000000-0000-0000-0000-000000000000	75	wkrp72wsridu	95ea1c2f-8b5c-44fc-bec3-6dc81729485d	t	2025-11-27 16:54:00.358416+00	2025-11-27 22:20:40.561769+00	23fvh563hpgk	021bd46e-8206-49d2-a61d-32d292c3d91f
00000000-0000-0000-0000-000000000000	85	wmfcz5lkdywh	95ea1c2f-8b5c-44fc-bec3-6dc81729485d	t	2025-11-27 22:20:40.583596+00	2025-11-28 06:22:01.32026+00	wkrp72wsridu	021bd46e-8206-49d2-a61d-32d292c3d91f
00000000-0000-0000-0000-000000000000	92	x6wico3xiijp	95ea1c2f-8b5c-44fc-bec3-6dc81729485d	t	2025-11-28 06:22:01.347109+00	2025-11-28 16:23:14.379745+00	wmfcz5lkdywh	021bd46e-8206-49d2-a61d-32d292c3d91f
00000000-0000-0000-0000-000000000000	1204	a4dl55ndissj	644d8b15-9a0e-43c3-bdb3-91cef5aecf31	t	2026-04-19 11:17:39.949211+00	2026-04-19 13:13:23.336571+00	j2d6f2sqafkf	d7531276-cc29-4186-8df0-cb6eff41b48f
00000000-0000-0000-0000-000000000000	560	5uytainjasq3	4b077e8d-247a-4f1f-bbfb-40d96fee4c35	t	2026-01-18 04:12:31.81044+00	2026-01-19 05:10:59.209919+00	j2yxko4nhgw2	49051846-e219-4b94-a832-e98319d3e6cc
00000000-0000-0000-0000-000000000000	1000	marjlkcusbbl	644d8b15-9a0e-43c3-bdb3-91cef5aecf31	t	2026-03-17 18:06:15.709359+00	2026-03-17 20:49:29.300903+00	476jr7qktjqm	d7531276-cc29-4186-8df0-cb6eff41b48f
00000000-0000-0000-0000-000000000000	926	mnfo7tvj77sm	644d8b15-9a0e-43c3-bdb3-91cef5aecf31	t	2026-03-07 22:31:32.481188+00	2026-03-07 23:40:37.087381+00	\N	1fa802bf-3c4f-486a-bb70-35f140f67e01
00000000-0000-0000-0000-000000000000	1091	4h5vpws2iwt2	644d8b15-9a0e-43c3-bdb3-91cef5aecf31	t	2026-04-06 18:36:59.257979+00	2026-04-06 20:30:56.143568+00	rbskxxqeyb2m	d7531276-cc29-4186-8df0-cb6eff41b48f
00000000-0000-0000-0000-000000000000	518	f7s2mxzfwqki	4b077e8d-247a-4f1f-bbfb-40d96fee4c35	t	2026-01-12 01:35:28.645256+00	2026-01-13 02:30:41.79169+00	pf6gw75bje5e	49051846-e219-4b94-a832-e98319d3e6cc
00000000-0000-0000-0000-000000000000	935	adoofe3zh6qv	644d8b15-9a0e-43c3-bdb3-91cef5aecf31	t	2026-03-08 22:56:16.557471+00	2026-03-09 00:08:14.030784+00	kyuhzypgnx43	708906b9-8e18-4c99-9e92-5a6975ce1f03
00000000-0000-0000-0000-000000000000	97	gw3gci5qgyef	95ea1c2f-8b5c-44fc-bec3-6dc81729485d	f	2025-11-28 16:23:14.404702+00	2025-11-28 16:23:14.404702+00	x6wico3xiijp	021bd46e-8206-49d2-a61d-32d292c3d91f
00000000-0000-0000-0000-000000000000	1008	pwxx5doybeha	644d8b15-9a0e-43c3-bdb3-91cef5aecf31	t	2026-03-18 09:08:00.138625+00	2026-03-18 11:46:08.738538+00	omkjiqe643qf	d7531276-cc29-4186-8df0-cb6eff41b48f
00000000-0000-0000-0000-000000000000	943	ev2d5g63ccrb	644d8b15-9a0e-43c3-bdb3-91cef5aecf31	t	2026-03-10 15:23:02.614742+00	2026-03-11 16:14:59.222728+00	72gjegsdikcu	708906b9-8e18-4c99-9e92-5a6975ce1f03
00000000-0000-0000-0000-000000000000	1088	hwttae3oeb5n	644d8b15-9a0e-43c3-bdb3-91cef5aecf31	t	2026-04-06 04:06:11.301437+00	2026-04-07 02:02:27.664454+00	ttsxxd2bjn2o	708906b9-8e18-4c99-9e92-5a6975ce1f03
00000000-0000-0000-0000-000000000000	951	xo4b7jgmgrlz	644d8b15-9a0e-43c3-bdb3-91cef5aecf31	t	2026-03-12 20:39:51.84405+00	2026-03-12 21:48:41.207558+00	sbtwzrkeb3w2	d7531276-cc29-4186-8df0-cb6eff41b48f
00000000-0000-0000-0000-000000000000	1016	ykehi6c5hve4	644d8b15-9a0e-43c3-bdb3-91cef5aecf31	t	2026-03-19 01:09:19.344384+00	2026-03-19 16:16:13.152878+00	shbkm2vld6kn	d7531276-cc29-4186-8df0-cb6eff41b48f
00000000-0000-0000-0000-000000000000	585	5iblbcjkt6o7	4b077e8d-247a-4f1f-bbfb-40d96fee4c35	t	2026-01-23 04:54:51.263375+00	2026-01-24 23:09:19.596108+00	nnbm5rqfmabk	49051846-e219-4b94-a832-e98319d3e6cc
00000000-0000-0000-0000-000000000000	959	njcrx6pg2hx7	644d8b15-9a0e-43c3-bdb3-91cef5aecf31	t	2026-03-13 11:07:52.53816+00	2026-03-13 12:45:05.033984+00	sgf2wj7idlx2	d7531276-cc29-4186-8df0-cb6eff41b48f
00000000-0000-0000-0000-000000000000	1344	ucsrnjpqizf2	644d8b15-9a0e-43c3-bdb3-91cef5aecf31	t	2026-05-04 22:13:24.669253+00	2026-05-05 00:47:51.455367+00	tjaabk2a2lwy	d7531276-cc29-4186-8df0-cb6eff41b48f
00000000-0000-0000-0000-000000000000	967	6m235avdy3rk	644d8b15-9a0e-43c3-bdb3-91cef5aecf31	t	2026-03-14 18:26:32.936808+00	2026-03-14 21:51:44.825555+00	\N	a23ee350-20cd-4f67-bb4b-ac55534d2e1a
00000000-0000-0000-0000-000000000000	590	n53rygg2lauw	4b077e8d-247a-4f1f-bbfb-40d96fee4c35	t	2026-01-24 23:09:19.614773+00	2026-01-26 02:45:13.440112+00	5iblbcjkt6o7	49051846-e219-4b94-a832-e98319d3e6cc
00000000-0000-0000-0000-000000000000	1024	rrcsmxpe7uuq	644d8b15-9a0e-43c3-bdb3-91cef5aecf31	t	2026-03-20 04:02:22.611562+00	2026-03-22 00:51:54.51097+00	xdj553464orn	708906b9-8e18-4c99-9e92-5a6975ce1f03
00000000-0000-0000-0000-000000000000	975	iwzxnvyqxlwf	644d8b15-9a0e-43c3-bdb3-91cef5aecf31	t	2026-03-15 23:05:59.898843+00	2026-03-16 01:10:39.407317+00	24veuwg2gw5d	d7531276-cc29-4186-8df0-cb6eff41b48f
00000000-0000-0000-0000-000000000000	1099	ol43gycjrnhn	644d8b15-9a0e-43c3-bdb3-91cef5aecf31	t	2026-04-07 21:11:19.451828+00	2026-04-08 16:40:23.023609+00	e4l5f4kyzvge	d7531276-cc29-4186-8df0-cb6eff41b48f
00000000-0000-0000-0000-000000000000	492	ke7t5hmhabpo	4b077e8d-247a-4f1f-bbfb-40d96fee4c35	t	2026-01-09 04:53:30.654982+00	2026-01-10 03:50:00.213547+00	rjjp76gqu74t	49051846-e219-4b94-a832-e98319d3e6cc
00000000-0000-0000-0000-000000000000	983	qpox7jaypuii	644d8b15-9a0e-43c3-bdb3-91cef5aecf31	t	2026-03-16 16:13:25.649638+00	2026-03-16 17:54:53.920657+00	aa7vvn3ko47k	708906b9-8e18-4c99-9e92-5a6975ce1f03
00000000-0000-0000-0000-000000000000	125	ddy6vniccwuz	797358df-a1d3-4788-9984-d58a1735cbbf	f	2025-12-02 02:07:14.121347+00	2025-12-02 02:07:14.121347+00	\N	947394d9-d05f-4cb5-abad-f353d4708bc2
00000000-0000-0000-0000-000000000000	600	hy2par5gyolv	4b077e8d-247a-4f1f-bbfb-40d96fee4c35	t	2026-01-26 02:45:13.459556+00	2026-01-27 02:41:53.893562+00	n53rygg2lauw	49051846-e219-4b94-a832-e98319d3e6cc
00000000-0000-0000-0000-000000000000	1032	c4apdydnem2k	644d8b15-9a0e-43c3-bdb3-91cef5aecf31	t	2026-03-22 15:59:55.560525+00	2026-03-25 04:31:03.590416+00	f7jmlunaogdr	708906b9-8e18-4c99-9e92-5a6975ce1f03
00000000-0000-0000-0000-000000000000	991	4daxcp4gtyy2	644d8b15-9a0e-43c3-bdb3-91cef5aecf31	t	2026-03-16 23:29:01.508051+00	2026-03-17 01:30:37.413221+00	rgmap4f6qsh6	d7531276-cc29-4186-8df0-cb6eff41b48f
00000000-0000-0000-0000-000000000000	1205	33xhaeroqnlv	644d8b15-9a0e-43c3-bdb3-91cef5aecf31	t	2026-04-19 13:13:23.354787+00	2026-04-19 14:47:24.063999+00	a4dl55ndissj	d7531276-cc29-4186-8df0-cb6eff41b48f
00000000-0000-0000-0000-000000000000	1040	27vmzunntvhb	644d8b15-9a0e-43c3-bdb3-91cef5aecf31	t	2026-03-27 16:02:50.377145+00	2026-03-27 17:17:23.891778+00	tceb2bw2a5ny	d7531276-cc29-4186-8df0-cb6eff41b48f
00000000-0000-0000-0000-000000000000	1107	exgykdjrvm66	644d8b15-9a0e-43c3-bdb3-91cef5aecf31	t	2026-04-09 17:42:45.408751+00	2026-04-09 18:47:57.565145+00	wn74rn34qidi	d7531276-cc29-4186-8df0-cb6eff41b48f
00000000-0000-0000-0000-000000000000	1048	lvk2qvauefps	644d8b15-9a0e-43c3-bdb3-91cef5aecf31	t	2026-03-28 21:04:58.71235+00	2026-03-28 22:02:59.414659+00	d4ra7xs5aw7f	708906b9-8e18-4c99-9e92-5a6975ce1f03
00000000-0000-0000-0000-000000000000	1056	mnk2q4jddt6l	644d8b15-9a0e-43c3-bdb3-91cef5aecf31	t	2026-03-30 20:50:28.291036+00	2026-03-31 01:01:54.136083+00	q3xg3mvgxsoi	d7531276-cc29-4186-8df0-cb6eff41b48f
00000000-0000-0000-0000-000000000000	1115	qabz4zzqwq5h	644d8b15-9a0e-43c3-bdb3-91cef5aecf31	t	2026-04-10 23:56:15.640806+00	2026-04-11 01:19:05.92274+00	jjyjmjapd3it	d7531276-cc29-4186-8df0-cb6eff41b48f
00000000-0000-0000-0000-000000000000	1064	5uy2qjv5njrw	644d8b15-9a0e-43c3-bdb3-91cef5aecf31	t	2026-03-31 12:49:28.235234+00	2026-03-31 15:00:07.336643+00	zx6khhaxovdl	d7531276-cc29-4186-8df0-cb6eff41b48f
00000000-0000-0000-0000-000000000000	1213	vwzs7cnto5kq	644d8b15-9a0e-43c3-bdb3-91cef5aecf31	t	2026-04-20 01:14:41.417574+00	2026-04-20 03:39:45.889912+00	3nx6i7i32bxu	d7531276-cc29-4186-8df0-cb6eff41b48f
00000000-0000-0000-0000-000000000000	1072	nd2wjwdt7xse	644d8b15-9a0e-43c3-bdb3-91cef5aecf31	t	2026-04-01 17:42:29.878818+00	2026-04-01 19:31:10.356363+00	ed63kuhbafps	d7531276-cc29-4186-8df0-cb6eff41b48f
00000000-0000-0000-0000-000000000000	1123	57rjh3wz6u54	644d8b15-9a0e-43c3-bdb3-91cef5aecf31	t	2026-04-11 13:49:10.189118+00	2026-04-11 16:43:39.292747+00	qeevcxxbh3nm	d7531276-cc29-4186-8df0-cb6eff41b48f
00000000-0000-0000-0000-000000000000	1080	4uvfe6xjk3ti	644d8b15-9a0e-43c3-bdb3-91cef5aecf31	t	2026-04-03 00:55:49.750206+00	2026-04-03 18:04:49.686836+00	vq4nwgkha35w	708906b9-8e18-4c99-9e92-5a6975ce1f03
00000000-0000-0000-0000-000000000000	1220	xjitibadpwum	644d8b15-9a0e-43c3-bdb3-91cef5aecf31	t	2026-04-20 12:49:47.453199+00	2026-04-20 15:54:30.298885+00	4dkll6kckgqv	d7531276-cc29-4186-8df0-cb6eff41b48f
00000000-0000-0000-0000-000000000000	1131	vqi62yuorfsd	644d8b15-9a0e-43c3-bdb3-91cef5aecf31	t	2026-04-12 16:44:33.93189+00	2026-04-12 17:53:51.664913+00	73dvqgza5ga2	d7531276-cc29-4186-8df0-cb6eff41b48f
00000000-0000-0000-0000-000000000000	1227	6qdwaejfi5jg	644d8b15-9a0e-43c3-bdb3-91cef5aecf31	t	2026-04-21 01:42:15.093784+00	2026-04-22 05:21:09.911875+00	njizwxkzx3zn	708906b9-8e18-4c99-9e92-5a6975ce1f03
00000000-0000-0000-0000-000000000000	1147	dszivssmeg2b	644d8b15-9a0e-43c3-bdb3-91cef5aecf31	t	2026-04-13 18:19:43.360402+00	2026-04-13 20:07:16.238864+00	uiaxo35hnchf	d7531276-cc29-4186-8df0-cb6eff41b48f
00000000-0000-0000-0000-000000000000	1155	2xrvbruhbt2g	644d8b15-9a0e-43c3-bdb3-91cef5aecf31	t	2026-04-14 09:03:52.176631+00	2026-04-14 11:54:26.339715+00	z7myzosrorvx	d7531276-cc29-4186-8df0-cb6eff41b48f
00000000-0000-0000-0000-000000000000	1234	kg5qga53rx5d	644d8b15-9a0e-43c3-bdb3-91cef5aecf31	t	2026-04-22 22:36:33.029908+00	2026-04-22 23:36:27.21321+00	5tbpdhy6rewv	d7531276-cc29-4186-8df0-cb6eff41b48f
00000000-0000-0000-0000-000000000000	1139	jrgi2w6bo5lg	644d8b15-9a0e-43c3-bdb3-91cef5aecf31	t	2026-04-13 04:21:01.838746+00	2026-04-15 04:07:33.339527+00	so7qxtwntkeu	708906b9-8e18-4c99-9e92-5a6975ce1f03
00000000-0000-0000-0000-000000000000	1163	yvakefqsq6nn	644d8b15-9a0e-43c3-bdb3-91cef5aecf31	t	2026-04-14 22:21:35.355933+00	2026-04-15 16:59:04.91818+00	rxni5xvb5vre	d7531276-cc29-4186-8df0-cb6eff41b48f
00000000-0000-0000-0000-000000000000	1170	v34zaeggkzbk	644d8b15-9a0e-43c3-bdb3-91cef5aecf31	t	2026-04-15 21:38:15.523099+00	2026-04-15 23:01:44.34908+00	bh5fia6njmzx	d7531276-cc29-4186-8df0-cb6eff41b48f
00000000-0000-0000-0000-000000000000	1241	4bilifgcgvvm	644d8b15-9a0e-43c3-bdb3-91cef5aecf31	t	2026-04-24 03:41:32.093891+00	2026-04-25 05:55:50.394787+00	4qrtrwpwkwe2	708906b9-8e18-4c99-9e92-5a6975ce1f03
00000000-0000-0000-0000-000000000000	1177	xfgtvke2x6xc	644d8b15-9a0e-43c3-bdb3-91cef5aecf31	t	2026-04-16 08:17:19.226685+00	2026-04-16 12:05:57.041481+00	igeebznrb6qu	d7531276-cc29-4186-8df0-cb6eff41b48f
00000000-0000-0000-0000-000000000000	1184	yxi4fpmzq5jm	644d8b15-9a0e-43c3-bdb3-91cef5aecf31	t	2026-04-16 23:14:21.87488+00	2026-04-17 00:45:47.318845+00	vnvlld56ib24	a23ee350-20cd-4f67-bb4b-ac55534d2e1a
00000000-0000-0000-0000-000000000000	1191	nniz7pycdanm	644d8b15-9a0e-43c3-bdb3-91cef5aecf31	t	2026-04-17 23:03:48.412926+00	2026-04-18 05:12:31.775098+00	u6cd7kxij6q4	d7531276-cc29-4186-8df0-cb6eff41b48f
00000000-0000-0000-0000-000000000000	1198	vy7reslzgwle	644d8b15-9a0e-43c3-bdb3-91cef5aecf31	t	2026-04-18 20:31:59.46895+00	2026-04-18 21:34:23.83485+00	q5kg4g2ztirm	d7531276-cc29-4186-8df0-cb6eff41b48f
00000000-0000-0000-0000-000000000000	1089	auaugpmpd5cq	644d8b15-9a0e-43c3-bdb3-91cef5aecf31	t	2026-04-06 16:30:50.821461+00	2026-04-06 17:36:36.933819+00	4lg6iq72wmen	d7531276-cc29-4186-8df0-cb6eff41b48f
00000000-0000-0000-0000-000000000000	927	rgburv22dj2n	644d8b15-9a0e-43c3-bdb3-91cef5aecf31	t	2026-03-07 23:40:37.118545+00	2026-03-08 04:28:57.409567+00	mnfo7tvj77sm	1fa802bf-3c4f-486a-bb70-35f140f67e01
00000000-0000-0000-0000-000000000000	1001	gylh332yh6t2	644d8b15-9a0e-43c3-bdb3-91cef5aecf31	t	2026-03-17 20:49:29.325018+00	2026-03-17 23:00:05.675206+00	marjlkcusbbl	d7531276-cc29-4186-8df0-cb6eff41b48f
00000000-0000-0000-0000-000000000000	936	atrl25z3zjh3	644d8b15-9a0e-43c3-bdb3-91cef5aecf31	t	2026-03-09 00:08:14.045695+00	2026-03-09 05:57:10.693706+00	adoofe3zh6qv	708906b9-8e18-4c99-9e92-5a6975ce1f03
00000000-0000-0000-0000-000000000000	944	uyxtbknphls4	644d8b15-9a0e-43c3-bdb3-91cef5aecf31	t	2026-03-10 15:38:26.814272+00	2026-03-10 22:03:24.038041+00	aofox57yqbll	d7531276-cc29-4186-8df0-cb6eff41b48f
00000000-0000-0000-0000-000000000000	1009	2hwd5jlamm7z	644d8b15-9a0e-43c3-bdb3-91cef5aecf31	t	2026-03-18 11:46:08.756977+00	2026-03-18 14:50:05.350201+00	pwxx5doybeha	d7531276-cc29-4186-8df0-cb6eff41b48f
00000000-0000-0000-0000-000000000000	952	hhlswes7bi5r	644d8b15-9a0e-43c3-bdb3-91cef5aecf31	t	2026-03-12 21:48:41.232177+00	2026-03-13 01:47:29.765508+00	xo4b7jgmgrlz	d7531276-cc29-4186-8df0-cb6eff41b48f
00000000-0000-0000-0000-000000000000	1092	63yglndu76xz	644d8b15-9a0e-43c3-bdb3-91cef5aecf31	t	2026-04-06 20:30:56.159418+00	2026-04-06 21:37:11.125341+00	4h5vpws2iwt2	d7531276-cc29-4186-8df0-cb6eff41b48f
00000000-0000-0000-0000-000000000000	960	lfweaeqs6pm7	644d8b15-9a0e-43c3-bdb3-91cef5aecf31	t	2026-03-13 12:45:05.057315+00	2026-03-13 14:24:17.102614+00	njcrx6pg2hx7	d7531276-cc29-4186-8df0-cb6eff41b48f
00000000-0000-0000-0000-000000000000	1017	xdj553464orn	644d8b15-9a0e-43c3-bdb3-91cef5aecf31	t	2026-03-19 01:30:28.242525+00	2026-03-20 04:02:22.603797+00	d2pmzcuz6prn	708906b9-8e18-4c99-9e92-5a6975ce1f03
00000000-0000-0000-0000-000000000000	968	7gimc5r5dsng	644d8b15-9a0e-43c3-bdb3-91cef5aecf31	t	2026-03-14 21:31:40.474283+00	2026-03-15 04:08:31.016641+00	sbvu4lz7wxzt	708906b9-8e18-4c99-9e92-5a6975ce1f03
00000000-0000-0000-0000-000000000000	1206	nmpbpdwyj2al	644d8b15-9a0e-43c3-bdb3-91cef5aecf31	t	2026-04-19 14:47:24.090197+00	2026-04-19 18:09:39.965722+00	33xhaeroqnlv	d7531276-cc29-4186-8df0-cb6eff41b48f
00000000-0000-0000-0000-000000000000	976	6yvtv7kazxa2	644d8b15-9a0e-43c3-bdb3-91cef5aecf31	t	2026-03-16 01:10:39.425152+00	2026-03-16 03:40:45.74763+00	iwzxnvyqxlwf	d7531276-cc29-4186-8df0-cb6eff41b48f
00000000-0000-0000-0000-000000000000	1025	yrnktjif5xi6	644d8b15-9a0e-43c3-bdb3-91cef5aecf31	t	2026-03-20 07:10:27.573838+00	2026-03-20 11:26:03.281777+00	hd4gzhjzd4oy	d7531276-cc29-4186-8df0-cb6eff41b48f
00000000-0000-0000-0000-000000000000	984	ubhsjl6tc3nc	644d8b15-9a0e-43c3-bdb3-91cef5aecf31	t	2026-03-16 17:29:35.169749+00	2026-03-16 19:08:26.711442+00	yqelamnvvnjs	d7531276-cc29-4186-8df0-cb6eff41b48f
00000000-0000-0000-0000-000000000000	529	iiqjck22jril	4b077e8d-247a-4f1f-bbfb-40d96fee4c35	t	2026-01-13 02:30:41.809121+00	2026-01-14 02:42:05.477995+00	f7s2mxzfwqki	49051846-e219-4b94-a832-e98319d3e6cc
00000000-0000-0000-0000-000000000000	1100	7wbj7krwwvnm	644d8b15-9a0e-43c3-bdb3-91cef5aecf31	t	2026-04-08 04:11:50.628606+00	2026-04-09 01:30:02.645582+00	bfqsn2iypl6j	708906b9-8e18-4c99-9e92-5a6975ce1f03
00000000-0000-0000-0000-000000000000	992	y6eigrj72mig	644d8b15-9a0e-43c3-bdb3-91cef5aecf31	t	2026-03-17 01:30:37.432158+00	2026-03-17 03:32:39.125719+00	4daxcp4gtyy2	d7531276-cc29-4186-8df0-cb6eff41b48f
00000000-0000-0000-0000-000000000000	1033	vdebmvxgldiw	644d8b15-9a0e-43c3-bdb3-91cef5aecf31	t	2026-03-23 16:26:42.086419+00	2026-03-23 17:26:18.10409+00	5m6udg6jkj5g	d7531276-cc29-4186-8df0-cb6eff41b48f
00000000-0000-0000-0000-000000000000	1212	xobawpdcwoen	644d8b15-9a0e-43c3-bdb3-91cef5aecf31	t	2026-04-20 00:18:58.905181+00	2026-04-20 02:31:32.472355+00	vrlib3qabqsh	708906b9-8e18-4c99-9e92-5a6975ce1f03
00000000-0000-0000-0000-000000000000	1041	p7mpt7lpkmtu	644d8b15-9a0e-43c3-bdb3-91cef5aecf31	t	2026-03-27 17:17:23.926358+00	2026-03-27 20:35:07.575755+00	27vmzunntvhb	d7531276-cc29-4186-8df0-cb6eff41b48f
00000000-0000-0000-0000-000000000000	611	wektrrcnagrx	4b077e8d-247a-4f1f-bbfb-40d96fee4c35	t	2026-01-27 02:41:53.910063+00	2026-01-27 04:22:32.739418+00	hy2par5gyolv	49051846-e219-4b94-a832-e98319d3e6cc
00000000-0000-0000-0000-000000000000	1108	ovrdzlrptnws	644d8b15-9a0e-43c3-bdb3-91cef5aecf31	t	2026-04-09 18:47:57.592001+00	2026-04-09 21:10:19.658053+00	exgykdjrvm66	d7531276-cc29-4186-8df0-cb6eff41b48f
00000000-0000-0000-0000-000000000000	1049	tfqpy5w5ptk6	644d8b15-9a0e-43c3-bdb3-91cef5aecf31	t	2026-03-28 22:02:59.433228+00	2026-03-29 03:15:20.343651+00	lvk2qvauefps	708906b9-8e18-4c99-9e92-5a6975ce1f03
00000000-0000-0000-0000-000000000000	545	5yvsiqcwcogk	4b077e8d-247a-4f1f-bbfb-40d96fee4c35	t	2026-01-15 03:21:00.482012+00	2026-01-16 02:14:52.492512+00	7pg5py5h4ftr	49051846-e219-4b94-a832-e98319d3e6cc
00000000-0000-0000-0000-000000000000	1057	y6pmdwlponk4	644d8b15-9a0e-43c3-bdb3-91cef5aecf31	t	2026-03-31 01:01:54.164822+00	2026-03-31 02:36:05.891691+00	mnk2q4jddt6l	d7531276-cc29-4186-8df0-cb6eff41b48f
00000000-0000-0000-0000-000000000000	555	fpzbvfknvnpy	4b077e8d-247a-4f1f-bbfb-40d96fee4c35	t	2026-01-16 02:14:52.50752+00	2026-01-16 03:55:53.219353+00	5yvsiqcwcogk	49051846-e219-4b94-a832-e98319d3e6cc
00000000-0000-0000-0000-000000000000	1116	43e6heq6evhx	644d8b15-9a0e-43c3-bdb3-91cef5aecf31	t	2026-04-11 00:59:13.704471+00	2026-04-11 16:22:16.19772+00	qrbo7qm47lcz	708906b9-8e18-4c99-9e92-5a6975ce1f03
00000000-0000-0000-0000-000000000000	1065	mihrkelxa2ta	644d8b15-9a0e-43c3-bdb3-91cef5aecf31	t	2026-03-31 15:00:07.368173+00	2026-03-31 16:27:06.480676+00	5uy2qjv5njrw	d7531276-cc29-4186-8df0-cb6eff41b48f
00000000-0000-0000-0000-000000000000	630	7vg5myz7v4gs	4b077e8d-247a-4f1f-bbfb-40d96fee4c35	t	2026-01-29 01:12:26.575777+00	2026-02-02 14:31:55.940111+00	xid74zfaon65	a738bc44-b717-40ed-94f9-c3ac357ba9e8
00000000-0000-0000-0000-000000000000	1073	x4ve4f3m5gpe	644d8b15-9a0e-43c3-bdb3-91cef5aecf31	t	2026-04-01 19:31:10.380291+00	2026-04-01 21:48:19.042334+00	nd2wjwdt7xse	d7531276-cc29-4186-8df0-cb6eff41b48f
00000000-0000-0000-0000-000000000000	661	yeaku7r3efdo	4b077e8d-247a-4f1f-bbfb-40d96fee4c35	t	2026-02-02 02:58:32.599155+00	2026-02-03 00:25:05.968856+00	zcg3yy3aelzy	49051846-e219-4b94-a832-e98319d3e6cc
00000000-0000-0000-0000-000000000000	1124	wtlsvuucl2ti	644d8b15-9a0e-43c3-bdb3-91cef5aecf31	t	2026-04-11 16:22:16.221354+00	2026-04-12 17:37:26.076688+00	43e6heq6evhx	708906b9-8e18-4c99-9e92-5a6975ce1f03
00000000-0000-0000-0000-000000000000	1081	t3hl6fvd2rh6	644d8b15-9a0e-43c3-bdb3-91cef5aecf31	t	2026-04-03 18:04:49.708494+00	2026-04-03 20:34:38.080817+00	4uvfe6xjk3ti	708906b9-8e18-4c99-9e92-5a6975ce1f03
00000000-0000-0000-0000-000000000000	1221	7xf2sdaaj6ii	644d8b15-9a0e-43c3-bdb3-91cef5aecf31	t	2026-04-20 15:54:30.326424+00	2026-04-20 17:02:05.819037+00	xjitibadpwum	d7531276-cc29-4186-8df0-cb6eff41b48f
00000000-0000-0000-0000-000000000000	1214	njizwxkzx3zn	644d8b15-9a0e-43c3-bdb3-91cef5aecf31	t	2026-04-20 02:31:32.512272+00	2026-04-21 01:42:15.075769+00	xobawpdcwoen	708906b9-8e18-4c99-9e92-5a6975ce1f03
00000000-0000-0000-0000-000000000000	1132	6xzxcz73vd3p	644d8b15-9a0e-43c3-bdb3-91cef5aecf31	t	2026-04-12 17:37:26.092856+00	2026-04-12 22:33:31.747841+00	wtlsvuucl2ti	708906b9-8e18-4c99-9e92-5a6975ce1f03
00000000-0000-0000-0000-000000000000	1140	7yopc6l4qmnh	644d8b15-9a0e-43c3-bdb3-91cef5aecf31	t	2026-04-13 05:45:12.195088+00	2026-04-13 07:56:35.318461+00	mhdgt2meju6a	d7531276-cc29-4186-8df0-cb6eff41b48f
00000000-0000-0000-0000-000000000000	1228	ic4jniwf6ffs	644d8b15-9a0e-43c3-bdb3-91cef5aecf31	t	2026-04-21 17:01:44.523911+00	2026-04-21 18:39:35.211614+00	ndpedagtrs77	d7531276-cc29-4186-8df0-cb6eff41b48f
00000000-0000-0000-0000-000000000000	1148	cwvp7o4trbu7	644d8b15-9a0e-43c3-bdb3-91cef5aecf31	t	2026-04-13 20:07:16.262286+00	2026-04-13 21:37:01.876553+00	dszivssmeg2b	d7531276-cc29-4186-8df0-cb6eff41b48f
00000000-0000-0000-0000-000000000000	1185	wx5e73m2gp24	644d8b15-9a0e-43c3-bdb3-91cef5aecf31	t	2026-04-17 00:45:47.33807+00	2026-04-22 23:05:13.896825+00	yxi4fpmzq5jm	a23ee350-20cd-4f67-bb4b-ac55534d2e1a
00000000-0000-0000-0000-000000000000	1156	m64bfwu2jlfd	644d8b15-9a0e-43c3-bdb3-91cef5aecf31	t	2026-04-14 11:54:26.357968+00	2026-04-14 13:24:45.964363+00	2xrvbruhbt2g	d7531276-cc29-4186-8df0-cb6eff41b48f
00000000-0000-0000-0000-000000000000	1164	zh4yrpswfmux	644d8b15-9a0e-43c3-bdb3-91cef5aecf31	t	2026-04-14 23:13:00.716173+00	2026-04-15 17:10:51.449728+00	s264log75m4v	a23ee350-20cd-4f67-bb4b-ac55534d2e1a
00000000-0000-0000-0000-000000000000	1171	74vyv53jjjqj	644d8b15-9a0e-43c3-bdb3-91cef5aecf31	t	2026-04-15 23:01:44.375506+00	2026-04-16 00:30:16.468399+00	v34zaeggkzbk	d7531276-cc29-4186-8df0-cb6eff41b48f
00000000-0000-0000-0000-000000000000	1242	lb62sikbf5bt	644d8b15-9a0e-43c3-bdb3-91cef5aecf31	t	2026-04-24 16:07:54.699488+00	2026-04-24 18:06:50.205126+00	t4nl6xoys6b2	d7531276-cc29-4186-8df0-cb6eff41b48f
00000000-0000-0000-0000-000000000000	1178	k3eureguusb3	644d8b15-9a0e-43c3-bdb3-91cef5aecf31	t	2026-04-16 12:05:57.059176+00	2026-04-16 13:49:10.142437+00	xfgtvke2x6xc	d7531276-cc29-4186-8df0-cb6eff41b48f
00000000-0000-0000-0000-000000000000	1192	rtmxpzle2wzu	644d8b15-9a0e-43c3-bdb3-91cef5aecf31	t	2026-04-18 02:28:17.484369+00	2026-04-18 17:59:11.424752+00	biqmc5dik6ri	708906b9-8e18-4c99-9e92-5a6975ce1f03
00000000-0000-0000-0000-000000000000	1248	fdw33xkynjt5	644d8b15-9a0e-43c3-bdb3-91cef5aecf31	t	2026-04-25 05:55:50.423334+00	2026-04-25 17:43:22.058102+00	4bilifgcgvvm	708906b9-8e18-4c99-9e92-5a6975ce1f03
00000000-0000-0000-0000-000000000000	1199	xhiss5wolulw	644d8b15-9a0e-43c3-bdb3-91cef5aecf31	t	2026-04-18 21:34:23.868644+00	2026-04-19 00:54:10.638942+00	vy7reslzgwle	d7531276-cc29-4186-8df0-cb6eff41b48f
00000000-0000-0000-0000-000000000000	1254	b7reltxurtnx	644d8b15-9a0e-43c3-bdb3-91cef5aecf31	t	2026-04-26 16:15:50.017145+00	2026-04-26 19:39:41.78157+00	xfw5frca74u2	d7531276-cc29-4186-8df0-cb6eff41b48f
00000000-0000-0000-0000-000000000000	1235	d3wjhwmutp6k	644d8b15-9a0e-43c3-bdb3-91cef5aecf31	t	2026-04-22 23:05:13.919929+00	2026-04-28 03:57:44.676198+00	wx5e73m2gp24	a23ee350-20cd-4f67-bb4b-ac55534d2e1a
00000000-0000-0000-0000-000000000000	556	j2yxko4nhgw2	4b077e8d-247a-4f1f-bbfb-40d96fee4c35	t	2026-01-16 03:55:53.22892+00	2026-01-18 04:12:31.778883+00	fpzbvfknvnpy	49051846-e219-4b94-a832-e98319d3e6cc
00000000-0000-0000-0000-000000000000	459	izjrjwxej56j	4b077e8d-247a-4f1f-bbfb-40d96fee4c35	t	2026-01-07 03:46:11.199579+00	2026-01-07 04:47:53.931729+00	todinrsinsu7	49051846-e219-4b94-a832-e98319d3e6cc
00000000-0000-0000-0000-000000000000	985	botgopddvpkk	644d8b15-9a0e-43c3-bdb3-91cef5aecf31	t	2026-03-16 17:54:53.941021+00	2026-03-17 22:48:47.289434+00	qpox7jaypuii	708906b9-8e18-4c99-9e92-5a6975ce1f03
00000000-0000-0000-0000-000000000000	928	hzbuajyju5lb	644d8b15-9a0e-43c3-bdb3-91cef5aecf31	t	2026-03-08 00:28:35.516621+00	2026-03-08 04:28:58.122707+00	\N	708906b9-8e18-4c99-9e92-5a6975ce1f03
00000000-0000-0000-0000-000000000000	525	xid74zfaon65	4b077e8d-247a-4f1f-bbfb-40d96fee4c35	t	2026-01-12 20:58:24.754155+00	2026-01-29 01:12:26.563795+00	2okpj4fqnwka	a738bc44-b717-40ed-94f9-c3ac357ba9e8
00000000-0000-0000-0000-000000000000	937	3yqhflv4vgsc	644d8b15-9a0e-43c3-bdb3-91cef5aecf31	t	2026-03-09 05:57:10.723837+00	2026-03-10 00:03:20.122858+00	atrl25z3zjh3	708906b9-8e18-4c99-9e92-5a6975ce1f03
00000000-0000-0000-0000-000000000000	1093	ml2wvoobfblc	644d8b15-9a0e-43c3-bdb3-91cef5aecf31	t	2026-04-06 21:37:11.145353+00	2026-04-06 23:58:11.697795+00	63yglndu76xz	d7531276-cc29-4186-8df0-cb6eff41b48f
00000000-0000-0000-0000-000000000000	945	am7icttojyzx	644d8b15-9a0e-43c3-bdb3-91cef5aecf31	t	2026-03-10 22:03:24.057841+00	2026-03-11 19:50:21.4284+00	uyxtbknphls4	d7531276-cc29-4186-8df0-cb6eff41b48f
00000000-0000-0000-0000-000000000000	1010	epiliae2apvz	644d8b15-9a0e-43c3-bdb3-91cef5aecf31	t	2026-03-18 14:50:05.370459+00	2026-03-18 16:02:46.286662+00	2hwd5jlamm7z	d7531276-cc29-4186-8df0-cb6eff41b48f
00000000-0000-0000-0000-000000000000	1002	ss3jwszznaxe	644d8b15-9a0e-43c3-bdb3-91cef5aecf31	t	2026-03-17 22:48:47.319437+00	2026-03-18 22:07:50.176739+00	botgopddvpkk	708906b9-8e18-4c99-9e92-5a6975ce1f03
00000000-0000-0000-0000-000000000000	474	luytmc6pwee3	4b077e8d-247a-4f1f-bbfb-40d96fee4c35	t	2026-01-08 03:11:33.094253+00	2026-01-09 02:44:55.304224+00	st255m3y2twz	49051846-e219-4b94-a832-e98319d3e6cc
00000000-0000-0000-0000-000000000000	961	5bknc4pavfg7	644d8b15-9a0e-43c3-bdb3-91cef5aecf31	t	2026-03-13 14:24:17.114342+00	2026-03-13 15:30:37.563517+00	lfweaeqs6pm7	d7531276-cc29-4186-8df0-cb6eff41b48f
00000000-0000-0000-0000-000000000000	953	z6hk2zakdj3x	644d8b15-9a0e-43c3-bdb3-91cef5aecf31	t	2026-03-12 23:35:21.033469+00	2026-03-13 19:16:39.603911+00	lgbrsy47q27x	708906b9-8e18-4c99-9e92-5a6975ce1f03
00000000-0000-0000-0000-000000000000	1207	vrlib3qabqsh	644d8b15-9a0e-43c3-bdb3-91cef5aecf31	t	2026-04-19 18:01:31.075503+00	2026-04-20 00:18:58.881259+00	zgmlt4cd7cdp	708906b9-8e18-4c99-9e92-5a6975ce1f03
00000000-0000-0000-0000-000000000000	1018	nzx2dto4rguk	644d8b15-9a0e-43c3-bdb3-91cef5aecf31	t	2026-03-19 16:16:13.182104+00	2026-03-19 18:42:16.359947+00	ykehi6c5hve4	d7531276-cc29-4186-8df0-cb6eff41b48f
00000000-0000-0000-0000-000000000000	977	ijtswjemdfe7	644d8b15-9a0e-43c3-bdb3-91cef5aecf31	t	2026-03-16 03:40:45.762592+00	2026-03-16 06:59:44.715657+00	6yvtv7kazxa2	d7531276-cc29-4186-8df0-cb6eff41b48f
00000000-0000-0000-0000-000000000000	1101	bug3e5bgnf5u	644d8b15-9a0e-43c3-bdb3-91cef5aecf31	t	2026-04-08 16:40:23.053304+00	2026-04-08 17:38:55.087567+00	ol43gycjrnhn	d7531276-cc29-4186-8df0-cb6eff41b48f
00000000-0000-0000-0000-000000000000	969	tnwoqt55nzt3	644d8b15-9a0e-43c3-bdb3-91cef5aecf31	t	2026-03-14 21:51:44.844645+00	2026-03-16 19:40:44.25663+00	6m235avdy3rk	a23ee350-20cd-4f67-bb4b-ac55534d2e1a
00000000-0000-0000-0000-000000000000	535	4evln2oqmptt	4b077e8d-247a-4f1f-bbfb-40d96fee4c35	t	2026-01-14 02:42:05.491235+00	2026-01-15 02:10:27.066035+00	iiqjck22jril	49051846-e219-4b94-a832-e98319d3e6cc
00000000-0000-0000-0000-000000000000	636	e6ajhr2z64rz	4b077e8d-247a-4f1f-bbfb-40d96fee4c35	t	2026-01-30 02:10:37.898117+00	2026-01-31 03:25:00.873469+00	v4qas4yizec5	49051846-e219-4b94-a832-e98319d3e6cc
00000000-0000-0000-0000-000000000000	993	nbb3yz5colrc	644d8b15-9a0e-43c3-bdb3-91cef5aecf31	t	2026-03-17 03:32:39.141583+00	2026-03-17 05:48:06.265039+00	y6eigrj72mig	d7531276-cc29-4186-8df0-cb6eff41b48f
00000000-0000-0000-0000-000000000000	1026	ehztbe3wwixz	644d8b15-9a0e-43c3-bdb3-91cef5aecf31	t	2026-03-20 11:26:03.297865+00	2026-03-20 13:37:29.117728+00	yrnktjif5xi6	d7531276-cc29-4186-8df0-cb6eff41b48f
00000000-0000-0000-0000-000000000000	1109	px7wycjpvs4f	644d8b15-9a0e-43c3-bdb3-91cef5aecf31	t	2026-04-09 21:10:19.676638+00	2026-04-09 23:47:18.814026+00	ovrdzlrptnws	d7531276-cc29-4186-8df0-cb6eff41b48f
00000000-0000-0000-0000-000000000000	1034	nwc5yykjsm7n	644d8b15-9a0e-43c3-bdb3-91cef5aecf31	t	2026-03-23 17:26:18.133709+00	2026-03-24 15:58:23.149926+00	vdebmvxgldiw	d7531276-cc29-4186-8df0-cb6eff41b48f
00000000-0000-0000-0000-000000000000	1215	noev7bcxdnul	644d8b15-9a0e-43c3-bdb3-91cef5aecf31	t	2026-04-20 03:39:45.908084+00	2026-04-20 07:22:14.984765+00	vwzs7cnto5kq	d7531276-cc29-4186-8df0-cb6eff41b48f
00000000-0000-0000-0000-000000000000	1117	67osnkj3nipq	644d8b15-9a0e-43c3-bdb3-91cef5aecf31	t	2026-04-11 01:19:05.939214+00	2026-04-11 03:03:37.541786+00	qabz4zzqwq5h	d7531276-cc29-4186-8df0-cb6eff41b48f
00000000-0000-0000-0000-000000000000	1050	mn3ax3hdlzfz	644d8b15-9a0e-43c3-bdb3-91cef5aecf31	t	2026-03-29 03:15:20.368917+00	2026-03-29 19:21:19.268855+00	tfqpy5w5ptk6	708906b9-8e18-4c99-9e92-5a6975ce1f03
00000000-0000-0000-0000-000000000000	1042	wf5l6yme25wg	644d8b15-9a0e-43c3-bdb3-91cef5aecf31	t	2026-03-27 20:35:07.606383+00	2026-03-30 15:49:10.817097+00	p7mpt7lpkmtu	d7531276-cc29-4186-8df0-cb6eff41b48f
00000000-0000-0000-0000-000000000000	1125	awwxtyo6lj3f	644d8b15-9a0e-43c3-bdb3-91cef5aecf31	t	2026-04-11 16:43:39.312686+00	2026-04-11 18:43:57.75858+00	57rjh3wz6u54	d7531276-cc29-4186-8df0-cb6eff41b48f
00000000-0000-0000-0000-000000000000	1066	jnp5brsbuc5e	644d8b15-9a0e-43c3-bdb3-91cef5aecf31	t	2026-03-31 16:27:06.499483+00	2026-03-31 19:38:23.86044+00	mihrkelxa2ta	d7531276-cc29-4186-8df0-cb6eff41b48f
00000000-0000-0000-0000-000000000000	652	p5yw5jnyat2r	4b077e8d-247a-4f1f-bbfb-40d96fee4c35	t	2026-02-01 04:43:02.307566+00	2026-02-02 01:52:24.420223+00	rxuanttbd2lr	49051846-e219-4b94-a832-e98319d3e6cc
00000000-0000-0000-0000-000000000000	1058	jh3d5e42vp7l	644d8b15-9a0e-43c3-bdb3-91cef5aecf31	t	2026-03-31 01:17:03.574097+00	2026-04-01 00:28:07.527622+00	rw4ms7kzctcs	708906b9-8e18-4c99-9e92-5a6975ce1f03
00000000-0000-0000-0000-000000000000	1222	hbofk6pwn3w2	644d8b15-9a0e-43c3-bdb3-91cef5aecf31	t	2026-04-20 17:02:05.840069+00	2026-04-20 18:00:39.757202+00	7xf2sdaaj6ii	d7531276-cc29-4186-8df0-cb6eff41b48f
00000000-0000-0000-0000-000000000000	1074	trdczjh2ngbi	644d8b15-9a0e-43c3-bdb3-91cef5aecf31	t	2026-04-01 21:48:19.068507+00	2026-04-02 15:55:12.609885+00	x4ve4f3m5gpe	d7531276-cc29-4186-8df0-cb6eff41b48f
00000000-0000-0000-0000-000000000000	1133	n3nd44bk6ri5	644d8b15-9a0e-43c3-bdb3-91cef5aecf31	t	2026-04-12 17:53:51.686847+00	2026-04-12 19:40:37.294007+00	vqi62yuorfsd	d7531276-cc29-4186-8df0-cb6eff41b48f
00000000-0000-0000-0000-000000000000	1082	cybqywb47z7k	644d8b15-9a0e-43c3-bdb3-91cef5aecf31	t	2026-04-03 20:34:38.097999+00	2026-04-04 22:54:10.662419+00	t3hl6fvd2rh6	708906b9-8e18-4c99-9e92-5a6975ce1f03
00000000-0000-0000-0000-000000000000	1141	dk5yiwo2f2kj	644d8b15-9a0e-43c3-bdb3-91cef5aecf31	t	2026-04-13 07:56:35.331009+00	2026-04-13 09:04:07.127023+00	7yopc6l4qmnh	d7531276-cc29-4186-8df0-cb6eff41b48f
00000000-0000-0000-0000-000000000000	1229	atxuuwh6yaug	644d8b15-9a0e-43c3-bdb3-91cef5aecf31	t	2026-04-21 18:39:35.240454+00	2026-04-22 00:30:37.929567+00	ic4jniwf6ffs	d7531276-cc29-4186-8df0-cb6eff41b48f
00000000-0000-0000-0000-000000000000	1149	7cv2x2xfdtqu	644d8b15-9a0e-43c3-bdb3-91cef5aecf31	t	2026-04-13 21:37:01.904906+00	2026-04-13 23:03:31.683318+00	cwvp7o4trbu7	d7531276-cc29-4186-8df0-cb6eff41b48f
00000000-0000-0000-0000-000000000000	1157	zezdrrac2bwf	644d8b15-9a0e-43c3-bdb3-91cef5aecf31	t	2026-04-14 13:24:45.978377+00	2026-04-14 16:11:42.683391+00	m64bfwu2jlfd	d7531276-cc29-4186-8df0-cb6eff41b48f
00000000-0000-0000-0000-000000000000	1236	e64nrgkyo2qt	644d8b15-9a0e-43c3-bdb3-91cef5aecf31	t	2026-04-22 23:36:27.223507+00	2026-04-23 04:48:08.911223+00	kg5qga53rx5d	d7531276-cc29-4186-8df0-cb6eff41b48f
00000000-0000-0000-0000-000000000000	1165	a5d53mk3wb5c	644d8b15-9a0e-43c3-bdb3-91cef5aecf31	t	2026-04-15 04:07:33.369845+00	2026-04-16 00:51:53.100455+00	jrgi2w6bo5lg	708906b9-8e18-4c99-9e92-5a6975ce1f03
00000000-0000-0000-0000-000000000000	1172	4a5bdeap6r4p	644d8b15-9a0e-43c3-bdb3-91cef5aecf31	t	2026-04-16 00:30:16.494606+00	2026-04-16 03:27:13.374922+00	74vyv53jjjqj	d7531276-cc29-4186-8df0-cb6eff41b48f
00000000-0000-0000-0000-000000000000	1243	pukdifsnv34r	644d8b15-9a0e-43c3-bdb3-91cef5aecf31	t	2026-04-24 18:06:50.236976+00	2026-04-24 19:07:08.487879+00	lb62sikbf5bt	d7531276-cc29-4186-8df0-cb6eff41b48f
00000000-0000-0000-0000-000000000000	1179	pvwn2ngnoah6	644d8b15-9a0e-43c3-bdb3-91cef5aecf31	t	2026-04-16 13:49:10.161716+00	2026-04-16 15:50:30.723354+00	k3eureguusb3	d7531276-cc29-4186-8df0-cb6eff41b48f
00000000-0000-0000-0000-000000000000	1186	hgrdqqoxixcd	644d8b15-9a0e-43c3-bdb3-91cef5aecf31	t	2026-04-17 16:53:01.878165+00	2026-04-17 18:22:01.887082+00	zgvycujyv6ow	d7531276-cc29-4186-8df0-cb6eff41b48f
00000000-0000-0000-0000-000000000000	1249	fmoexmpwx6gq	644d8b15-9a0e-43c3-bdb3-91cef5aecf31	t	2026-04-25 17:43:22.083206+00	2026-04-25 18:42:11.388481+00	fdw33xkynjt5	708906b9-8e18-4c99-9e92-5a6975ce1f03
00000000-0000-0000-0000-000000000000	1193	6l7sueh3zk2p	644d8b15-9a0e-43c3-bdb3-91cef5aecf31	t	2026-04-18 05:12:31.795829+00	2026-04-18 10:06:55.247418+00	nniz7pycdanm	d7531276-cc29-4186-8df0-cb6eff41b48f
00000000-0000-0000-0000-000000000000	1200	hn6wwtf75ox3	644d8b15-9a0e-43c3-bdb3-91cef5aecf31	t	2026-04-19 00:54:10.662502+00	2026-04-19 01:54:04.989639+00	xhiss5wolulw	d7531276-cc29-4186-8df0-cb6eff41b48f
00000000-0000-0000-0000-000000000000	1255	kc7ocgsypdvr	644d8b15-9a0e-43c3-bdb3-91cef5aecf31	t	2026-04-26 19:39:41.804779+00	2026-04-26 22:12:31.259574+00	b7reltxurtnx	d7531276-cc29-4186-8df0-cb6eff41b48f
00000000-0000-0000-0000-000000000000	1260	tqnyg6fwqiy4	644d8b15-9a0e-43c3-bdb3-91cef5aecf31	t	2026-04-27 05:48:41.748246+00	2026-04-27 07:01:51.202278+00	bh75yrmyglfi	d7531276-cc29-4186-8df0-cb6eff41b48f
00000000-0000-0000-0000-000000000000	929	ilfv2dswy36r	644d8b15-9a0e-43c3-bdb3-91cef5aecf31	f	2026-03-08 04:28:57.434312+00	2026-03-08 04:28:57.434312+00	rgburv22dj2n	1fa802bf-3c4f-486a-bb70-35f140f67e01
00000000-0000-0000-0000-000000000000	429	todinrsinsu7	4b077e8d-247a-4f1f-bbfb-40d96fee4c35	t	2026-01-05 03:58:26.903576+00	2026-01-07 03:46:11.198158+00	z23dzg46hbe6	49051846-e219-4b94-a832-e98319d3e6cc
00000000-0000-0000-0000-000000000000	1345	2jmaamsuijfb	644d8b15-9a0e-43c3-bdb3-91cef5aecf31	t	2026-05-05 00:47:51.483393+00	2026-05-05 20:25:27.766918+00	ucsrnjpqizf2	d7531276-cc29-4186-8df0-cb6eff41b48f
00000000-0000-0000-0000-000000000000	440	2okpj4fqnwka	4b077e8d-247a-4f1f-bbfb-40d96fee4c35	t	2026-01-05 22:54:47.907152+00	2026-01-12 20:58:24.736888+00	6eo2vii4vflj	a738bc44-b717-40ed-94f9-c3ac357ba9e8
00000000-0000-0000-0000-000000000000	930	sy35k5ivtgi4	644d8b15-9a0e-43c3-bdb3-91cef5aecf31	t	2026-03-08 04:28:58.123831+00	2026-03-08 05:50:34.474092+00	hzbuajyju5lb	708906b9-8e18-4c99-9e92-5a6975ce1f03
00000000-0000-0000-0000-000000000000	1003	oolnrbupogt4	644d8b15-9a0e-43c3-bdb3-91cef5aecf31	t	2026-03-17 23:00:05.688051+00	2026-03-18 00:23:02.814633+00	gylh332yh6t2	d7531276-cc29-4186-8df0-cb6eff41b48f
00000000-0000-0000-0000-000000000000	938	o244uuv2wsfo	644d8b15-9a0e-43c3-bdb3-91cef5aecf31	t	2026-03-09 18:10:43.361451+00	2026-03-09 19:27:25.125918+00	\N	d7531276-cc29-4186-8df0-cb6eff41b48f
00000000-0000-0000-0000-000000000000	460	st255m3y2twz	4b077e8d-247a-4f1f-bbfb-40d96fee4c35	t	2026-01-07 04:47:53.954489+00	2026-01-08 03:11:33.079897+00	izjrjwxej56j	49051846-e219-4b94-a832-e98319d3e6cc
00000000-0000-0000-0000-000000000000	1094	gjdsjk7g3o55	644d8b15-9a0e-43c3-bdb3-91cef5aecf31	t	2026-04-06 23:58:11.730364+00	2026-04-07 16:34:17.168589+00	ml2wvoobfblc	d7531276-cc29-4186-8df0-cb6eff41b48f
00000000-0000-0000-0000-000000000000	946	lgbrsy47q27x	644d8b15-9a0e-43c3-bdb3-91cef5aecf31	t	2026-03-11 16:14:59.26079+00	2026-03-12 23:35:21.003167+00	ev2d5g63ccrb	708906b9-8e18-4c99-9e92-5a6975ce1f03
00000000-0000-0000-0000-000000000000	1011	kr276xmklguq	644d8b15-9a0e-43c3-bdb3-91cef5aecf31	t	2026-03-18 16:02:46.302861+00	2026-03-18 17:04:40.447008+00	epiliae2apvz	d7531276-cc29-4186-8df0-cb6eff41b48f
00000000-0000-0000-0000-000000000000	563	77spc62uhvdi	4b077e8d-247a-4f1f-bbfb-40d96fee4c35	t	2026-01-19 05:10:59.240218+00	2026-01-23 01:48:57.738269+00	5uytainjasq3	49051846-e219-4b94-a832-e98319d3e6cc
00000000-0000-0000-0000-000000000000	954	vuwj2zsso3a5	644d8b15-9a0e-43c3-bdb3-91cef5aecf31	t	2026-03-13 01:47:29.787193+00	2026-03-13 03:28:23.359024+00	hhlswes7bi5r	d7531276-cc29-4186-8df0-cb6eff41b48f
00000000-0000-0000-0000-000000000000	1208	g2oaq2bb7zrx	644d8b15-9a0e-43c3-bdb3-91cef5aecf31	t	2026-04-19 18:09:39.971807+00	2026-04-19 20:09:22.767133+00	nmpbpdwyj2al	d7531276-cc29-4186-8df0-cb6eff41b48f
00000000-0000-0000-0000-000000000000	962	vk4edyrtztfk	644d8b15-9a0e-43c3-bdb3-91cef5aecf31	t	2026-03-13 15:30:37.59113+00	2026-03-13 18:18:45.638341+00	5bknc4pavfg7	d7531276-cc29-4186-8df0-cb6eff41b48f
00000000-0000-0000-0000-000000000000	1019	7mzbxxdqit4z	644d8b15-9a0e-43c3-bdb3-91cef5aecf31	t	2026-03-19 18:42:16.382017+00	2026-03-19 21:20:27.554314+00	nzx2dto4rguk	d7531276-cc29-4186-8df0-cb6eff41b48f
00000000-0000-0000-0000-000000000000	970	pts5lvafi6ze	644d8b15-9a0e-43c3-bdb3-91cef5aecf31	t	2026-03-15 04:08:31.049431+00	2026-03-15 05:50:31.645553+00	7gimc5r5dsng	708906b9-8e18-4c99-9e92-5a6975ce1f03
00000000-0000-0000-0000-000000000000	1102	sv5jne6xz7b6	644d8b15-9a0e-43c3-bdb3-91cef5aecf31	t	2026-04-08 17:38:55.117517+00	2026-04-08 19:36:56.437461+00	bug3e5bgnf5u	d7531276-cc29-4186-8df0-cb6eff41b48f
00000000-0000-0000-0000-000000000000	978	yf32tvkzdn3z	644d8b15-9a0e-43c3-bdb3-91cef5aecf31	t	2026-03-16 06:59:44.746788+00	2026-03-16 09:41:06.391982+00	ijtswjemdfe7	d7531276-cc29-4186-8df0-cb6eff41b48f
00000000-0000-0000-0000-000000000000	1027	ovcyep2d6j7a	644d8b15-9a0e-43c3-bdb3-91cef5aecf31	t	2026-03-20 13:37:29.143744+00	2026-03-20 15:00:06.405413+00	ehztbe3wwixz	d7531276-cc29-4186-8df0-cb6eff41b48f
00000000-0000-0000-0000-000000000000	986	rhix5hej4vde	644d8b15-9a0e-43c3-bdb3-91cef5aecf31	t	2026-03-16 19:08:26.728244+00	2026-03-16 21:12:42.147557+00	ubhsjl6tc3nc	d7531276-cc29-4186-8df0-cb6eff41b48f
00000000-0000-0000-0000-000000000000	994	7f6l2kohgzzl	644d8b15-9a0e-43c3-bdb3-91cef5aecf31	t	2026-03-17 05:48:06.285827+00	2026-03-17 09:34:18.130731+00	nbb3yz5colrc	d7531276-cc29-4186-8df0-cb6eff41b48f
00000000-0000-0000-0000-000000000000	1035	jkjcn7sc3hgg	644d8b15-9a0e-43c3-bdb3-91cef5aecf31	t	2026-03-24 15:58:23.17864+00	2026-03-24 18:37:22.334828+00	nwc5yykjsm7n	d7531276-cc29-4186-8df0-cb6eff41b48f
00000000-0000-0000-0000-000000000000	1110	255auq4ziyba	644d8b15-9a0e-43c3-bdb3-91cef5aecf31	t	2026-04-09 23:47:18.843053+00	2026-04-10 18:00:07.45961+00	px7wycjpvs4f	d7531276-cc29-4186-8df0-cb6eff41b48f
00000000-0000-0000-0000-000000000000	613	3mlpx77cmkwg	4b077e8d-247a-4f1f-bbfb-40d96fee4c35	t	2026-01-27 04:22:32.760578+00	2026-01-28 02:37:02.818542+00	wektrrcnagrx	49051846-e219-4b94-a832-e98319d3e6cc
00000000-0000-0000-0000-000000000000	1043	2e57kq5xjhyw	644d8b15-9a0e-43c3-bdb3-91cef5aecf31	t	2026-03-27 22:36:11.180526+00	2026-03-28 03:44:10.117992+00	2zgdobs5iiia	708906b9-8e18-4c99-9e92-5a6975ce1f03
00000000-0000-0000-0000-000000000000	1216	em2pgbgh3fey	644d8b15-9a0e-43c3-bdb3-91cef5aecf31	t	2026-04-20 07:22:15.010073+00	2026-04-20 08:28:35.113365+00	noev7bcxdnul	d7531276-cc29-4186-8df0-cb6eff41b48f
00000000-0000-0000-0000-000000000000	1051	byryjdyhseab	644d8b15-9a0e-43c3-bdb3-91cef5aecf31	t	2026-03-29 19:21:19.294968+00	2026-03-30 20:13:47.690048+00	mn3ax3hdlzfz	708906b9-8e18-4c99-9e92-5a6975ce1f03
00000000-0000-0000-0000-000000000000	1118	nwybrrn57xrv	644d8b15-9a0e-43c3-bdb3-91cef5aecf31	t	2026-04-11 03:03:37.570977+00	2026-04-11 04:13:18.221809+00	67osnkj3nipq	d7531276-cc29-4186-8df0-cb6eff41b48f
00000000-0000-0000-0000-000000000000	1059	dks3fojt3sap	644d8b15-9a0e-43c3-bdb3-91cef5aecf31	t	2026-03-31 02:36:05.914655+00	2026-03-31 04:20:10.282848+00	y6pmdwlponk4	d7531276-cc29-4186-8df0-cb6eff41b48f
00000000-0000-0000-0000-000000000000	668	c2g3gptyfc5i	4b077e8d-247a-4f1f-bbfb-40d96fee4c35	f	2026-02-02 14:31:55.949758+00	2026-02-02 14:31:55.949758+00	7vg5myz7v4gs	a738bc44-b717-40ed-94f9-c3ac357ba9e8
00000000-0000-0000-0000-000000000000	428	6eo2vii4vflj	4b077e8d-247a-4f1f-bbfb-40d96fee4c35	t	2026-01-03 00:02:37.99354+00	2026-01-05 22:54:47.894279+00	\N	a738bc44-b717-40ed-94f9-c3ac357ba9e8
00000000-0000-0000-0000-000000000000	1067	2xoooex36mub	644d8b15-9a0e-43c3-bdb3-91cef5aecf31	t	2026-03-31 19:38:23.893927+00	2026-03-31 20:39:27.78279+00	jnp5brsbuc5e	d7531276-cc29-4186-8df0-cb6eff41b48f
00000000-0000-0000-0000-000000000000	1126	ky5tfuyi3grs	644d8b15-9a0e-43c3-bdb3-91cef5aecf31	t	2026-04-11 18:43:57.777813+00	2026-04-11 20:37:59.147759+00	awwxtyo6lj3f	d7531276-cc29-4186-8df0-cb6eff41b48f
00000000-0000-0000-0000-000000000000	1075	wshazk3ergcv	644d8b15-9a0e-43c3-bdb3-91cef5aecf31	t	2026-04-01 22:19:47.478364+00	2026-04-01 23:53:54.805463+00	cktsxrb3qvyk	708906b9-8e18-4c99-9e92-5a6975ce1f03
00000000-0000-0000-0000-000000000000	1223	xr7ghcoluud7	644d8b15-9a0e-43c3-bdb3-91cef5aecf31	t	2026-04-20 18:00:39.779897+00	2026-04-20 19:01:52.170206+00	hbofk6pwn3w2	d7531276-cc29-4186-8df0-cb6eff41b48f
00000000-0000-0000-0000-000000000000	1083	ey2e2w35hvpo	644d8b15-9a0e-43c3-bdb3-91cef5aecf31	t	2026-04-04 22:54:10.693863+00	2026-04-05 17:20:22.314567+00	cybqywb47z7k	708906b9-8e18-4c99-9e92-5a6975ce1f03
00000000-0000-0000-0000-000000000000	1134	ed5yuhi76vlk	644d8b15-9a0e-43c3-bdb3-91cef5aecf31	t	2026-04-12 19:40:37.312597+00	2026-04-12 21:18:24.108006+00	n3nd44bk6ri5	d7531276-cc29-4186-8df0-cb6eff41b48f
00000000-0000-0000-0000-000000000000	1142	yu42bkhet22k	644d8b15-9a0e-43c3-bdb3-91cef5aecf31	t	2026-04-13 09:04:07.152373+00	2026-04-13 11:11:20.773059+00	dk5yiwo2f2kj	d7531276-cc29-4186-8df0-cb6eff41b48f
00000000-0000-0000-0000-000000000000	1230	dgx6opssc5xg	644d8b15-9a0e-43c3-bdb3-91cef5aecf31	t	2026-04-22 00:30:37.943653+00	2026-04-22 16:46:10.715471+00	atxuuwh6yaug	d7531276-cc29-4186-8df0-cb6eff41b48f
00000000-0000-0000-0000-000000000000	1150	tpzplb2cvelv	644d8b15-9a0e-43c3-bdb3-91cef5aecf31	t	2026-04-13 23:03:31.693062+00	2026-04-14 00:51:01.098836+00	7cv2x2xfdtqu	d7531276-cc29-4186-8df0-cb6eff41b48f
00000000-0000-0000-0000-000000000000	1158	lxwcpirqxmxf	644d8b15-9a0e-43c3-bdb3-91cef5aecf31	t	2026-04-14 16:11:42.713073+00	2026-04-14 17:38:46.364941+00	zezdrrac2bwf	d7531276-cc29-4186-8df0-cb6eff41b48f
00000000-0000-0000-0000-000000000000	1237	airx6ok3i2py	644d8b15-9a0e-43c3-bdb3-91cef5aecf31	t	2026-04-23 04:48:08.944353+00	2026-04-23 17:58:36.63166+00	e64nrgkyo2qt	d7531276-cc29-4186-8df0-cb6eff41b48f
00000000-0000-0000-0000-000000000000	1166	y3f5qwwxm5tg	644d8b15-9a0e-43c3-bdb3-91cef5aecf31	t	2026-04-15 16:59:04.936793+00	2026-04-15 18:21:58.406808+00	yvakefqsq6nn	d7531276-cc29-4186-8df0-cb6eff41b48f
00000000-0000-0000-0000-000000000000	1244	m4vmtrvqcgyt	644d8b15-9a0e-43c3-bdb3-91cef5aecf31	t	2026-04-24 19:07:08.523036+00	2026-04-24 20:51:46.826452+00	pukdifsnv34r	d7531276-cc29-4186-8df0-cb6eff41b48f
00000000-0000-0000-0000-000000000000	1180	vqhyig5hjm2p	644d8b15-9a0e-43c3-bdb3-91cef5aecf31	t	2026-04-16 15:50:30.748206+00	2026-04-16 16:58:21.847801+00	pvwn2ngnoah6	d7531276-cc29-4186-8df0-cb6eff41b48f
00000000-0000-0000-0000-000000000000	1187	ta5lotowve6l	644d8b15-9a0e-43c3-bdb3-91cef5aecf31	t	2026-04-17 18:22:01.914358+00	2026-04-17 19:24:18.264639+00	hgrdqqoxixcd	d7531276-cc29-4186-8df0-cb6eff41b48f
00000000-0000-0000-0000-000000000000	1173	biqmc5dik6ri	644d8b15-9a0e-43c3-bdb3-91cef5aecf31	t	2026-04-16 00:51:53.125684+00	2026-04-18 02:28:17.464546+00	a5d53mk3wb5c	708906b9-8e18-4c99-9e92-5a6975ce1f03
00000000-0000-0000-0000-000000000000	1250	rcsdru6a3dqk	644d8b15-9a0e-43c3-bdb3-91cef5aecf31	t	2026-04-25 18:42:11.403154+00	2026-04-26 00:18:24.303052+00	fmoexmpwx6gq	708906b9-8e18-4c99-9e92-5a6975ce1f03
00000000-0000-0000-0000-000000000000	1194	iafznnrzjaui	644d8b15-9a0e-43c3-bdb3-91cef5aecf31	t	2026-04-18 10:06:55.270017+00	2026-04-18 16:57:51.02176+00	6l7sueh3zk2p	d7531276-cc29-4186-8df0-cb6eff41b48f
00000000-0000-0000-0000-000000000000	1201	nrdcwzgok5sh	644d8b15-9a0e-43c3-bdb3-91cef5aecf31	t	2026-04-19 01:54:05.013435+00	2026-04-19 10:11:18.226998+00	hn6wwtf75ox3	d7531276-cc29-4186-8df0-cb6eff41b48f
00000000-0000-0000-0000-000000000000	1256	pebsye3ghzw2	644d8b15-9a0e-43c3-bdb3-91cef5aecf31	t	2026-04-26 22:12:31.291252+00	2026-04-26 23:42:38.688505+00	kc7ocgsypdvr	d7531276-cc29-4186-8df0-cb6eff41b48f
00000000-0000-0000-0000-000000000000	1202	zgmlt4cd7cdp	644d8b15-9a0e-43c3-bdb3-91cef5aecf31	t	2026-04-19 03:52:18.430912+00	2026-04-19 18:01:31.050106+00	thltnklfkyx4	708906b9-8e18-4c99-9e92-5a6975ce1f03
00000000-0000-0000-0000-000000000000	931	n43tuipjmzdv	644d8b15-9a0e-43c3-bdb3-91cef5aecf31	t	2026-03-08 05:50:34.495834+00	2026-03-08 16:21:14.903497+00	sy35k5ivtgi4	708906b9-8e18-4c99-9e92-5a6975ce1f03
00000000-0000-0000-0000-000000000000	1004	6isow5gybsvc	644d8b15-9a0e-43c3-bdb3-91cef5aecf31	t	2026-03-18 00:23:02.834346+00	2026-03-18 01:37:19.008372+00	oolnrbupogt4	d7531276-cc29-4186-8df0-cb6eff41b48f
00000000-0000-0000-0000-000000000000	939	pjicuacukbty	644d8b15-9a0e-43c3-bdb3-91cef5aecf31	t	2026-03-09 19:27:25.154226+00	2026-03-09 21:15:05.247423+00	o244uuv2wsfo	d7531276-cc29-4186-8df0-cb6eff41b48f
00000000-0000-0000-0000-000000000000	1095	7azcceszcv54	644d8b15-9a0e-43c3-bdb3-91cef5aecf31	t	2026-04-07 02:02:27.693638+00	2026-04-07 03:09:56.680201+00	hwttae3oeb5n	708906b9-8e18-4c99-9e92-5a6975ce1f03
00000000-0000-0000-0000-000000000000	947	i32px5tiybkw	644d8b15-9a0e-43c3-bdb3-91cef5aecf31	t	2026-03-11 19:50:21.450753+00	2026-03-12 17:00:27.857787+00	am7icttojyzx	d7531276-cc29-4186-8df0-cb6eff41b48f
00000000-0000-0000-0000-000000000000	1012	cjrr4kxyqo3s	644d8b15-9a0e-43c3-bdb3-91cef5aecf31	t	2026-03-18 17:04:40.478149+00	2026-03-18 19:14:58.317897+00	kr276xmklguq	d7531276-cc29-4186-8df0-cb6eff41b48f
00000000-0000-0000-0000-000000000000	955	5q42xbrsreen	644d8b15-9a0e-43c3-bdb3-91cef5aecf31	t	2026-03-13 03:28:23.384197+00	2026-03-13 04:46:42.057751+00	vuwj2zsso3a5	d7531276-cc29-4186-8df0-cb6eff41b48f
00000000-0000-0000-0000-000000000000	963	63xh3pm7hwfx	644d8b15-9a0e-43c3-bdb3-91cef5aecf31	t	2026-03-13 18:18:45.659415+00	2026-03-13 22:07:35.442146+00	vk4edyrtztfk	d7531276-cc29-4186-8df0-cb6eff41b48f
00000000-0000-0000-0000-000000000000	1020	pjmyeohkgvf7	644d8b15-9a0e-43c3-bdb3-91cef5aecf31	t	2026-03-19 21:20:27.575664+00	2026-03-19 22:52:10.751041+00	7mzbxxdqit4z	d7531276-cc29-4186-8df0-cb6eff41b48f
00000000-0000-0000-0000-000000000000	971	2ocwekpeerrr	644d8b15-9a0e-43c3-bdb3-91cef5aecf31	t	2026-03-15 05:50:31.675324+00	2026-03-15 16:50:37.686736+00	pts5lvafi6ze	708906b9-8e18-4c99-9e92-5a6975ce1f03
00000000-0000-0000-0000-000000000000	1103	op3a4zkqb7y4	644d8b15-9a0e-43c3-bdb3-91cef5aecf31	t	2026-04-08 19:36:56.468566+00	2026-04-08 21:04:47.066746+00	sv5jne6xz7b6	d7531276-cc29-4186-8df0-cb6eff41b48f
00000000-0000-0000-0000-000000000000	979	b6rbpthqvhyb	644d8b15-9a0e-43c3-bdb3-91cef5aecf31	t	2026-03-16 09:41:06.412752+00	2026-03-16 13:03:42.705033+00	yf32tvkzdn3z	d7531276-cc29-4186-8df0-cb6eff41b48f
00000000-0000-0000-0000-000000000000	1028	2zcxyy2ncpdc	644d8b15-9a0e-43c3-bdb3-91cef5aecf31	t	2026-03-20 15:00:06.431939+00	2026-03-20 16:02:52.977599+00	ovcyep2d6j7a	d7531276-cc29-4186-8df0-cb6eff41b48f
00000000-0000-0000-0000-000000000000	987	dgrld6pldj5k	644d8b15-9a0e-43c3-bdb3-91cef5aecf31	t	2026-03-16 19:40:44.278665+00	2026-03-16 21:40:08.598903+00	tnwoqt55nzt3	a23ee350-20cd-4f67-bb4b-ac55534d2e1a
00000000-0000-0000-0000-000000000000	1209	i4gqku5guep7	644d8b15-9a0e-43c3-bdb3-91cef5aecf31	t	2026-04-19 20:09:22.78756+00	2026-04-19 22:22:26.563232+00	g2oaq2bb7zrx	d7531276-cc29-4186-8df0-cb6eff41b48f
00000000-0000-0000-0000-000000000000	995	ln43lg7vjy7e	644d8b15-9a0e-43c3-bdb3-91cef5aecf31	t	2026-03-17 09:34:18.156057+00	2026-03-17 11:08:08.912635+00	7f6l2kohgzzl	d7531276-cc29-4186-8df0-cb6eff41b48f
00000000-0000-0000-0000-000000000000	1036	xxithzrkgcjz	644d8b15-9a0e-43c3-bdb3-91cef5aecf31	t	2026-03-24 18:37:22.355295+00	2026-03-24 21:03:50.685699+00	jkjcn7sc3hgg	d7531276-cc29-4186-8df0-cb6eff41b48f
00000000-0000-0000-0000-000000000000	1111	qrbo7qm47lcz	644d8b15-9a0e-43c3-bdb3-91cef5aecf31	t	2026-04-10 04:34:24.541742+00	2026-04-11 00:59:13.679449+00	zt7ravmrp3c7	708906b9-8e18-4c99-9e92-5a6975ce1f03
00000000-0000-0000-0000-000000000000	1044	xanpu5jtk5fa	644d8b15-9a0e-43c3-bdb3-91cef5aecf31	t	2026-03-28 03:44:10.148915+00	2026-03-28 05:03:51.305002+00	2e57kq5xjhyw	708906b9-8e18-4c99-9e92-5a6975ce1f03
00000000-0000-0000-0000-000000000000	1052	nysydsj7oqqy	644d8b15-9a0e-43c3-bdb3-91cef5aecf31	t	2026-03-30 15:49:10.851359+00	2026-03-30 16:57:54.34014+00	wf5l6yme25wg	d7531276-cc29-4186-8df0-cb6eff41b48f
00000000-0000-0000-0000-000000000000	1119	w3yaq63vosuu	644d8b15-9a0e-43c3-bdb3-91cef5aecf31	t	2026-04-11 04:13:18.241338+00	2026-04-11 05:50:52.706117+00	nwybrrn57xrv	d7531276-cc29-4186-8df0-cb6eff41b48f
00000000-0000-0000-0000-000000000000	1060	egut6mrnv5ko	644d8b15-9a0e-43c3-bdb3-91cef5aecf31	t	2026-03-31 04:20:10.300789+00	2026-03-31 06:53:40.244339+00	dks3fojt3sap	d7531276-cc29-4186-8df0-cb6eff41b48f
00000000-0000-0000-0000-000000000000	1217	vxcs7m4oclqv	644d8b15-9a0e-43c3-bdb3-91cef5aecf31	t	2026-04-20 08:28:35.135393+00	2026-04-20 10:05:11.600405+00	em2pgbgh3fey	d7531276-cc29-4186-8df0-cb6eff41b48f
00000000-0000-0000-0000-000000000000	1068	tnejgl7r3sfh	644d8b15-9a0e-43c3-bdb3-91cef5aecf31	t	2026-03-31 20:39:27.801472+00	2026-04-01 16:32:51.446443+00	2xoooex36mub	d7531276-cc29-4186-8df0-cb6eff41b48f
00000000-0000-0000-0000-000000000000	1127	fvxmesiqnlmu	644d8b15-9a0e-43c3-bdb3-91cef5aecf31	t	2026-04-11 20:37:59.1771+00	2026-04-12 01:08:27.37694+00	ky5tfuyi3grs	d7531276-cc29-4186-8df0-cb6eff41b48f
00000000-0000-0000-0000-000000000000	1076	em77lt7xfb2r	644d8b15-9a0e-43c3-bdb3-91cef5aecf31	t	2026-04-01 23:53:54.820753+00	2026-04-02 04:12:08.529145+00	wshazk3ergcv	708906b9-8e18-4c99-9e92-5a6975ce1f03
00000000-0000-0000-0000-000000000000	1084	3njcviz5d6i4	644d8b15-9a0e-43c3-bdb3-91cef5aecf31	t	2026-04-05 17:20:22.347154+00	2026-04-06 00:38:22.226168+00	ey2e2w35hvpo	708906b9-8e18-4c99-9e92-5a6975ce1f03
00000000-0000-0000-0000-000000000000	1135	l4bqgp3jin5d	644d8b15-9a0e-43c3-bdb3-91cef5aecf31	t	2026-04-12 21:18:24.13465+00	2026-04-12 23:27:10.65953+00	ed5yuhi76vlk	d7531276-cc29-4186-8df0-cb6eff41b48f
00000000-0000-0000-0000-000000000000	1224	tnaz4cxrgdwv	644d8b15-9a0e-43c3-bdb3-91cef5aecf31	t	2026-04-20 19:01:52.185612+00	2026-04-20 22:06:07.351539+00	xr7ghcoluud7	d7531276-cc29-4186-8df0-cb6eff41b48f
00000000-0000-0000-0000-000000000000	1143	iikxwizpiaml	644d8b15-9a0e-43c3-bdb3-91cef5aecf31	t	2026-04-13 11:11:20.800596+00	2026-04-13 13:07:21.607854+00	yu42bkhet22k	d7531276-cc29-4186-8df0-cb6eff41b48f
00000000-0000-0000-0000-000000000000	1151	oxmogjhhryyu	644d8b15-9a0e-43c3-bdb3-91cef5aecf31	t	2026-04-14 00:51:01.112026+00	2026-04-14 03:08:00.304005+00	tpzplb2cvelv	d7531276-cc29-4186-8df0-cb6eff41b48f
00000000-0000-0000-0000-000000000000	1159	6e4m3lxbxxqm	644d8b15-9a0e-43c3-bdb3-91cef5aecf31	t	2026-04-14 17:38:46.392452+00	2026-04-14 19:14:16.837196+00	lxwcpirqxmxf	d7531276-cc29-4186-8df0-cb6eff41b48f
00000000-0000-0000-0000-000000000000	1238	53fuxp7ycik6	644d8b15-9a0e-43c3-bdb3-91cef5aecf31	t	2026-04-23 17:58:36.653612+00	2026-04-23 19:10:27.774714+00	airx6ok3i2py	d7531276-cc29-4186-8df0-cb6eff41b48f
00000000-0000-0000-0000-000000000000	1231	4qrtrwpwkwe2	644d8b15-9a0e-43c3-bdb3-91cef5aecf31	t	2026-04-22 05:21:09.941796+00	2026-04-24 03:41:32.065091+00	6qdwaejfi5jg	708906b9-8e18-4c99-9e92-5a6975ce1f03
00000000-0000-0000-0000-000000000000	1174	ty7r3o42p2wn	644d8b15-9a0e-43c3-bdb3-91cef5aecf31	t	2026-04-16 03:27:13.401895+00	2026-04-16 04:47:09.76086+00	4a5bdeap6r4p	d7531276-cc29-4186-8df0-cb6eff41b48f
00000000-0000-0000-0000-000000000000	1181	j2zmukmfuvwz	644d8b15-9a0e-43c3-bdb3-91cef5aecf31	t	2026-04-16 16:58:21.866357+00	2026-04-16 18:12:17.148762+00	vqhyig5hjm2p	d7531276-cc29-4186-8df0-cb6eff41b48f
00000000-0000-0000-0000-000000000000	1167	vnvlld56ib24	644d8b15-9a0e-43c3-bdb3-91cef5aecf31	t	2026-04-15 17:10:51.466029+00	2026-04-16 23:14:21.854711+00	zh4yrpswfmux	a23ee350-20cd-4f67-bb4b-ac55534d2e1a
00000000-0000-0000-0000-000000000000	1245	zok5cbs3kjms	644d8b15-9a0e-43c3-bdb3-91cef5aecf31	t	2026-04-24 20:51:46.849594+00	2026-04-24 21:50:32.648917+00	m4vmtrvqcgyt	d7531276-cc29-4186-8df0-cb6eff41b48f
00000000-0000-0000-0000-000000000000	1188	ldy4dxzwvd6s	644d8b15-9a0e-43c3-bdb3-91cef5aecf31	t	2026-04-17 19:24:18.300644+00	2026-04-17 20:46:48.974718+00	ta5lotowve6l	d7531276-cc29-4186-8df0-cb6eff41b48f
00000000-0000-0000-0000-000000000000	1195	q5kg4g2ztirm	644d8b15-9a0e-43c3-bdb3-91cef5aecf31	t	2026-04-18 16:57:51.054098+00	2026-04-18 20:31:59.465528+00	iafznnrzjaui	d7531276-cc29-4186-8df0-cb6eff41b48f
00000000-0000-0000-0000-000000000000	1251	mrxyak7u67yt	644d8b15-9a0e-43c3-bdb3-91cef5aecf31	t	2026-04-26 00:18:24.321762+00	2026-04-26 01:45:07.752799+00	rcsdru6a3dqk	708906b9-8e18-4c99-9e92-5a6975ce1f03
00000000-0000-0000-0000-000000000000	1257	gropthx3scks	644d8b15-9a0e-43c3-bdb3-91cef5aecf31	t	2026-04-26 23:42:38.702835+00	2026-04-27 02:16:17.887188+00	pebsye3ghzw2	d7531276-cc29-4186-8df0-cb6eff41b48f
00000000-0000-0000-0000-000000000000	1261	ge5i6mhcrdg3	644d8b15-9a0e-43c3-bdb3-91cef5aecf31	t	2026-04-27 07:01:51.221314+00	2026-04-27 10:15:09.801203+00	tqnyg6fwqiy4	d7531276-cc29-4186-8df0-cb6eff41b48f
00000000-0000-0000-0000-000000000000	1264	3gqezij7fyyq	644d8b15-9a0e-43c3-bdb3-91cef5aecf31	t	2026-04-27 13:49:05.166773+00	2026-04-27 15:05:05.572244+00	3b2hst33v5ir	d7531276-cc29-4186-8df0-cb6eff41b48f
00000000-0000-0000-0000-000000000000	1267	t5vlpukwhhlm	644d8b15-9a0e-43c3-bdb3-91cef5aecf31	t	2026-04-27 17:36:45.647827+00	2026-04-27 18:35:30.524587+00	bispc57hsocn	d7531276-cc29-4186-8df0-cb6eff41b48f
00000000-0000-0000-0000-000000000000	1270	3mju6rypypyp	644d8b15-9a0e-43c3-bdb3-91cef5aecf31	t	2026-04-27 21:30:39.88406+00	2026-04-27 23:42:16.540746+00	4kbvzbxynkvz	d7531276-cc29-4186-8df0-cb6eff41b48f
00000000-0000-0000-0000-000000000000	1276	llqza34kbiqr	644d8b15-9a0e-43c3-bdb3-91cef5aecf31	t	2026-04-28 18:22:00.592687+00	2026-04-28 19:46:28.461359+00	42dum6p2qgk6	d7531276-cc29-4186-8df0-cb6eff41b48f
00000000-0000-0000-0000-000000000000	1279	rgnd7bnxxxwc	644d8b15-9a0e-43c3-bdb3-91cef5aecf31	t	2026-04-29 01:00:54.58958+00	2026-04-29 04:35:49.306431+00	jfgbzkc4xft7	a23ee350-20cd-4f67-bb4b-ac55534d2e1a
00000000-0000-0000-0000-000000000000	1273	yyog2v6fdgub	644d8b15-9a0e-43c3-bdb3-91cef5aecf31	t	2026-04-28 03:14:33.854934+00	2026-04-30 03:44:18.178197+00	qtdrcjkogi5x	708906b9-8e18-4c99-9e92-5a6975ce1f03
00000000-0000-0000-0000-000000000000	1203	j2d6f2sqafkf	644d8b15-9a0e-43c3-bdb3-91cef5aecf31	t	2026-04-19 10:11:18.246753+00	2026-04-19 11:17:39.924718+00	nrdcwzgok5sh	d7531276-cc29-4186-8df0-cb6eff41b48f
00000000-0000-0000-0000-000000000000	932	f2pwq6nfvgio	644d8b15-9a0e-43c3-bdb3-91cef5aecf31	t	2026-03-08 16:21:14.929577+00	2026-03-08 19:26:29.879005+00	n43tuipjmzdv	708906b9-8e18-4c99-9e92-5a6975ce1f03
00000000-0000-0000-0000-000000000000	1005	st24cdgyjjwx	644d8b15-9a0e-43c3-bdb3-91cef5aecf31	t	2026-03-18 01:37:19.023841+00	2026-03-18 03:40:06.522505+00	6isow5gybsvc	d7531276-cc29-4186-8df0-cb6eff41b48f
00000000-0000-0000-0000-000000000000	940	esthy43n3dt5	644d8b15-9a0e-43c3-bdb3-91cef5aecf31	t	2026-03-09 21:15:05.260827+00	2026-03-09 23:00:05.989782+00	pjicuacukbty	d7531276-cc29-4186-8df0-cb6eff41b48f
00000000-0000-0000-0000-000000000000	1096	bfqsn2iypl6j	644d8b15-9a0e-43c3-bdb3-91cef5aecf31	t	2026-04-07 03:09:56.710247+00	2026-04-08 04:11:50.603239+00	7azcceszcv54	708906b9-8e18-4c99-9e92-5a6975ce1f03
00000000-0000-0000-0000-000000000000	948	w6v3atbdhaz2	644d8b15-9a0e-43c3-bdb3-91cef5aecf31	t	2026-03-12 17:00:27.882405+00	2026-03-12 18:03:06.397695+00	i32px5tiybkw	d7531276-cc29-4186-8df0-cb6eff41b48f
00000000-0000-0000-0000-000000000000	1013	uwmkm5dqnnah	644d8b15-9a0e-43c3-bdb3-91cef5aecf31	t	2026-03-18 19:14:58.333519+00	2026-03-18 21:02:06.92188+00	cjrr4kxyqo3s	d7531276-cc29-4186-8df0-cb6eff41b48f
00000000-0000-0000-0000-000000000000	956	egd4mhml37bn	644d8b15-9a0e-43c3-bdb3-91cef5aecf31	t	2026-03-13 04:46:42.0774+00	2026-03-13 08:15:44.281035+00	5q42xbrsreen	d7531276-cc29-4186-8df0-cb6eff41b48f
00000000-0000-0000-0000-000000000000	1347	h3soxgvlzpbl	644d8b15-9a0e-43c3-bdb3-91cef5aecf31	t	2026-05-05 20:25:27.795453+00	2026-05-05 22:17:08.296991+00	2jmaamsuijfb	d7531276-cc29-4186-8df0-cb6eff41b48f
00000000-0000-0000-0000-000000000000	964	de7xtavxshbx	644d8b15-9a0e-43c3-bdb3-91cef5aecf31	t	2026-03-13 19:16:39.611981+00	2026-03-14 15:16:29.451791+00	z6hk2zakdj3x	708906b9-8e18-4c99-9e92-5a6975ce1f03
00000000-0000-0000-0000-000000000000	1021	pk2y6b36io6z	644d8b15-9a0e-43c3-bdb3-91cef5aecf31	t	2026-03-19 22:52:10.779976+00	2026-03-20 00:12:52.901023+00	pjmyeohkgvf7	d7531276-cc29-4186-8df0-cb6eff41b48f
00000000-0000-0000-0000-000000000000	1104	qnaukaam6mvj	644d8b15-9a0e-43c3-bdb3-91cef5aecf31	t	2026-04-08 21:04:47.086625+00	2026-04-09 16:37:55.261177+00	op3a4zkqb7y4	d7531276-cc29-4186-8df0-cb6eff41b48f
00000000-0000-0000-0000-000000000000	980	a6pgvnlvue6y	644d8b15-9a0e-43c3-bdb3-91cef5aecf31	t	2026-03-16 13:03:42.72274+00	2026-03-16 14:23:34.920935+00	b6rbpthqvhyb	d7531276-cc29-4186-8df0-cb6eff41b48f
00000000-0000-0000-0000-000000000000	972	aa7vvn3ko47k	644d8b15-9a0e-43c3-bdb3-91cef5aecf31	t	2026-03-15 16:50:37.706307+00	2026-03-16 16:13:25.641097+00	2ocwekpeerrr	708906b9-8e18-4c99-9e92-5a6975ce1f03
00000000-0000-0000-0000-000000000000	1029	m5pai5ui7u4r	644d8b15-9a0e-43c3-bdb3-91cef5aecf31	t	2026-03-20 16:02:52.999663+00	2026-03-20 18:51:44.786258+00	2zcxyy2ncpdc	d7531276-cc29-4186-8df0-cb6eff41b48f
00000000-0000-0000-0000-000000000000	988	zhaw5przidtu	644d8b15-9a0e-43c3-bdb3-91cef5aecf31	t	2026-03-16 21:12:42.17555+00	2026-03-16 22:12:56.685017+00	rhix5hej4vde	d7531276-cc29-4186-8df0-cb6eff41b48f
00000000-0000-0000-0000-000000000000	1210	pl6mrlm7re5o	644d8b15-9a0e-43c3-bdb3-91cef5aecf31	t	2026-04-19 22:22:26.591622+00	2026-04-19 23:57:09.187256+00	i4gqku5guep7	d7531276-cc29-4186-8df0-cb6eff41b48f
00000000-0000-0000-0000-000000000000	996	fmntuxe55wwg	644d8b15-9a0e-43c3-bdb3-91cef5aecf31	t	2026-03-17 11:08:08.931487+00	2026-03-17 14:23:52.5562+00	ln43lg7vjy7e	d7531276-cc29-4186-8df0-cb6eff41b48f
00000000-0000-0000-0000-000000000000	1037	xdrgux3bs5m6	644d8b15-9a0e-43c3-bdb3-91cef5aecf31	t	2026-03-24 21:03:50.702446+00	2026-03-25 16:57:57.213108+00	xxithzrkgcjz	d7531276-cc29-4186-8df0-cb6eff41b48f
00000000-0000-0000-0000-000000000000	1112	qwtreykd5znd	644d8b15-9a0e-43c3-bdb3-91cef5aecf31	t	2026-04-10 18:00:07.49616+00	2026-04-10 19:32:09.752351+00	255auq4ziyba	d7531276-cc29-4186-8df0-cb6eff41b48f
00000000-0000-0000-0000-000000000000	1045	25yk33rlnhxa	644d8b15-9a0e-43c3-bdb3-91cef5aecf31	t	2026-03-28 05:03:51.322329+00	2026-03-28 18:48:11.326293+00	xanpu5jtk5fa	708906b9-8e18-4c99-9e92-5a6975ce1f03
00000000-0000-0000-0000-000000000000	1053	iqr2udwai6b6	644d8b15-9a0e-43c3-bdb3-91cef5aecf31	t	2026-03-30 16:57:54.368815+00	2026-03-30 18:07:11.499223+00	nysydsj7oqqy	d7531276-cc29-4186-8df0-cb6eff41b48f
00000000-0000-0000-0000-000000000000	1120	vw4vukc6isor	644d8b15-9a0e-43c3-bdb3-91cef5aecf31	t	2026-04-11 05:50:52.727553+00	2026-04-11 11:25:41.371288+00	w3yaq63vosuu	d7531276-cc29-4186-8df0-cb6eff41b48f
00000000-0000-0000-0000-000000000000	1061	frxb5au4byv4	644d8b15-9a0e-43c3-bdb3-91cef5aecf31	t	2026-03-31 06:53:40.27812+00	2026-03-31 09:03:13.082124+00	egut6mrnv5ko	d7531276-cc29-4186-8df0-cb6eff41b48f
00000000-0000-0000-0000-000000000000	1218	eowm4uxmpmyu	644d8b15-9a0e-43c3-bdb3-91cef5aecf31	t	2026-04-20 10:05:11.615298+00	2026-04-20 11:34:18.434675+00	vxcs7m4oclqv	d7531276-cc29-4186-8df0-cb6eff41b48f
00000000-0000-0000-0000-000000000000	1069	vphnpuw3vkzc	644d8b15-9a0e-43c3-bdb3-91cef5aecf31	t	2026-04-01 00:28:07.545672+00	2026-04-01 16:27:12.066988+00	jh3d5e42vp7l	708906b9-8e18-4c99-9e92-5a6975ce1f03
00000000-0000-0000-0000-000000000000	1128	533txatdbeuc	644d8b15-9a0e-43c3-bdb3-91cef5aecf31	t	2026-04-12 01:08:27.403737+00	2026-04-12 02:57:09.44515+00	fvxmesiqnlmu	d7531276-cc29-4186-8df0-cb6eff41b48f
00000000-0000-0000-0000-000000000000	1077	vq4nwgkha35w	644d8b15-9a0e-43c3-bdb3-91cef5aecf31	t	2026-04-02 04:12:08.543513+00	2026-04-03 00:55:49.718605+00	em77lt7xfb2r	708906b9-8e18-4c99-9e92-5a6975ce1f03
00000000-0000-0000-0000-000000000000	1225	phyujjq53npp	644d8b15-9a0e-43c3-bdb3-91cef5aecf31	t	2026-04-20 22:06:07.403268+00	2026-04-20 23:27:45.557321+00	tnaz4cxrgdwv	d7531276-cc29-4186-8df0-cb6eff41b48f
00000000-0000-0000-0000-000000000000	1136	so7qxtwntkeu	644d8b15-9a0e-43c3-bdb3-91cef5aecf31	t	2026-04-12 22:33:31.775199+00	2026-04-13 04:21:01.811646+00	6xzxcz73vd3p	708906b9-8e18-4c99-9e92-5a6975ce1f03
00000000-0000-0000-0000-000000000000	1144	zswyxpihkkt6	644d8b15-9a0e-43c3-bdb3-91cef5aecf31	t	2026-04-13 13:07:21.631619+00	2026-04-13 15:56:09.738937+00	iikxwizpiaml	d7531276-cc29-4186-8df0-cb6eff41b48f
00000000-0000-0000-0000-000000000000	1232	gt672izgy6gb	644d8b15-9a0e-43c3-bdb3-91cef5aecf31	t	2026-04-22 16:46:10.734998+00	2026-04-22 21:06:55.718985+00	dgx6opssc5xg	d7531276-cc29-4186-8df0-cb6eff41b48f
00000000-0000-0000-0000-000000000000	1152	qirtkcahusfv	644d8b15-9a0e-43c3-bdb3-91cef5aecf31	t	2026-04-14 03:08:00.339051+00	2026-04-14 04:46:33.873073+00	oxmogjhhryyu	d7531276-cc29-4186-8df0-cb6eff41b48f
00000000-0000-0000-0000-000000000000	1085	ootibq2co7m5	644d8b15-9a0e-43c3-bdb3-91cef5aecf31	t	2026-04-05 18:00:39.846113+00	2026-04-14 20:31:44.50427+00	vqj4og7w4bc6	a23ee350-20cd-4f67-bb4b-ac55534d2e1a
00000000-0000-0000-0000-000000000000	1160	hyevob24lxs7	644d8b15-9a0e-43c3-bdb3-91cef5aecf31	t	2026-04-14 19:14:16.879917+00	2026-04-14 20:49:00.335592+00	6e4m3lxbxxqm	d7531276-cc29-4186-8df0-cb6eff41b48f
00000000-0000-0000-0000-000000000000	1239	rb4yxbh27vbj	644d8b15-9a0e-43c3-bdb3-91cef5aecf31	t	2026-04-23 19:10:27.797845+00	2026-04-23 20:31:08.410657+00	53fuxp7ycik6	d7531276-cc29-4186-8df0-cb6eff41b48f
00000000-0000-0000-0000-000000000000	1168	vyslb7vqczmx	644d8b15-9a0e-43c3-bdb3-91cef5aecf31	t	2026-04-15 18:21:58.435967+00	2026-04-15 20:00:49.759894+00	y3f5qwwxm5tg	d7531276-cc29-4186-8df0-cb6eff41b48f
00000000-0000-0000-0000-000000000000	1175	quf3bb5gks6g	644d8b15-9a0e-43c3-bdb3-91cef5aecf31	t	2026-04-16 04:47:09.785791+00	2026-04-16 07:10:13.285905+00	ty7r3o42p2wn	d7531276-cc29-4186-8df0-cb6eff41b48f
00000000-0000-0000-0000-000000000000	1246	gfep53q35dkc	644d8b15-9a0e-43c3-bdb3-91cef5aecf31	t	2026-04-24 21:50:32.677161+00	2026-04-24 23:26:40.262711+00	zok5cbs3kjms	d7531276-cc29-4186-8df0-cb6eff41b48f
00000000-0000-0000-0000-000000000000	1182	y3mmy4tpktiy	644d8b15-9a0e-43c3-bdb3-91cef5aecf31	t	2026-04-16 18:12:17.163907+00	2026-04-16 21:44:15.34222+00	j2zmukmfuvwz	d7531276-cc29-4186-8df0-cb6eff41b48f
00000000-0000-0000-0000-000000000000	1189	7zds4c2zwdhe	644d8b15-9a0e-43c3-bdb3-91cef5aecf31	t	2026-04-17 20:46:48.995607+00	2026-04-17 21:48:25.625843+00	ldy4dxzwvd6s	d7531276-cc29-4186-8df0-cb6eff41b48f
00000000-0000-0000-0000-000000000000	1252	5tekkddkruoe	644d8b15-9a0e-43c3-bdb3-91cef5aecf31	t	2026-04-26 01:45:07.770368+00	2026-04-26 05:32:10.882353+00	mrxyak7u67yt	708906b9-8e18-4c99-9e92-5a6975ce1f03
00000000-0000-0000-0000-000000000000	1196	abqzvrqumw3h	644d8b15-9a0e-43c3-bdb3-91cef5aecf31	t	2026-04-18 17:59:11.444088+00	2026-04-18 20:30:16.502039+00	rtmxpzle2wzu	708906b9-8e18-4c99-9e92-5a6975ce1f03
00000000-0000-0000-0000-000000000000	1258	bh75yrmyglfi	644d8b15-9a0e-43c3-bdb3-91cef5aecf31	t	2026-04-27 02:16:17.909803+00	2026-04-27 05:48:41.727742+00	gropthx3scks	d7531276-cc29-4186-8df0-cb6eff41b48f
00000000-0000-0000-0000-000000000000	1262	f2b6plvevsic	644d8b15-9a0e-43c3-bdb3-91cef5aecf31	t	2026-04-27 10:15:09.826086+00	2026-04-27 11:32:51.841329+00	ge5i6mhcrdg3	d7531276-cc29-4186-8df0-cb6eff41b48f
00000000-0000-0000-0000-000000000000	1265	a4hzdbjhptlo	644d8b15-9a0e-43c3-bdb3-91cef5aecf31	t	2026-04-27 15:05:05.618759+00	2026-04-27 16:34:46.239383+00	3gqezij7fyyq	d7531276-cc29-4186-8df0-cb6eff41b48f
00000000-0000-0000-0000-000000000000	1268	wgnrftx4afx4	644d8b15-9a0e-43c3-bdb3-91cef5aecf31	t	2026-04-27 18:35:30.556184+00	2026-04-27 20:20:34.315408+00	t5vlpukwhhlm	d7531276-cc29-4186-8df0-cb6eff41b48f
00000000-0000-0000-0000-000000000000	1271	6tij7vk4inmr	644d8b15-9a0e-43c3-bdb3-91cef5aecf31	t	2026-04-27 23:42:16.575347+00	2026-04-28 02:43:10.117344+00	3mju6rypypyp	d7531276-cc29-4186-8df0-cb6eff41b48f
00000000-0000-0000-0000-000000000000	1277	gjma6vfdq3i6	644d8b15-9a0e-43c3-bdb3-91cef5aecf31	t	2026-04-28 19:46:28.493456+00	2026-04-28 22:23:44.852454+00	llqza34kbiqr	d7531276-cc29-4186-8df0-cb6eff41b48f
00000000-0000-0000-0000-000000000000	1274	jfgbzkc4xft7	644d8b15-9a0e-43c3-bdb3-91cef5aecf31	t	2026-04-28 03:57:44.699375+00	2026-04-29 01:00:54.565421+00	d3wjhwmutp6k	a23ee350-20cd-4f67-bb4b-ac55534d2e1a
00000000-0000-0000-0000-000000000000	1282	6esesgdumygk	644d8b15-9a0e-43c3-bdb3-91cef5aecf31	t	2026-04-29 19:10:22.588881+00	2026-04-29 21:27:57.08384+00	l7n2blgj7i6s	d7531276-cc29-4186-8df0-cb6eff41b48f
00000000-0000-0000-0000-000000000000	933	yzjewzkb3icq	644d8b15-9a0e-43c3-bdb3-91cef5aecf31	t	2026-03-08 19:26:29.897764+00	2026-03-08 20:42:50.417462+00	f2pwq6nfvgio	708906b9-8e18-4c99-9e92-5a6975ce1f03
00000000-0000-0000-0000-000000000000	1006	nt7qxxyvydz5	644d8b15-9a0e-43c3-bdb3-91cef5aecf31	t	2026-03-18 03:40:06.541516+00	2026-03-18 06:08:20.385305+00	st24cdgyjjwx	d7531276-cc29-4186-8df0-cb6eff41b48f
00000000-0000-0000-0000-000000000000	941	aofox57yqbll	644d8b15-9a0e-43c3-bdb3-91cef5aecf31	t	2026-03-09 23:00:06.006745+00	2026-03-10 15:38:26.801515+00	esthy43n3dt5	d7531276-cc29-4186-8df0-cb6eff41b48f
00000000-0000-0000-0000-000000000000	1097	4oz5zjuldydb	644d8b15-9a0e-43c3-bdb3-91cef5aecf31	t	2026-04-07 16:34:17.200947+00	2026-04-07 19:43:13.692371+00	gjdsjk7g3o55	d7531276-cc29-4186-8df0-cb6eff41b48f
00000000-0000-0000-0000-000000000000	949	ka6lb4mjgwdw	644d8b15-9a0e-43c3-bdb3-91cef5aecf31	t	2026-03-12 18:03:06.41785+00	2026-03-12 19:32:11.289053+00	w6v3atbdhaz2	d7531276-cc29-4186-8df0-cb6eff41b48f
00000000-0000-0000-0000-000000000000	886	2gfgeabhzagp	4b077e8d-247a-4f1f-bbfb-40d96fee4c35	f	2026-03-02 02:29:07.196186+00	2026-03-02 02:29:07.196186+00	fivh4prnf4tz	49051846-e219-4b94-a832-e98319d3e6cc
00000000-0000-0000-0000-000000000000	1014	shbkm2vld6kn	644d8b15-9a0e-43c3-bdb3-91cef5aecf31	t	2026-03-18 21:02:06.933507+00	2026-03-19 01:09:19.316532+00	uwmkm5dqnnah	d7531276-cc29-4186-8df0-cb6eff41b48f
00000000-0000-0000-0000-000000000000	957	o4pawz5kyzf4	644d8b15-9a0e-43c3-bdb3-91cef5aecf31	t	2026-03-13 08:15:44.313808+00	2026-03-13 09:22:16.40478+00	egd4mhml37bn	d7531276-cc29-4186-8df0-cb6eff41b48f
00000000-0000-0000-0000-000000000000	1211	3nx6i7i32bxu	644d8b15-9a0e-43c3-bdb3-91cef5aecf31	t	2026-04-19 23:57:09.215559+00	2026-04-20 01:14:41.397144+00	pl6mrlm7re5o	d7531276-cc29-4186-8df0-cb6eff41b48f
00000000-0000-0000-0000-000000000000	965	gujl4ycnqhhv	644d8b15-9a0e-43c3-bdb3-91cef5aecf31	t	2026-03-13 22:07:35.468622+00	2026-03-15 19:21:59.842787+00	63xh3pm7hwfx	d7531276-cc29-4186-8df0-cb6eff41b48f
00000000-0000-0000-0000-000000000000	1022	bnxodd2eabh5	644d8b15-9a0e-43c3-bdb3-91cef5aecf31	t	2026-03-20 00:12:52.918277+00	2026-03-20 03:59:01.13249+00	pk2y6b36io6z	d7531276-cc29-4186-8df0-cb6eff41b48f
00000000-0000-0000-0000-000000000000	973	gswbt7krvfmi	644d8b15-9a0e-43c3-bdb3-91cef5aecf31	t	2026-03-15 19:21:59.864416+00	2026-03-15 20:56:27.739448+00	gujl4ycnqhhv	d7531276-cc29-4186-8df0-cb6eff41b48f
00000000-0000-0000-0000-000000000000	1105	zt7ravmrp3c7	644d8b15-9a0e-43c3-bdb3-91cef5aecf31	t	2026-04-09 01:30:02.665269+00	2026-04-10 04:34:24.512982+00	7wbj7krwwvnm	708906b9-8e18-4c99-9e92-5a6975ce1f03
00000000-0000-0000-0000-000000000000	981	fx3gn3kgaqyr	644d8b15-9a0e-43c3-bdb3-91cef5aecf31	t	2026-03-16 14:23:34.936334+00	2026-03-16 16:06:57.809371+00	a6pgvnlvue6y	d7531276-cc29-4186-8df0-cb6eff41b48f
00000000-0000-0000-0000-000000000000	1030	5m6udg6jkj5g	644d8b15-9a0e-43c3-bdb3-91cef5aecf31	t	2026-03-20 18:51:44.80643+00	2026-03-23 16:26:42.055428+00	m5pai5ui7u4r	d7531276-cc29-4186-8df0-cb6eff41b48f
00000000-0000-0000-0000-000000000000	997	tuii3xu7w7ce	644d8b15-9a0e-43c3-bdb3-91cef5aecf31	t	2026-03-17 14:23:52.565542+00	2026-03-17 15:32:26.373212+00	fmntuxe55wwg	d7531276-cc29-4186-8df0-cb6eff41b48f
00000000-0000-0000-0000-000000000000	1113	hepxsbegchmb	644d8b15-9a0e-43c3-bdb3-91cef5aecf31	t	2026-04-10 19:32:09.773151+00	2026-04-10 21:02:59.992972+00	qwtreykd5znd	d7531276-cc29-4186-8df0-cb6eff41b48f
00000000-0000-0000-0000-000000000000	1038	2zgdobs5iiia	644d8b15-9a0e-43c3-bdb3-91cef5aecf31	t	2026-03-25 04:31:03.618885+00	2026-03-27 22:36:11.17434+00	c4apdydnem2k	708906b9-8e18-4c99-9e92-5a6975ce1f03
00000000-0000-0000-0000-000000000000	1219	4dkll6kckgqv	644d8b15-9a0e-43c3-bdb3-91cef5aecf31	t	2026-04-20 11:34:18.445089+00	2026-04-20 12:49:47.429885+00	eowm4uxmpmyu	d7531276-cc29-4186-8df0-cb6eff41b48f
00000000-0000-0000-0000-000000000000	1046	wj3bncb4saq5	644d8b15-9a0e-43c3-bdb3-91cef5aecf31	t	2026-03-28 18:48:11.355238+00	2026-03-28 20:06:57.825237+00	25yk33rlnhxa	708906b9-8e18-4c99-9e92-5a6975ce1f03
00000000-0000-0000-0000-000000000000	1121	74i6yf4nx7fr	644d8b15-9a0e-43c3-bdb3-91cef5aecf31	t	2026-04-11 11:25:41.406764+00	2026-04-11 12:24:20.944706+00	vw4vukc6isor	d7531276-cc29-4186-8df0-cb6eff41b48f
00000000-0000-0000-0000-000000000000	1054	q3xg3mvgxsoi	644d8b15-9a0e-43c3-bdb3-91cef5aecf31	t	2026-03-30 18:07:11.523708+00	2026-03-30 20:50:28.269858+00	iqr2udwai6b6	d7531276-cc29-4186-8df0-cb6eff41b48f
00000000-0000-0000-0000-000000000000	1350	5io3sd4y6d2g	644d8b15-9a0e-43c3-bdb3-91cef5aecf31	t	2026-05-06 15:47:28.12731+00	2026-05-08 15:16:53.577255+00	gknhmmnhgqvg	a23ee350-20cd-4f67-bb4b-ac55534d2e1a
00000000-0000-0000-0000-000000000000	1062	it5xbukqspb6	644d8b15-9a0e-43c3-bdb3-91cef5aecf31	t	2026-03-31 09:03:13.106634+00	2026-03-31 10:21:44.629704+00	frxb5au4byv4	d7531276-cc29-4186-8df0-cb6eff41b48f
00000000-0000-0000-0000-000000000000	1129	bkhizhsclzt5	644d8b15-9a0e-43c3-bdb3-91cef5aecf31	t	2026-04-12 02:57:09.460406+00	2026-04-12 14:53:53.498366+00	533txatdbeuc	d7531276-cc29-4186-8df0-cb6eff41b48f
00000000-0000-0000-0000-000000000000	1070	cktsxrb3qvyk	644d8b15-9a0e-43c3-bdb3-91cef5aecf31	t	2026-04-01 16:27:12.086493+00	2026-04-01 22:19:47.459403+00	vphnpuw3vkzc	708906b9-8e18-4c99-9e92-5a6975ce1f03
00000000-0000-0000-0000-000000000000	1226	ndpedagtrs77	644d8b15-9a0e-43c3-bdb3-91cef5aecf31	t	2026-04-20 23:27:45.578516+00	2026-04-21 17:01:44.491366+00	phyujjq53npp	d7531276-cc29-4186-8df0-cb6eff41b48f
00000000-0000-0000-0000-000000000000	1078	x4xqmtypdw4y	644d8b15-9a0e-43c3-bdb3-91cef5aecf31	t	2026-04-02 15:55:12.632865+00	2026-04-02 17:10:20.028264+00	trdczjh2ngbi	d7531276-cc29-4186-8df0-cb6eff41b48f
00000000-0000-0000-0000-000000000000	989	vqj4og7w4bc6	644d8b15-9a0e-43c3-bdb3-91cef5aecf31	t	2026-03-16 21:40:08.63026+00	2026-04-05 18:00:39.825227+00	dgrld6pldj5k	a23ee350-20cd-4f67-bb4b-ac55534d2e1a
00000000-0000-0000-0000-000000000000	1137	upgftkphdei7	644d8b15-9a0e-43c3-bdb3-91cef5aecf31	t	2026-04-12 23:27:10.681986+00	2026-04-13 03:53:37.139248+00	l4bqgp3jin5d	d7531276-cc29-4186-8df0-cb6eff41b48f
00000000-0000-0000-0000-000000000000	1086	pmcy662mlhzc	644d8b15-9a0e-43c3-bdb3-91cef5aecf31	t	2026-04-06 00:38:22.248885+00	2026-04-06 01:44:35.225364+00	3njcviz5d6i4	708906b9-8e18-4c99-9e92-5a6975ce1f03
00000000-0000-0000-0000-000000000000	1145	2dd55cbrhvnm	644d8b15-9a0e-43c3-bdb3-91cef5aecf31	t	2026-04-13 15:56:09.764558+00	2026-04-13 16:59:22.294417+00	zswyxpihkkt6	d7531276-cc29-4186-8df0-cb6eff41b48f
00000000-0000-0000-0000-000000000000	1233	5tbpdhy6rewv	644d8b15-9a0e-43c3-bdb3-91cef5aecf31	t	2026-04-22 21:06:55.747663+00	2026-04-22 22:36:32.999311+00	gt672izgy6gb	d7531276-cc29-4186-8df0-cb6eff41b48f
00000000-0000-0000-0000-000000000000	1153	eeum4v2fqrbc	644d8b15-9a0e-43c3-bdb3-91cef5aecf31	t	2026-04-14 04:46:33.890417+00	2026-04-14 07:28:55.984+00	qirtkcahusfv	d7531276-cc29-4186-8df0-cb6eff41b48f
00000000-0000-0000-0000-000000000000	1161	s264log75m4v	644d8b15-9a0e-43c3-bdb3-91cef5aecf31	t	2026-04-14 20:31:44.518326+00	2026-04-14 23:13:00.683112+00	ootibq2co7m5	a23ee350-20cd-4f67-bb4b-ac55534d2e1a
00000000-0000-0000-0000-000000000000	1240	t4nl6xoys6b2	644d8b15-9a0e-43c3-bdb3-91cef5aecf31	t	2026-04-23 20:31:08.428363+00	2026-04-24 16:07:54.677787+00	rb4yxbh27vbj	d7531276-cc29-4186-8df0-cb6eff41b48f
00000000-0000-0000-0000-000000000000	1169	bh5fia6njmzx	644d8b15-9a0e-43c3-bdb3-91cef5aecf31	t	2026-04-15 20:00:49.780089+00	2026-04-15 21:38:15.50489+00	vyslb7vqczmx	d7531276-cc29-4186-8df0-cb6eff41b48f
00000000-0000-0000-0000-000000000000	1176	igeebznrb6qu	644d8b15-9a0e-43c3-bdb3-91cef5aecf31	t	2026-04-16 07:10:13.315819+00	2026-04-16 08:17:19.200755+00	quf3bb5gks6g	d7531276-cc29-4186-8df0-cb6eff41b48f
00000000-0000-0000-0000-000000000000	1183	zgvycujyv6ow	644d8b15-9a0e-43c3-bdb3-91cef5aecf31	t	2026-04-16 21:44:15.371139+00	2026-04-17 16:53:01.84698+00	y3mmy4tpktiy	d7531276-cc29-4186-8df0-cb6eff41b48f
00000000-0000-0000-0000-000000000000	1247	xfw5frca74u2	644d8b15-9a0e-43c3-bdb3-91cef5aecf31	t	2026-04-24 23:26:40.285258+00	2026-04-26 16:15:49.989755+00	gfep53q35dkc	d7531276-cc29-4186-8df0-cb6eff41b48f
00000000-0000-0000-0000-000000000000	1190	u6cd7kxij6q4	644d8b15-9a0e-43c3-bdb3-91cef5aecf31	t	2026-04-17 21:48:25.646194+00	2026-04-17 23:03:48.390739+00	7zds4c2zwdhe	d7531276-cc29-4186-8df0-cb6eff41b48f
00000000-0000-0000-0000-000000000000	1253	qwxc3g4yf7de	644d8b15-9a0e-43c3-bdb3-91cef5aecf31	t	2026-04-26 05:32:10.912258+00	2026-04-27 04:18:44.135913+00	5tekkddkruoe	708906b9-8e18-4c99-9e92-5a6975ce1f03
00000000-0000-0000-0000-000000000000	1197	thltnklfkyx4	644d8b15-9a0e-43c3-bdb3-91cef5aecf31	t	2026-04-18 20:30:16.535457+00	2026-04-19 03:52:18.401291+00	abqzvrqumw3h	708906b9-8e18-4c99-9e92-5a6975ce1f03
00000000-0000-0000-0000-000000000000	1263	3b2hst33v5ir	644d8b15-9a0e-43c3-bdb3-91cef5aecf31	t	2026-04-27 11:32:51.874382+00	2026-04-27 13:49:05.1463+00	f2b6plvevsic	d7531276-cc29-4186-8df0-cb6eff41b48f
00000000-0000-0000-0000-000000000000	1266	bispc57hsocn	644d8b15-9a0e-43c3-bdb3-91cef5aecf31	t	2026-04-27 16:34:46.260659+00	2026-04-27 17:36:45.625018+00	a4hzdbjhptlo	d7531276-cc29-4186-8df0-cb6eff41b48f
00000000-0000-0000-0000-000000000000	1269	4kbvzbxynkvz	644d8b15-9a0e-43c3-bdb3-91cef5aecf31	t	2026-04-27 20:20:34.330336+00	2026-04-27 21:30:39.861113+00	wgnrftx4afx4	d7531276-cc29-4186-8df0-cb6eff41b48f
00000000-0000-0000-0000-000000000000	1259	qtdrcjkogi5x	644d8b15-9a0e-43c3-bdb3-91cef5aecf31	t	2026-04-27 04:18:44.169363+00	2026-04-28 03:14:33.836009+00	qwxc3g4yf7de	708906b9-8e18-4c99-9e92-5a6975ce1f03
00000000-0000-0000-0000-000000000000	1272	ymlpz7wp3dbm	644d8b15-9a0e-43c3-bdb3-91cef5aecf31	t	2026-04-28 02:43:10.133318+00	2026-04-28 16:22:23.964356+00	6tij7vk4inmr	d7531276-cc29-4186-8df0-cb6eff41b48f
00000000-0000-0000-0000-000000000000	1275	42dum6p2qgk6	644d8b15-9a0e-43c3-bdb3-91cef5aecf31	t	2026-04-28 16:22:23.990646+00	2026-04-28 18:22:00.567505+00	ymlpz7wp3dbm	d7531276-cc29-4186-8df0-cb6eff41b48f
00000000-0000-0000-0000-000000000000	1278	5ymczizmk5yk	644d8b15-9a0e-43c3-bdb3-91cef5aecf31	t	2026-04-28 22:23:44.876775+00	2026-04-29 16:28:32.614709+00	gjma6vfdq3i6	d7531276-cc29-4186-8df0-cb6eff41b48f
00000000-0000-0000-0000-000000000000	1281	l7n2blgj7i6s	644d8b15-9a0e-43c3-bdb3-91cef5aecf31	t	2026-04-29 16:28:32.636403+00	2026-04-29 19:10:22.557151+00	5ymczizmk5yk	d7531276-cc29-4186-8df0-cb6eff41b48f
00000000-0000-0000-0000-000000000000	1283	3yzjjv7sddcs	644d8b15-9a0e-43c3-bdb3-91cef5aecf31	t	2026-04-29 21:27:57.124115+00	2026-04-29 22:27:04.676281+00	6esesgdumygk	d7531276-cc29-4186-8df0-cb6eff41b48f
00000000-0000-0000-0000-000000000000	1346	aufrk7oqggy7	644d8b15-9a0e-43c3-bdb3-91cef5aecf31	t	2026-05-05 02:22:40.361819+00	2026-05-06 04:16:54.277631+00	o3dltv2zulen	708906b9-8e18-4c99-9e92-5a6975ce1f03
00000000-0000-0000-0000-000000000000	1284	cq765jkwx5yr	644d8b15-9a0e-43c3-bdb3-91cef5aecf31	t	2026-04-29 22:27:04.709809+00	2026-04-30 02:57:42.606722+00	3yzjjv7sddcs	d7531276-cc29-4186-8df0-cb6eff41b48f
00000000-0000-0000-0000-000000000000	1285	5xow2egueu6m	644d8b15-9a0e-43c3-bdb3-91cef5aecf31	t	2026-04-30 02:57:42.63554+00	2026-04-30 04:50:36.744198+00	cq765jkwx5yr	d7531276-cc29-4186-8df0-cb6eff41b48f
00000000-0000-0000-0000-000000000000	1280	7bo6ft4oikin	644d8b15-9a0e-43c3-bdb3-91cef5aecf31	t	2026-04-29 04:35:49.340563+00	2026-04-30 15:48:01.869529+00	rgnd7bnxxxwc	a23ee350-20cd-4f67-bb4b-ac55534d2e1a
00000000-0000-0000-0000-000000000000	1287	bgekbaq3som5	644d8b15-9a0e-43c3-bdb3-91cef5aecf31	t	2026-04-30 04:50:36.763065+00	2026-04-30 16:48:46.111115+00	5xow2egueu6m	d7531276-cc29-4186-8df0-cb6eff41b48f
00000000-0000-0000-0000-000000000000	1288	orrbmweftkca	644d8b15-9a0e-43c3-bdb3-91cef5aecf31	t	2026-04-30 15:48:01.887146+00	2026-04-30 19:38:44.500224+00	7bo6ft4oikin	a23ee350-20cd-4f67-bb4b-ac55534d2e1a
00000000-0000-0000-0000-000000000000	1289	kyk3qi3qxung	644d8b15-9a0e-43c3-bdb3-91cef5aecf31	t	2026-04-30 16:48:46.137839+00	2026-04-30 20:35:09.50086+00	bgekbaq3som5	d7531276-cc29-4186-8df0-cb6eff41b48f
00000000-0000-0000-0000-000000000000	1291	gwgr2bmh2y5v	644d8b15-9a0e-43c3-bdb3-91cef5aecf31	t	2026-04-30 20:35:09.525975+00	2026-04-30 23:46:48.739671+00	kyk3qi3qxung	d7531276-cc29-4186-8df0-cb6eff41b48f
00000000-0000-0000-0000-000000000000	1292	bjqsa5xzih2p	644d8b15-9a0e-43c3-bdb3-91cef5aecf31	t	2026-04-30 23:46:48.761666+00	2026-05-01 01:00:09.447147+00	gwgr2bmh2y5v	d7531276-cc29-4186-8df0-cb6eff41b48f
00000000-0000-0000-0000-000000000000	1293	gn7lpz6po3pv	644d8b15-9a0e-43c3-bdb3-91cef5aecf31	t	2026-05-01 01:00:09.468092+00	2026-05-01 02:06:09.290442+00	bjqsa5xzih2p	d7531276-cc29-4186-8df0-cb6eff41b48f
00000000-0000-0000-0000-000000000000	1294	46jrqtkpoz5t	644d8b15-9a0e-43c3-bdb3-91cef5aecf31	t	2026-05-01 02:06:09.306605+00	2026-05-01 03:17:48.237578+00	gn7lpz6po3pv	d7531276-cc29-4186-8df0-cb6eff41b48f
00000000-0000-0000-0000-000000000000	1286	7ddqvrr44fpj	644d8b15-9a0e-43c3-bdb3-91cef5aecf31	t	2026-04-30 03:44:18.215016+00	2026-05-01 04:25:14.66753+00	yyog2v6fdgub	708906b9-8e18-4c99-9e92-5a6975ce1f03
00000000-0000-0000-0000-000000000000	1295	mhmajoboglao	644d8b15-9a0e-43c3-bdb3-91cef5aecf31	t	2026-05-01 03:17:48.27101+00	2026-05-01 04:45:18.763556+00	46jrqtkpoz5t	d7531276-cc29-4186-8df0-cb6eff41b48f
00000000-0000-0000-0000-000000000000	1297	73umvrzfqnxn	644d8b15-9a0e-43c3-bdb3-91cef5aecf31	t	2026-05-01 04:45:18.785046+00	2026-05-01 08:59:34.651456+00	mhmajoboglao	d7531276-cc29-4186-8df0-cb6eff41b48f
00000000-0000-0000-0000-000000000000	1298	xqgo7wwgbbfs	644d8b15-9a0e-43c3-bdb3-91cef5aecf31	t	2026-05-01 08:59:34.670345+00	2026-05-01 11:52:42.986243+00	73umvrzfqnxn	d7531276-cc29-4186-8df0-cb6eff41b48f
00000000-0000-0000-0000-000000000000	1299	obbxiqhybwpm	644d8b15-9a0e-43c3-bdb3-91cef5aecf31	t	2026-05-01 11:52:43.009292+00	2026-05-01 12:59:32.655385+00	xqgo7wwgbbfs	d7531276-cc29-4186-8df0-cb6eff41b48f
00000000-0000-0000-0000-000000000000	1300	xtdznbai4qy5	644d8b15-9a0e-43c3-bdb3-91cef5aecf31	t	2026-05-01 12:59:32.678846+00	2026-05-01 14:23:50.85751+00	obbxiqhybwpm	d7531276-cc29-4186-8df0-cb6eff41b48f
00000000-0000-0000-0000-000000000000	1301	yqtvvgjltim2	644d8b15-9a0e-43c3-bdb3-91cef5aecf31	t	2026-05-01 14:23:50.872249+00	2026-05-01 15:38:38.430003+00	xtdznbai4qy5	d7531276-cc29-4186-8df0-cb6eff41b48f
00000000-0000-0000-0000-000000000000	1302	xlbruqbtm2tl	644d8b15-9a0e-43c3-bdb3-91cef5aecf31	t	2026-05-01 15:38:38.443823+00	2026-05-01 17:12:22.344176+00	yqtvvgjltim2	d7531276-cc29-4186-8df0-cb6eff41b48f
00000000-0000-0000-0000-000000000000	1303	7emhuekn5ih2	644d8b15-9a0e-43c3-bdb3-91cef5aecf31	t	2026-05-01 17:12:22.367964+00	2026-05-01 18:13:26.657126+00	xlbruqbtm2tl	d7531276-cc29-4186-8df0-cb6eff41b48f
00000000-0000-0000-0000-000000000000	1304	wwwdzvgsnpps	644d8b15-9a0e-43c3-bdb3-91cef5aecf31	t	2026-05-01 18:13:26.679801+00	2026-05-01 20:32:59.936576+00	7emhuekn5ih2	d7531276-cc29-4186-8df0-cb6eff41b48f
00000000-0000-0000-0000-000000000000	1305	mg75b7i4jx3o	644d8b15-9a0e-43c3-bdb3-91cef5aecf31	t	2026-05-01 20:32:59.960157+00	2026-05-01 23:26:47.142691+00	wwwdzvgsnpps	d7531276-cc29-4186-8df0-cb6eff41b48f
00000000-0000-0000-0000-000000000000	1306	755rrqgabtdz	644d8b15-9a0e-43c3-bdb3-91cef5aecf31	t	2026-05-01 23:26:47.165975+00	2026-05-02 01:16:21.282081+00	mg75b7i4jx3o	d7531276-cc29-4186-8df0-cb6eff41b48f
00000000-0000-0000-0000-000000000000	1296	qzyowjsalebd	644d8b15-9a0e-43c3-bdb3-91cef5aecf31	t	2026-05-01 04:25:14.696916+00	2026-05-02 03:57:35.658222+00	7ddqvrr44fpj	708906b9-8e18-4c99-9e92-5a6975ce1f03
00000000-0000-0000-0000-000000000000	1307	wajhhnwx345w	644d8b15-9a0e-43c3-bdb3-91cef5aecf31	t	2026-05-02 01:16:21.295277+00	2026-05-02 07:11:17.191776+00	755rrqgabtdz	d7531276-cc29-4186-8df0-cb6eff41b48f
00000000-0000-0000-0000-000000000000	1309	y4o7m3xoukcj	644d8b15-9a0e-43c3-bdb3-91cef5aecf31	t	2026-05-02 07:11:17.209075+00	2026-05-02 08:55:52.111984+00	wajhhnwx345w	d7531276-cc29-4186-8df0-cb6eff41b48f
00000000-0000-0000-0000-000000000000	1310	3ors6amhh66p	644d8b15-9a0e-43c3-bdb3-91cef5aecf31	t	2026-05-02 08:55:52.133951+00	2026-05-02 10:28:18.022216+00	y4o7m3xoukcj	d7531276-cc29-4186-8df0-cb6eff41b48f
00000000-0000-0000-0000-000000000000	1311	jqeewcdzheqx	644d8b15-9a0e-43c3-bdb3-91cef5aecf31	t	2026-05-02 10:28:18.04781+00	2026-05-02 13:49:11.031365+00	3ors6amhh66p	d7531276-cc29-4186-8df0-cb6eff41b48f
00000000-0000-0000-0000-000000000000	1312	3ludicjrvj5r	644d8b15-9a0e-43c3-bdb3-91cef5aecf31	t	2026-05-02 13:49:11.058075+00	2026-05-02 14:53:50.54154+00	jqeewcdzheqx	d7531276-cc29-4186-8df0-cb6eff41b48f
00000000-0000-0000-0000-000000000000	1313	rxpihw2mwo6k	644d8b15-9a0e-43c3-bdb3-91cef5aecf31	t	2026-05-02 14:53:50.570088+00	2026-05-02 18:54:46.754045+00	3ludicjrvj5r	d7531276-cc29-4186-8df0-cb6eff41b48f
00000000-0000-0000-0000-000000000000	1314	imntplmlt4xn	644d8b15-9a0e-43c3-bdb3-91cef5aecf31	t	2026-05-02 18:54:46.780747+00	2026-05-02 21:13:38.426121+00	rxpihw2mwo6k	d7531276-cc29-4186-8df0-cb6eff41b48f
00000000-0000-0000-0000-000000000000	1315	xijtyr42ynzv	644d8b15-9a0e-43c3-bdb3-91cef5aecf31	t	2026-05-02 21:13:38.44938+00	2026-05-02 23:13:13.535737+00	imntplmlt4xn	d7531276-cc29-4186-8df0-cb6eff41b48f
00000000-0000-0000-0000-000000000000	1316	kddz6dvgdbql	644d8b15-9a0e-43c3-bdb3-91cef5aecf31	t	2026-05-02 23:13:13.559315+00	2026-05-03 00:29:02.96685+00	xijtyr42ynzv	d7531276-cc29-4186-8df0-cb6eff41b48f
00000000-0000-0000-0000-000000000000	1317	rf23kbmtskj2	644d8b15-9a0e-43c3-bdb3-91cef5aecf31	t	2026-05-03 00:29:02.994319+00	2026-05-03 01:50:41.824773+00	kddz6dvgdbql	d7531276-cc29-4186-8df0-cb6eff41b48f
00000000-0000-0000-0000-000000000000	1308	aiqxy2h6tmpy	644d8b15-9a0e-43c3-bdb3-91cef5aecf31	t	2026-05-02 03:57:35.688564+00	2026-05-03 03:49:46.423564+00	qzyowjsalebd	708906b9-8e18-4c99-9e92-5a6975ce1f03
00000000-0000-0000-0000-000000000000	1318	aupifj2kle3u	644d8b15-9a0e-43c3-bdb3-91cef5aecf31	t	2026-05-03 01:50:41.859005+00	2026-05-03 03:50:51.239233+00	rf23kbmtskj2	d7531276-cc29-4186-8df0-cb6eff41b48f
00000000-0000-0000-0000-000000000000	1320	azu26x5kge3n	644d8b15-9a0e-43c3-bdb3-91cef5aecf31	t	2026-05-03 03:50:51.246758+00	2026-05-03 06:14:39.606762+00	aupifj2kle3u	d7531276-cc29-4186-8df0-cb6eff41b48f
00000000-0000-0000-0000-000000000000	1321	tsyikxs5jlm6	644d8b15-9a0e-43c3-bdb3-91cef5aecf31	t	2026-05-03 06:14:39.634187+00	2026-05-03 07:20:38.067939+00	azu26x5kge3n	d7531276-cc29-4186-8df0-cb6eff41b48f
00000000-0000-0000-0000-000000000000	1322	bzutlzkxxnz5	644d8b15-9a0e-43c3-bdb3-91cef5aecf31	t	2026-05-03 07:20:38.084101+00	2026-05-03 09:35:35.182793+00	tsyikxs5jlm6	d7531276-cc29-4186-8df0-cb6eff41b48f
00000000-0000-0000-0000-000000000000	1323	rzsl5yqtixcs	644d8b15-9a0e-43c3-bdb3-91cef5aecf31	t	2026-05-03 09:35:35.197265+00	2026-05-03 12:34:38.131192+00	bzutlzkxxnz5	d7531276-cc29-4186-8df0-cb6eff41b48f
00000000-0000-0000-0000-000000000000	1324	yrvr7hkanbrq	644d8b15-9a0e-43c3-bdb3-91cef5aecf31	t	2026-05-03 12:34:38.148695+00	2026-05-03 14:38:50.289534+00	rzsl5yqtixcs	d7531276-cc29-4186-8df0-cb6eff41b48f
00000000-0000-0000-0000-000000000000	1325	illuunnktobi	644d8b15-9a0e-43c3-bdb3-91cef5aecf31	t	2026-05-03 14:38:50.31019+00	2026-05-03 16:29:27.914207+00	yrvr7hkanbrq	d7531276-cc29-4186-8df0-cb6eff41b48f
00000000-0000-0000-0000-000000000000	1319	sn2mfeyo3wld	644d8b15-9a0e-43c3-bdb3-91cef5aecf31	t	2026-05-03 03:49:46.452503+00	2026-05-03 17:17:36.054205+00	aiqxy2h6tmpy	708906b9-8e18-4c99-9e92-5a6975ce1f03
00000000-0000-0000-0000-000000000000	1326	ptbkzi766zk6	644d8b15-9a0e-43c3-bdb3-91cef5aecf31	t	2026-05-03 16:29:27.934585+00	2026-05-03 18:31:36.394806+00	illuunnktobi	d7531276-cc29-4186-8df0-cb6eff41b48f
00000000-0000-0000-0000-000000000000	1328	ds6awimkbm4j	644d8b15-9a0e-43c3-bdb3-91cef5aecf31	t	2026-05-03 18:31:36.417661+00	2026-05-03 20:37:15.34166+00	ptbkzi766zk6	d7531276-cc29-4186-8df0-cb6eff41b48f
00000000-0000-0000-0000-000000000000	1327	gdb3h2yofqef	644d8b15-9a0e-43c3-bdb3-91cef5aecf31	t	2026-05-03 17:17:36.070654+00	2026-05-03 20:44:38.336839+00	sn2mfeyo3wld	708906b9-8e18-4c99-9e92-5a6975ce1f03
00000000-0000-0000-0000-000000000000	1329	aohlkn5blycn	644d8b15-9a0e-43c3-bdb3-91cef5aecf31	t	2026-05-03 20:37:15.366021+00	2026-05-03 21:50:58.457613+00	ds6awimkbm4j	d7531276-cc29-4186-8df0-cb6eff41b48f
00000000-0000-0000-0000-000000000000	1330	pkhfssdjuqh4	644d8b15-9a0e-43c3-bdb3-91cef5aecf31	t	2026-05-03 20:44:38.354418+00	2026-05-03 22:30:04.576074+00	gdb3h2yofqef	708906b9-8e18-4c99-9e92-5a6975ce1f03
00000000-0000-0000-0000-000000000000	1331	h2xnk3g6dck5	644d8b15-9a0e-43c3-bdb3-91cef5aecf31	t	2026-05-03 21:50:58.484237+00	2026-05-03 22:49:49.536142+00	aohlkn5blycn	d7531276-cc29-4186-8df0-cb6eff41b48f
00000000-0000-0000-0000-000000000000	1343	tjaabk2a2lwy	644d8b15-9a0e-43c3-bdb3-91cef5aecf31	t	2026-05-04 20:06:48.953356+00	2026-05-04 22:13:24.648561+00	f3otccg2s4y4	d7531276-cc29-4186-8df0-cb6eff41b48f
00000000-0000-0000-0000-000000000000	1333	k5sakeejacom	644d8b15-9a0e-43c3-bdb3-91cef5aecf31	t	2026-05-03 22:49:49.555325+00	2026-05-04 00:17:34.148193+00	h2xnk3g6dck5	d7531276-cc29-4186-8df0-cb6eff41b48f
00000000-0000-0000-0000-000000000000	1332	o3dltv2zulen	644d8b15-9a0e-43c3-bdb3-91cef5aecf31	t	2026-05-03 22:30:04.608381+00	2026-05-05 02:22:40.338117+00	pkhfssdjuqh4	708906b9-8e18-4c99-9e92-5a6975ce1f03
00000000-0000-0000-0000-000000000000	1334	yvedrrtrgk4l	644d8b15-9a0e-43c3-bdb3-91cef5aecf31	t	2026-05-04 00:17:34.180285+00	2026-05-04 02:04:02.350938+00	k5sakeejacom	d7531276-cc29-4186-8df0-cb6eff41b48f
00000000-0000-0000-0000-000000000000	1335	l552rxl75fi3	644d8b15-9a0e-43c3-bdb3-91cef5aecf31	t	2026-05-04 02:04:02.388109+00	2026-05-04 03:04:02.888431+00	yvedrrtrgk4l	d7531276-cc29-4186-8df0-cb6eff41b48f
00000000-0000-0000-0000-000000000000	1348	w3tfeegcy3sg	644d8b15-9a0e-43c3-bdb3-91cef5aecf31	t	2026-05-05 22:17:08.331948+00	2026-05-06 17:32:18.619384+00	h3soxgvlzpbl	d7531276-cc29-4186-8df0-cb6eff41b48f
00000000-0000-0000-0000-000000000000	1336	cp43m5b7whn2	644d8b15-9a0e-43c3-bdb3-91cef5aecf31	t	2026-05-04 03:04:02.908+00	2026-05-04 07:24:19.589944+00	l552rxl75fi3	d7531276-cc29-4186-8df0-cb6eff41b48f
00000000-0000-0000-0000-000000000000	1337	4p6m6kqegts4	644d8b15-9a0e-43c3-bdb3-91cef5aecf31	t	2026-05-04 07:24:19.617744+00	2026-05-04 09:24:05.385166+00	cp43m5b7whn2	d7531276-cc29-4186-8df0-cb6eff41b48f
00000000-0000-0000-0000-000000000000	1351	qmtq5yzx7qos	644d8b15-9a0e-43c3-bdb3-91cef5aecf31	t	2026-05-06 17:32:18.651214+00	2026-05-06 18:47:52.048794+00	w3tfeegcy3sg	d7531276-cc29-4186-8df0-cb6eff41b48f
00000000-0000-0000-0000-000000000000	1338	nnxeh2pjhiyi	644d8b15-9a0e-43c3-bdb3-91cef5aecf31	t	2026-05-04 09:24:05.400562+00	2026-05-04 14:23:39.161179+00	4p6m6kqegts4	d7531276-cc29-4186-8df0-cb6eff41b48f
00000000-0000-0000-0000-000000000000	1339	nvehuu76pse4	644d8b15-9a0e-43c3-bdb3-91cef5aecf31	t	2026-05-04 14:23:39.189731+00	2026-05-04 16:01:32.365476+00	nnxeh2pjhiyi	d7531276-cc29-4186-8df0-cb6eff41b48f
00000000-0000-0000-0000-000000000000	1352	dps3srnki2sc	644d8b15-9a0e-43c3-bdb3-91cef5aecf31	t	2026-05-06 18:47:52.074399+00	2026-05-06 22:52:21.129292+00	qmtq5yzx7qos	d7531276-cc29-4186-8df0-cb6eff41b48f
00000000-0000-0000-0000-000000000000	1340	fmkvqmw7qzbv	644d8b15-9a0e-43c3-bdb3-91cef5aecf31	t	2026-05-04 16:01:32.384375+00	2026-05-04 17:08:41.956676+00	nvehuu76pse4	d7531276-cc29-4186-8df0-cb6eff41b48f
00000000-0000-0000-0000-000000000000	1341	vid2f7cgs3qk	644d8b15-9a0e-43c3-bdb3-91cef5aecf31	t	2026-05-04 17:08:41.981348+00	2026-05-04 18:54:07.304545+00	fmkvqmw7qzbv	d7531276-cc29-4186-8df0-cb6eff41b48f
00000000-0000-0000-0000-000000000000	1349	3lxdaqpkyef6	644d8b15-9a0e-43c3-bdb3-91cef5aecf31	t	2026-05-06 04:16:54.310727+00	2026-05-07 00:22:33.179363+00	aufrk7oqggy7	708906b9-8e18-4c99-9e92-5a6975ce1f03
00000000-0000-0000-0000-000000000000	1342	f3otccg2s4y4	644d8b15-9a0e-43c3-bdb3-91cef5aecf31	t	2026-05-04 18:54:07.335276+00	2026-05-04 20:06:48.926591+00	vid2f7cgs3qk	d7531276-cc29-4186-8df0-cb6eff41b48f
00000000-0000-0000-0000-000000000000	1353	wpmpdivz7fyw	644d8b15-9a0e-43c3-bdb3-91cef5aecf31	t	2026-05-06 22:52:21.150262+00	2026-05-07 03:04:50.966797+00	dps3srnki2sc	d7531276-cc29-4186-8df0-cb6eff41b48f
00000000-0000-0000-0000-000000000000	1354	4fyqtktmux5v	644d8b15-9a0e-43c3-bdb3-91cef5aecf31	t	2026-05-07 00:22:33.198982+00	2026-05-07 04:09:57.77759+00	3lxdaqpkyef6	708906b9-8e18-4c99-9e92-5a6975ce1f03
00000000-0000-0000-0000-000000000000	1355	bvlb6xl74zu4	644d8b15-9a0e-43c3-bdb3-91cef5aecf31	t	2026-05-07 03:04:51.002087+00	2026-05-07 16:51:15.516856+00	wpmpdivz7fyw	d7531276-cc29-4186-8df0-cb6eff41b48f
00000000-0000-0000-0000-000000000000	1357	tznmlvlsejlz	644d8b15-9a0e-43c3-bdb3-91cef5aecf31	t	2026-05-07 16:51:15.548936+00	2026-05-07 22:22:41.083622+00	bvlb6xl74zu4	d7531276-cc29-4186-8df0-cb6eff41b48f
00000000-0000-0000-0000-000000000000	1356	p5idrzn2s5ml	644d8b15-9a0e-43c3-bdb3-91cef5aecf31	t	2026-05-07 04:09:57.796845+00	2026-05-08 04:51:18.622884+00	4fyqtktmux5v	708906b9-8e18-4c99-9e92-5a6975ce1f03
00000000-0000-0000-0000-000000000000	1358	afnzuvvcl7wj	644d8b15-9a0e-43c3-bdb3-91cef5aecf31	t	2026-05-07 22:22:41.112295+00	2026-05-08 16:52:06.849761+00	tznmlvlsejlz	d7531276-cc29-4186-8df0-cb6eff41b48f
00000000-0000-0000-0000-000000000000	1359	xajoz634ubvm	644d8b15-9a0e-43c3-bdb3-91cef5aecf31	t	2026-05-08 04:51:18.654787+00	2026-05-08 17:47:29.956999+00	p5idrzn2s5ml	708906b9-8e18-4c99-9e92-5a6975ce1f03
00000000-0000-0000-0000-000000000000	1361	ztummh6252w5	644d8b15-9a0e-43c3-bdb3-91cef5aecf31	t	2026-05-08 16:52:06.882526+00	2026-05-08 18:24:05.3882+00	afnzuvvcl7wj	d7531276-cc29-4186-8df0-cb6eff41b48f
00000000-0000-0000-0000-000000000000	1363	xfcntgyo3w5c	644d8b15-9a0e-43c3-bdb3-91cef5aecf31	t	2026-05-08 18:24:05.407341+00	2026-05-08 19:33:18.075448+00	ztummh6252w5	d7531276-cc29-4186-8df0-cb6eff41b48f
00000000-0000-0000-0000-000000000000	1364	d4p4kulk54ix	644d8b15-9a0e-43c3-bdb3-91cef5aecf31	t	2026-05-08 19:33:18.095087+00	2026-05-08 21:32:16.373765+00	xfcntgyo3w5c	d7531276-cc29-4186-8df0-cb6eff41b48f
00000000-0000-0000-0000-000000000000	1365	l5l5wr77ergz	644d8b15-9a0e-43c3-bdb3-91cef5aecf31	t	2026-05-08 21:32:16.397172+00	2026-05-08 23:00:42.625034+00	d4p4kulk54ix	d7531276-cc29-4186-8df0-cb6eff41b48f
00000000-0000-0000-0000-000000000000	1362	6xboge7goxsg	644d8b15-9a0e-43c3-bdb3-91cef5aecf31	t	2026-05-08 17:47:29.985812+00	2026-05-09 03:12:44.955245+00	xajoz634ubvm	708906b9-8e18-4c99-9e92-5a6975ce1f03
00000000-0000-0000-0000-000000000000	1367	jdieji3rsg37	644d8b15-9a0e-43c3-bdb3-91cef5aecf31	t	2026-05-09 03:12:44.972546+00	2026-05-09 17:21:14.451378+00	6xboge7goxsg	708906b9-8e18-4c99-9e92-5a6975ce1f03
00000000-0000-0000-0000-000000000000	1368	cdt45hzaolvh	644d8b15-9a0e-43c3-bdb3-91cef5aecf31	t	2026-05-09 17:21:14.485418+00	2026-05-09 18:58:54.380173+00	jdieji3rsg37	708906b9-8e18-4c99-9e92-5a6975ce1f03
00000000-0000-0000-0000-000000000000	1369	jj2z62b76mem	644d8b15-9a0e-43c3-bdb3-91cef5aecf31	t	2026-05-09 18:58:54.396696+00	2026-05-09 20:50:55.308246+00	cdt45hzaolvh	708906b9-8e18-4c99-9e92-5a6975ce1f03
00000000-0000-0000-0000-000000000000	1370	cri4mtf5ob5i	644d8b15-9a0e-43c3-bdb3-91cef5aecf31	t	2026-05-09 20:50:55.328695+00	2026-05-09 23:18:18.210073+00	jj2z62b76mem	708906b9-8e18-4c99-9e92-5a6975ce1f03
00000000-0000-0000-0000-000000000000	1371	pvjhbyl3yh63	644d8b15-9a0e-43c3-bdb3-91cef5aecf31	t	2026-05-09 23:18:18.236759+00	2026-05-10 15:53:22.242472+00	cri4mtf5ob5i	708906b9-8e18-4c99-9e92-5a6975ce1f03
00000000-0000-0000-0000-000000000000	1372	cnrxizt7hpe4	644d8b15-9a0e-43c3-bdb3-91cef5aecf31	t	2026-05-10 15:53:22.280078+00	2026-05-10 17:17:39.230424+00	pvjhbyl3yh63	708906b9-8e18-4c99-9e92-5a6975ce1f03
00000000-0000-0000-0000-000000000000	1373	zb6eh6zuy3gl	644d8b15-9a0e-43c3-bdb3-91cef5aecf31	t	2026-05-10 17:17:39.245486+00	2026-05-10 19:18:23.057572+00	cnrxizt7hpe4	708906b9-8e18-4c99-9e92-5a6975ce1f03
00000000-0000-0000-0000-000000000000	1374	vqpojwpi3bga	644d8b15-9a0e-43c3-bdb3-91cef5aecf31	t	2026-05-10 19:18:23.074166+00	2026-05-10 20:51:40.321747+00	zb6eh6zuy3gl	708906b9-8e18-4c99-9e92-5a6975ce1f03
00000000-0000-0000-0000-000000000000	1375	wfodbzmrs2g6	644d8b15-9a0e-43c3-bdb3-91cef5aecf31	f	2026-05-10 20:51:40.338733+00	2026-05-10 20:51:40.338733+00	vqpojwpi3bga	708906b9-8e18-4c99-9e92-5a6975ce1f03
00000000-0000-0000-0000-000000000000	1360	s2h72inymgwa	644d8b15-9a0e-43c3-bdb3-91cef5aecf31	t	2026-05-08 15:16:53.60205+00	2026-05-10 22:23:23.148207+00	5io3sd4y6d2g	a23ee350-20cd-4f67-bb4b-ac55534d2e1a
00000000-0000-0000-0000-000000000000	1366	p5fvghzy5vxi	644d8b15-9a0e-43c3-bdb3-91cef5aecf31	t	2026-05-08 23:00:42.644282+00	2026-05-10 23:09:54.745458+00	l5l5wr77ergz	d7531276-cc29-4186-8df0-cb6eff41b48f
00000000-0000-0000-0000-000000000000	1377	goj2mpy4lpso	644d8b15-9a0e-43c3-bdb3-91cef5aecf31	t	2026-05-10 22:23:28.725994+00	2026-05-11 02:24:54.77584+00	\N	e545070e-ebdb-4952-970e-4f685107230a
00000000-0000-0000-0000-000000000000	1378	rrowp4ugvlae	644d8b15-9a0e-43c3-bdb3-91cef5aecf31	t	2026-05-10 23:09:54.779129+00	2026-05-11 02:45:31.699254+00	p5fvghzy5vxi	d7531276-cc29-4186-8df0-cb6eff41b48f
00000000-0000-0000-0000-000000000000	1379	r2caxqk5kgm4	644d8b15-9a0e-43c3-bdb3-91cef5aecf31	t	2026-05-11 02:24:54.801512+00	2026-05-11 04:08:56.037993+00	goj2mpy4lpso	e545070e-ebdb-4952-970e-4f685107230a
00000000-0000-0000-0000-000000000000	1380	yxy4zofouyum	644d8b15-9a0e-43c3-bdb3-91cef5aecf31	t	2026-05-11 02:45:31.719303+00	2026-05-11 04:47:48.58591+00	rrowp4ugvlae	d7531276-cc29-4186-8df0-cb6eff41b48f
00000000-0000-0000-0000-000000000000	1382	p4txz5aeqsad	644d8b15-9a0e-43c3-bdb3-91cef5aecf31	t	2026-05-11 04:47:48.615751+00	2026-05-11 10:10:18.774076+00	yxy4zofouyum	d7531276-cc29-4186-8df0-cb6eff41b48f
00000000-0000-0000-0000-000000000000	1383	zlu5pwxbpksr	644d8b15-9a0e-43c3-bdb3-91cef5aecf31	t	2026-05-11 10:10:18.8026+00	2026-05-11 13:38:18.373162+00	p4txz5aeqsad	d7531276-cc29-4186-8df0-cb6eff41b48f
00000000-0000-0000-0000-000000000000	1376	6o7sfpr5qzmx	644d8b15-9a0e-43c3-bdb3-91cef5aecf31	t	2026-05-10 22:23:23.167591+00	2026-05-11 14:49:43.817092+00	s2h72inymgwa	a23ee350-20cd-4f67-bb4b-ac55534d2e1a
00000000-0000-0000-0000-000000000000	1384	dsruu524stsh	644d8b15-9a0e-43c3-bdb3-91cef5aecf31	t	2026-05-11 13:38:18.399558+00	2026-05-11 14:50:13.754439+00	zlu5pwxbpksr	d7531276-cc29-4186-8df0-cb6eff41b48f
00000000-0000-0000-0000-000000000000	1381	mtaus2pt2atr	644d8b15-9a0e-43c3-bdb3-91cef5aecf31	t	2026-05-11 04:08:56.066489+00	2026-05-11 15:03:59.469297+00	r2caxqk5kgm4	e545070e-ebdb-4952-970e-4f685107230a
00000000-0000-0000-0000-000000000000	1385	tjp2wudb5jbg	644d8b15-9a0e-43c3-bdb3-91cef5aecf31	t	2026-05-11 14:49:43.841396+00	2026-05-11 15:56:45.768213+00	6o7sfpr5qzmx	a23ee350-20cd-4f67-bb4b-ac55534d2e1a
00000000-0000-0000-0000-000000000000	1386	7ciw67yhl2iv	644d8b15-9a0e-43c3-bdb3-91cef5aecf31	t	2026-05-11 14:50:13.754904+00	2026-05-11 16:07:12.129879+00	dsruu524stsh	d7531276-cc29-4186-8df0-cb6eff41b48f
00000000-0000-0000-0000-000000000000	1389	3osnwzzheocn	644d8b15-9a0e-43c3-bdb3-91cef5aecf31	t	2026-05-11 16:07:12.144225+00	2026-05-11 17:50:26.977255+00	7ciw67yhl2iv	d7531276-cc29-4186-8df0-cb6eff41b48f
00000000-0000-0000-0000-000000000000	1390	hrozkg6pchln	644d8b15-9a0e-43c3-bdb3-91cef5aecf31	t	2026-05-11 17:50:27.008399+00	2026-05-11 22:20:02.175935+00	3osnwzzheocn	d7531276-cc29-4186-8df0-cb6eff41b48f
00000000-0000-0000-0000-000000000000	1387	xo77xgg3qtlg	644d8b15-9a0e-43c3-bdb3-91cef5aecf31	t	2026-05-11 15:03:59.497727+00	2026-05-12 00:09:43.17289+00	mtaus2pt2atr	e545070e-ebdb-4952-970e-4f685107230a
00000000-0000-0000-0000-000000000000	1391	onrdrw4uca7s	644d8b15-9a0e-43c3-bdb3-91cef5aecf31	t	2026-05-11 22:20:02.193881+00	2026-05-12 17:14:29.858406+00	hrozkg6pchln	d7531276-cc29-4186-8df0-cb6eff41b48f
00000000-0000-0000-0000-000000000000	1393	y2urr6yr4pzd	644d8b15-9a0e-43c3-bdb3-91cef5aecf31	t	2026-05-12 17:14:29.882765+00	2026-05-12 20:09:39.813879+00	onrdrw4uca7s	d7531276-cc29-4186-8df0-cb6eff41b48f
00000000-0000-0000-0000-000000000000	1394	2s6xydmjjjm2	644d8b15-9a0e-43c3-bdb3-91cef5aecf31	t	2026-05-12 20:09:39.839482+00	2026-05-12 22:03:41.81033+00	y2urr6yr4pzd	d7531276-cc29-4186-8df0-cb6eff41b48f
00000000-0000-0000-0000-000000000000	1392	pn5f7ue5c23m	644d8b15-9a0e-43c3-bdb3-91cef5aecf31	t	2026-05-12 00:09:43.198443+00	2026-05-13 01:35:17.666087+00	xo77xgg3qtlg	e545070e-ebdb-4952-970e-4f685107230a
00000000-0000-0000-0000-000000000000	1396	wzgynzutyot6	644d8b15-9a0e-43c3-bdb3-91cef5aecf31	t	2026-05-13 01:35:17.688389+00	2026-05-13 03:43:35.948703+00	pn5f7ue5c23m	e545070e-ebdb-4952-970e-4f685107230a
00000000-0000-0000-0000-000000000000	1395	rgko4kflogpz	644d8b15-9a0e-43c3-bdb3-91cef5aecf31	t	2026-05-12 22:03:41.83655+00	2026-05-13 16:37:50.362304+00	2s6xydmjjjm2	d7531276-cc29-4186-8df0-cb6eff41b48f
00000000-0000-0000-0000-000000000000	1398	phznhgqlaqit	644d8b15-9a0e-43c3-bdb3-91cef5aecf31	t	2026-05-13 16:37:50.393101+00	2026-05-13 19:47:31.561388+00	rgko4kflogpz	d7531276-cc29-4186-8df0-cb6eff41b48f
00000000-0000-0000-0000-000000000000	1399	o3edanyaq5jc	644d8b15-9a0e-43c3-bdb3-91cef5aecf31	t	2026-05-13 19:47:31.586159+00	2026-05-13 20:47:43.690067+00	phznhgqlaqit	d7531276-cc29-4186-8df0-cb6eff41b48f
00000000-0000-0000-0000-000000000000	1400	kc3advvo6ivd	644d8b15-9a0e-43c3-bdb3-91cef5aecf31	t	2026-05-13 20:47:43.707236+00	2026-05-13 22:58:53.888591+00	o3edanyaq5jc	d7531276-cc29-4186-8df0-cb6eff41b48f
00000000-0000-0000-0000-000000000000	1388	onaafpgjew4u	644d8b15-9a0e-43c3-bdb3-91cef5aecf31	t	2026-05-11 15:56:45.783516+00	2026-05-14 15:49:15.421915+00	tjp2wudb5jbg	a23ee350-20cd-4f67-bb4b-ac55534d2e1a
00000000-0000-0000-0000-000000000000	1401	crlwnj63gjjk	644d8b15-9a0e-43c3-bdb3-91cef5aecf31	t	2026-05-13 22:58:53.917793+00	2026-05-14 16:38:37.831752+00	kc3advvo6ivd	d7531276-cc29-4186-8df0-cb6eff41b48f
00000000-0000-0000-0000-000000000000	1402	xin7f5hgqyfm	644d8b15-9a0e-43c3-bdb3-91cef5aecf31	t	2026-05-14 15:49:15.455767+00	2026-05-14 17:12:45.982728+00	onaafpgjew4u	a23ee350-20cd-4f67-bb4b-ac55534d2e1a
00000000-0000-0000-0000-000000000000	1403	l3w5bn5s64yr	644d8b15-9a0e-43c3-bdb3-91cef5aecf31	t	2026-05-14 16:38:37.855254+00	2026-05-14 17:36:58.51061+00	crlwnj63gjjk	d7531276-cc29-4186-8df0-cb6eff41b48f
00000000-0000-0000-0000-000000000000	1405	7zf3uaz2vwci	644d8b15-9a0e-43c3-bdb3-91cef5aecf31	t	2026-05-14 17:36:58.523218+00	2026-05-14 18:50:20.14065+00	l3w5bn5s64yr	d7531276-cc29-4186-8df0-cb6eff41b48f
00000000-0000-0000-0000-000000000000	1404	s55j2p7v72tm	644d8b15-9a0e-43c3-bdb3-91cef5aecf31	t	2026-05-14 17:12:46.015471+00	2026-05-14 20:48:22.905669+00	xin7f5hgqyfm	a23ee350-20cd-4f67-bb4b-ac55534d2e1a
00000000-0000-0000-0000-000000000000	1407	az2cjvu5ftsr	644d8b15-9a0e-43c3-bdb3-91cef5aecf31	f	2026-05-14 20:48:22.926007+00	2026-05-14 20:48:22.926007+00	s55j2p7v72tm	a23ee350-20cd-4f67-bb4b-ac55534d2e1a
00000000-0000-0000-0000-000000000000	1406	oei33sab2kug	644d8b15-9a0e-43c3-bdb3-91cef5aecf31	t	2026-05-14 18:50:20.166055+00	2026-05-14 20:50:06.797144+00	7zf3uaz2vwci	d7531276-cc29-4186-8df0-cb6eff41b48f
00000000-0000-0000-0000-000000000000	1408	f6cqcue6ffxm	644d8b15-9a0e-43c3-bdb3-91cef5aecf31	t	2026-05-14 20:50:06.801599+00	2026-05-14 23:14:34.72519+00	oei33sab2kug	d7531276-cc29-4186-8df0-cb6eff41b48f
00000000-0000-0000-0000-000000000000	1409	xksvb7meeepc	644d8b15-9a0e-43c3-bdb3-91cef5aecf31	t	2026-05-14 23:14:34.751747+00	2026-05-15 04:47:12.39395+00	f6cqcue6ffxm	d7531276-cc29-4186-8df0-cb6eff41b48f
00000000-0000-0000-0000-000000000000	1410	m5o53yofpcac	644d8b15-9a0e-43c3-bdb3-91cef5aecf31	t	2026-05-15 04:47:12.426333+00	2026-05-15 17:33:14.919719+00	xksvb7meeepc	d7531276-cc29-4186-8df0-cb6eff41b48f
00000000-0000-0000-0000-000000000000	1411	qx6wmf6mbne7	644d8b15-9a0e-43c3-bdb3-91cef5aecf31	t	2026-05-15 17:33:14.954109+00	2026-05-15 18:50:30.388569+00	m5o53yofpcac	d7531276-cc29-4186-8df0-cb6eff41b48f
00000000-0000-0000-0000-000000000000	1412	6uhxszgldecp	644d8b15-9a0e-43c3-bdb3-91cef5aecf31	t	2026-05-15 18:50:30.410713+00	2026-05-15 20:07:32.738397+00	qx6wmf6mbne7	d7531276-cc29-4186-8df0-cb6eff41b48f
00000000-0000-0000-0000-000000000000	1413	wgdgz6uu75bd	644d8b15-9a0e-43c3-bdb3-91cef5aecf31	t	2026-05-15 20:07:32.754016+00	2026-05-15 21:45:47.569047+00	6uhxszgldecp	d7531276-cc29-4186-8df0-cb6eff41b48f
00000000-0000-0000-0000-000000000000	1414	s6imppf4fu2o	644d8b15-9a0e-43c3-bdb3-91cef5aecf31	t	2026-05-15 21:45:47.583138+00	2026-05-15 23:00:15.448526+00	wgdgz6uu75bd	d7531276-cc29-4186-8df0-cb6eff41b48f
00000000-0000-0000-0000-000000000000	1415	ttd4eobpzh7t	644d8b15-9a0e-43c3-bdb3-91cef5aecf31	t	2026-05-15 23:00:15.476088+00	2026-05-16 00:19:26.123425+00	s6imppf4fu2o	d7531276-cc29-4186-8df0-cb6eff41b48f
00000000-0000-0000-0000-000000000000	1416	g3656khawt44	644d8b15-9a0e-43c3-bdb3-91cef5aecf31	t	2026-05-16 00:19:26.149438+00	2026-05-16 01:46:53.977389+00	ttd4eobpzh7t	d7531276-cc29-4186-8df0-cb6eff41b48f
00000000-0000-0000-0000-000000000000	1397	t6do5asw4q6z	644d8b15-9a0e-43c3-bdb3-91cef5aecf31	t	2026-05-13 03:43:35.984711+00	2026-05-16 03:39:56.275531+00	wzgynzutyot6	e545070e-ebdb-4952-970e-4f685107230a
00000000-0000-0000-0000-000000000000	1417	m5qrxdxv4mqc	644d8b15-9a0e-43c3-bdb3-91cef5aecf31	t	2026-05-16 01:46:54.012224+00	2026-05-16 04:24:25.172335+00	g3656khawt44	d7531276-cc29-4186-8df0-cb6eff41b48f
00000000-0000-0000-0000-000000000000	1418	fd62cy2musnq	644d8b15-9a0e-43c3-bdb3-91cef5aecf31	t	2026-05-16 03:39:56.307447+00	2026-05-16 04:42:39.065288+00	t6do5asw4q6z	e545070e-ebdb-4952-970e-4f685107230a
00000000-0000-0000-0000-000000000000	1419	ghkt4j7llxrk	644d8b15-9a0e-43c3-bdb3-91cef5aecf31	t	2026-05-16 04:24:25.208712+00	2026-05-16 05:40:34.472979+00	m5qrxdxv4mqc	d7531276-cc29-4186-8df0-cb6eff41b48f
00000000-0000-0000-0000-000000000000	1421	sdir3kinmp2p	644d8b15-9a0e-43c3-bdb3-91cef5aecf31	t	2026-05-16 05:40:34.499641+00	2026-05-16 08:29:39.548531+00	ghkt4j7llxrk	d7531276-cc29-4186-8df0-cb6eff41b48f
00000000-0000-0000-0000-000000000000	1422	gdk3u2wmvedt	644d8b15-9a0e-43c3-bdb3-91cef5aecf31	t	2026-05-16 08:29:39.57588+00	2026-05-16 10:22:27.130285+00	sdir3kinmp2p	d7531276-cc29-4186-8df0-cb6eff41b48f
00000000-0000-0000-0000-000000000000	1423	t6aom2zpm6wu	644d8b15-9a0e-43c3-bdb3-91cef5aecf31	t	2026-05-16 10:22:27.150517+00	2026-05-16 11:46:28.85589+00	gdk3u2wmvedt	d7531276-cc29-4186-8df0-cb6eff41b48f
00000000-0000-0000-0000-000000000000	1420	5evd6ozyypql	644d8b15-9a0e-43c3-bdb3-91cef5aecf31	t	2026-05-16 04:42:39.081839+00	2026-05-16 17:17:48.348314+00	fd62cy2musnq	e545070e-ebdb-4952-970e-4f685107230a
00000000-0000-0000-0000-000000000000	1424	3phq32jj52c7	644d8b15-9a0e-43c3-bdb3-91cef5aecf31	t	2026-05-16 11:46:28.869122+00	2026-05-16 18:06:11.699634+00	t6aom2zpm6wu	d7531276-cc29-4186-8df0-cb6eff41b48f
00000000-0000-0000-0000-000000000000	1425	w7pe2nxc2syg	644d8b15-9a0e-43c3-bdb3-91cef5aecf31	t	2026-05-16 17:17:48.381399+00	2026-05-16 23:48:33.511449+00	5evd6ozyypql	e545070e-ebdb-4952-970e-4f685107230a
00000000-0000-0000-0000-000000000000	1427	dikxqmvh4yqd	644d8b15-9a0e-43c3-bdb3-91cef5aecf31	t	2026-05-16 23:48:33.528383+00	2026-05-17 15:20:54.546309+00	w7pe2nxc2syg	e545070e-ebdb-4952-970e-4f685107230a
00000000-0000-0000-0000-000000000000	1428	ndajpx546vmd	644d8b15-9a0e-43c3-bdb3-91cef5aecf31	t	2026-05-17 15:20:54.581225+00	2026-05-17 17:09:33.903419+00	dikxqmvh4yqd	e545070e-ebdb-4952-970e-4f685107230a
00000000-0000-0000-0000-000000000000	1426	dk6lj45h7qms	644d8b15-9a0e-43c3-bdb3-91cef5aecf31	t	2026-05-16 18:06:11.7196+00	2026-05-18 16:53:48.832297+00	3phq32jj52c7	d7531276-cc29-4186-8df0-cb6eff41b48f
00000000-0000-0000-0000-000000000000	1430	loh3nbgnx2rb	644d8b15-9a0e-43c3-bdb3-91cef5aecf31	t	2026-05-18 16:53:48.86739+00	2026-05-18 20:23:03.352074+00	dk6lj45h7qms	d7531276-cc29-4186-8df0-cb6eff41b48f
00000000-0000-0000-0000-000000000000	1431	ix7rkuvwvfkv	644d8b15-9a0e-43c3-bdb3-91cef5aecf31	t	2026-05-18 20:23:03.37003+00	2026-05-18 21:59:13.890239+00	loh3nbgnx2rb	d7531276-cc29-4186-8df0-cb6eff41b48f
00000000-0000-0000-0000-000000000000	1429	6telgixfr5iu	644d8b15-9a0e-43c3-bdb3-91cef5aecf31	t	2026-05-17 17:09:33.931696+00	2026-05-19 01:11:56.583161+00	ndajpx546vmd	e545070e-ebdb-4952-970e-4f685107230a
00000000-0000-0000-0000-000000000000	1432	miqnbgjvumbd	644d8b15-9a0e-43c3-bdb3-91cef5aecf31	t	2026-05-18 21:59:13.913374+00	2026-05-19 16:58:43.436569+00	ix7rkuvwvfkv	d7531276-cc29-4186-8df0-cb6eff41b48f
00000000-0000-0000-0000-000000000000	1434	rdctfcqmr23u	644d8b15-9a0e-43c3-bdb3-91cef5aecf31	t	2026-05-19 16:58:43.470451+00	2026-05-19 18:45:30.0158+00	miqnbgjvumbd	d7531276-cc29-4186-8df0-cb6eff41b48f
00000000-0000-0000-0000-000000000000	1435	rg4spsuobmih	644d8b15-9a0e-43c3-bdb3-91cef5aecf31	t	2026-05-19 18:45:30.039609+00	2026-05-19 19:46:15.777903+00	rdctfcqmr23u	d7531276-cc29-4186-8df0-cb6eff41b48f
00000000-0000-0000-0000-000000000000	1436	oliyfww5h5ec	644d8b15-9a0e-43c3-bdb3-91cef5aecf31	t	2026-05-19 19:46:15.793382+00	2026-05-19 21:21:04.727665+00	rg4spsuobmih	d7531276-cc29-4186-8df0-cb6eff41b48f
00000000-0000-0000-0000-000000000000	1433	5pbxarioqeqy	644d8b15-9a0e-43c3-bdb3-91cef5aecf31	t	2026-05-19 01:11:56.617631+00	2026-05-19 22:50:23.909884+00	6telgixfr5iu	e545070e-ebdb-4952-970e-4f685107230a
00000000-0000-0000-0000-000000000000	1437	fmhkt74ghzb4	644d8b15-9a0e-43c3-bdb3-91cef5aecf31	t	2026-05-19 21:21:04.743769+00	2026-05-19 22:32:46.900007+00	oliyfww5h5ec	d7531276-cc29-4186-8df0-cb6eff41b48f
00000000-0000-0000-0000-000000000000	1439	7a3tjt52mcph	644d8b15-9a0e-43c3-bdb3-91cef5aecf31	f	2026-05-19 22:50:23.923927+00	2026-05-19 22:50:23.923927+00	5pbxarioqeqy	e545070e-ebdb-4952-970e-4f685107230a
00000000-0000-0000-0000-000000000000	1438	3gqgytjknkp2	644d8b15-9a0e-43c3-bdb3-91cef5aecf31	t	2026-05-19 22:32:46.920697+00	2026-05-20 05:51:20.961815+00	fmhkt74ghzb4	d7531276-cc29-4186-8df0-cb6eff41b48f
00000000-0000-0000-0000-000000000000	1440	o6b2lctt5ur5	644d8b15-9a0e-43c3-bdb3-91cef5aecf31	t	2026-05-20 05:51:20.995073+00	2026-05-20 06:58:56.172621+00	3gqgytjknkp2	d7531276-cc29-4186-8df0-cb6eff41b48f
00000000-0000-0000-0000-000000000000	1441	ncyqsoxx5sla	644d8b15-9a0e-43c3-bdb3-91cef5aecf31	t	2026-05-20 06:58:56.196078+00	2026-05-20 08:08:20.663218+00	o6b2lctt5ur5	d7531276-cc29-4186-8df0-cb6eff41b48f
00000000-0000-0000-0000-000000000000	1442	zwxkuafggsru	644d8b15-9a0e-43c3-bdb3-91cef5aecf31	t	2026-05-20 08:08:20.676348+00	2026-05-20 09:29:58.326566+00	ncyqsoxx5sla	d7531276-cc29-4186-8df0-cb6eff41b48f
00000000-0000-0000-0000-000000000000	1443	twar7l2f52z3	644d8b15-9a0e-43c3-bdb3-91cef5aecf31	t	2026-05-20 09:29:58.355364+00	2026-05-20 11:51:02.178476+00	zwxkuafggsru	d7531276-cc29-4186-8df0-cb6eff41b48f
00000000-0000-0000-0000-000000000000	1444	ya5xfgphwjnf	644d8b15-9a0e-43c3-bdb3-91cef5aecf31	t	2026-05-20 11:51:02.208295+00	2026-05-20 13:27:08.641862+00	twar7l2f52z3	d7531276-cc29-4186-8df0-cb6eff41b48f
00000000-0000-0000-0000-000000000000	1445	3zplylksifvs	644d8b15-9a0e-43c3-bdb3-91cef5aecf31	t	2026-05-20 13:27:08.661877+00	2026-05-20 14:34:48.716523+00	ya5xfgphwjnf	d7531276-cc29-4186-8df0-cb6eff41b48f
00000000-0000-0000-0000-000000000000	1446	bbyv2mx5orzm	644d8b15-9a0e-43c3-bdb3-91cef5aecf31	t	2026-05-20 14:34:48.738343+00	2026-05-20 16:09:34.155691+00	3zplylksifvs	d7531276-cc29-4186-8df0-cb6eff41b48f
00000000-0000-0000-0000-000000000000	1447	sreylo6a62et	644d8b15-9a0e-43c3-bdb3-91cef5aecf31	t	2026-05-20 16:09:34.188948+00	2026-05-20 18:15:04.780013+00	bbyv2mx5orzm	d7531276-cc29-4186-8df0-cb6eff41b48f
00000000-0000-0000-0000-000000000000	1448	achevjsj3m5j	644d8b15-9a0e-43c3-bdb3-91cef5aecf31	t	2026-05-20 18:15:04.819207+00	2026-05-20 19:13:34.507276+00	sreylo6a62et	d7531276-cc29-4186-8df0-cb6eff41b48f
00000000-0000-0000-0000-000000000000	1449	td3mftav7ghl	644d8b15-9a0e-43c3-bdb3-91cef5aecf31	t	2026-05-20 19:13:34.555205+00	2026-05-20 20:12:05.841117+00	achevjsj3m5j	d7531276-cc29-4186-8df0-cb6eff41b48f
00000000-0000-0000-0000-000000000000	1450	yuxh6si5yhil	644d8b15-9a0e-43c3-bdb3-91cef5aecf31	t	2026-05-20 20:12:05.918491+00	2026-05-20 21:30:39.44452+00	td3mftav7ghl	d7531276-cc29-4186-8df0-cb6eff41b48f
00000000-0000-0000-0000-000000000000	1451	jqpte66dukui	644d8b15-9a0e-43c3-bdb3-91cef5aecf31	t	2026-05-20 21:30:39.480146+00	2026-05-20 22:29:09.965539+00	yuxh6si5yhil	d7531276-cc29-4186-8df0-cb6eff41b48f
00000000-0000-0000-0000-000000000000	1452	pdh4pphbxs6k	644d8b15-9a0e-43c3-bdb3-91cef5aecf31	t	2026-05-20 22:29:09.989129+00	2026-05-20 23:52:13.683085+00	jqpte66dukui	d7531276-cc29-4186-8df0-cb6eff41b48f
00000000-0000-0000-0000-000000000000	1453	faj5fynk74gw	644d8b15-9a0e-43c3-bdb3-91cef5aecf31	t	2026-05-20 23:52:13.719464+00	2026-05-21 02:13:35.128166+00	pdh4pphbxs6k	d7531276-cc29-4186-8df0-cb6eff41b48f
00000000-0000-0000-0000-000000000000	1454	mqt4asu34lvf	644d8b15-9a0e-43c3-bdb3-91cef5aecf31	f	2026-05-21 02:13:35.151468+00	2026-05-21 02:13:35.151468+00	faj5fynk74gw	d7531276-cc29-4186-8df0-cb6eff41b48f
\.


--
-- Data for Name: sso_providers; Type: TABLE DATA; Schema: auth; Owner: supabase_auth_admin
--

COPY "auth"."sso_providers" ("id", "resource_id", "created_at", "updated_at", "disabled") FROM stdin;
\.


--
-- Data for Name: saml_providers; Type: TABLE DATA; Schema: auth; Owner: supabase_auth_admin
--

COPY "auth"."saml_providers" ("id", "sso_provider_id", "entity_id", "metadata_xml", "metadata_url", "attribute_mapping", "created_at", "updated_at", "name_id_format") FROM stdin;
\.


--
-- Data for Name: saml_relay_states; Type: TABLE DATA; Schema: auth; Owner: supabase_auth_admin
--

COPY "auth"."saml_relay_states" ("id", "sso_provider_id", "request_id", "for_email", "redirect_to", "created_at", "updated_at", "flow_state_id") FROM stdin;
\.


--
-- Data for Name: sso_domains; Type: TABLE DATA; Schema: auth; Owner: supabase_auth_admin
--

COPY "auth"."sso_domains" ("id", "sso_provider_id", "domain", "created_at", "updated_at") FROM stdin;
\.


--
-- Data for Name: webauthn_challenges; Type: TABLE DATA; Schema: auth; Owner: supabase_auth_admin
--

COPY "auth"."webauthn_challenges" ("id", "user_id", "challenge_type", "session_data", "created_at", "expires_at") FROM stdin;
\.


--
-- Data for Name: webauthn_credentials; Type: TABLE DATA; Schema: auth; Owner: supabase_auth_admin
--

COPY "auth"."webauthn_credentials" ("id", "user_id", "credential_id", "public_key", "attestation_type", "aaguid", "sign_count", "transports", "backup_eligible", "backed_up", "friendly_name", "created_at", "updated_at", "last_used_at") FROM stdin;
\.


--
-- Data for Name: accounts; Type: TABLE DATA; Schema: public; Owner: postgres
--

COPY "public"."accounts" ("id", "user_id", "name", "color", "currency", "balance", "type", "stock_symbol", "monto_invertido", "shares", "display_order", "created_at", "updated_at", "principal", "interest_rate", "term_months", "maturity_date", "compounding_frequency", "early_withdrawal_penalty", "withholding_tax_rate", "cd_created_at", "investment_type") FROM stdin;
dc52afb8-0e53-4ac3-bee3-1b903c7320da	e63e29c7-b10e-4dd1-a2b8-e44f9cd93083	hola	#3B82F6	COP	234424.000000	normal	\N	\N	\N	0	2025-11-26 01:51:04.831476+00	2025-11-26 01:51:04.831476+00	\N	\N	\N	\N	\N	\N	\N	\N	\N
3c3d6a40-9063-4a37-a547-a7fbac1d55de	b209dd88-d1ce-4c12-b0f8-0e12953c4dcd	xd	#3b82f6	USD	0.000000	normal	\N	\N	\N	0	2025-11-25 01:53:25.637753+00	2025-11-25 01:53:25.637753+00	\N	\N	\N	\N	\N	\N	\N	\N	\N
463ca636-537b-4d43-ad62-cd2dce37e35b	e63e29c7-b10e-4dd1-a2b8-e44f9cd93083	otrooo	#7489aa	USD	0.000000	normal	\N	\N	\N	0	2025-11-25 04:41:42.622809+00	2025-11-25 04:41:42.622809+00	\N	\N	\N	\N	\N	\N	\N	\N	\N
1ad6393a-fb53-4cb2-beb4-7035cd956882	644d8b15-9a0e-43c3-bdb3-91cef5aecf31	USD - Efectivo	#147832	USD	1016.000000	normal	\N	\N	\N	0	2025-11-25 16:14:28.23064+00	2025-11-25 16:14:28.23064+00	\N	\N	\N	\N	\N	\N	\N	\N	\N
ed6f2bb8-c9f1-45ac-99c3-638dc43ab8e4	4b077e8d-247a-4f1f-bbfb-40d96fee4c35	Plata	#0e5fe1	COP	-53400.000000	normal	\N	\N	\N	\N	2026-01-07 03:52:51.479414+00	2026-01-07 03:52:51.479414+00	\N	\N	\N	\N	\N	\N	\N	\N	\N
ec197b8f-5b0f-4626-bce3-b9f48c19d108	55c2ff24-e2f0-4793-9a61-fb95020b5c3a	test cop	#3b82f6	COP	-1620.000000	normal	\N	\N	\N	3	2025-12-02 17:51:34.031017+00	2025-12-02 17:51:34.031017+00	\N	\N	\N	\N	\N	\N	\N	\N	\N
00de9954-446b-4fc4-8acf-25854e7a04c2	797358df-a1d3-4788-9984-d58a1735cbbf	Test Account 2	#10b981	USD	0.000000	normal	\N	\N	\N	0	2025-12-02 02:07:14.517354+00	2025-12-02 02:07:14.517354+00	\N	\N	\N	\N	\N	\N	\N	\N	\N
07bc497e-ecb1-4084-9a51-385ac3c78b37	e63e29c7-b10e-4dd1-a2b8-e44f9cd93083	fsdfdasasd	#3b82f6	USD	0.000000	normal	\N	\N	\N	1	2025-11-25 04:56:25.627233+00	2025-11-25 04:56:25.627233+00	\N	\N	\N	\N	\N	\N	\N	\N	\N
c27267e7-d995-4779-9eb6-782eee8ab67f	797358df-a1d3-4788-9984-d58a1735cbbf	Test Account 1	#3b82f6	USD	0.000000	normal	\N	\N	\N	0	2025-12-02 02:07:14.308359+00	2025-12-02 02:07:14.308359+00	\N	\N	\N	\N	\N	\N	\N	\N	\N
db9dcfca-45c7-47f3-999d-7276ff356a6f	55c2ff24-e2f0-4793-9a61-fb95020b5c3a	mxn test	#3b82f6	MXN	-5498425098293.000000	normal	\N	\N	\N	0	2025-12-02 18:01:47.561749+00	2025-12-02 18:01:47.561749+00	\N	\N	\N	\N	\N	\N	\N	\N	\N
3a7b4f47-6ca6-4e71-a1a3-b17af6593bc2	4b077e8d-247a-4f1f-bbfb-40d96fee4c35	NU	#941cd4	COP	0.000000	investment	Nu	\N	\N	\N	2026-01-07 03:54:50.795761+00	2026-01-07 03:54:50.795761+00	\N	\N	\N	\N	\N	\N	\N	\N	\N
10da2011-7f8a-40c0-b3b6-36406fc4696f	55c2ff24-e2f0-4793-9a61-fb95020b5c3a	Test CDT bold	#EAB308	COP	0.000000	cd	\N	\N	\N	0	2026-01-07 18:09:12.319623+00	2026-01-07 18:09:12.319623+00	60000000.00	12.00	12	2027-01-08 06:09:10.675	annually	0.00	4.00	2026-01-08 06:09:10.675	cd
3680d80e-50a9-4f1b-abd4-7ece338cbcca	644d8b15-9a0e-43c3-bdb3-91cef5aecf31	12-Month CD	#92400E	COP	0.000000	cd	\N	\N	\N	0	2026-03-04 22:00:36.594892+00	2026-03-04 22:00:36.594892+00	30000000.00	12.00	12	2027-03-04 22:00:33.184	annually	\N	4.00	2026-03-04 22:00:33.184	cd
abc1f4f6-5b54-4d7f-898f-ef5f7be0a33e	644d8b15-9a0e-43c3-bdb3-91cef5aecf31	6-month CD	#D97706	COP	13000856.290000	cd	\N	\N	\N	0	2026-03-04 16:13:57.894112+00	2026-03-04 16:13:57.894112+00	13000000.00	11.20	6	2026-09-04 16:13:54.69	annually	\N	4.00	2026-03-04 16:13:54.69	cd
4889c460-a9d2-4f9a-a842-adc839e4e889	6a228fc9-2baf-4978-843c-eb78c4c9ae08	Sexo	#3B82F6	COP	0.000000	normal	\N	\N	\N	\N	2026-01-10 21:37:50.767202+00	2026-01-10 21:37:50.767202+00	\N	\N	\N	\N	\N	\N	\N	\N	\N
006a3da8-9560-4f4d-95b8-b277133a2fa4	644d8b15-9a0e-43c3-bdb3-91cef5aecf31	Hapi MX	#8B5CF6	USD	3873.835320	investment	VOO	265.010000	0.421580	0	2025-12-08 18:00:54.023554+00	2025-12-08 18:00:54.023554+00	\N	\N	\N	\N	\N	\N	\N	\N	\N
06a793b8-e361-4392-b582-4abaac092be8	644d8b15-9a0e-43c3-bdb3-91cef5aecf31	Hapi	#8B5CF6	USD	19859.196300	investment	VOO	19465.000000	35.174170	1	2025-11-25 16:08:44.372787+00	2025-11-25 16:08:44.372787+00	\N	\N	\N	\N	\N	\N	\N	\N	\N
229129a7-7788-46aa-8b14-8c774f0ad87e	644d8b15-9a0e-43c3-bdb3-91cef5aecf31	Banamex	#d44040	MXN	68574.880000	normal	\N	\N	\N	5	2025-11-25 16:13:22.754503+00	2025-11-25 16:13:22.754503+00	\N	\N	\N	\N	\N	\N	\N	\N	\N
2a924d43-1f49-49a9-85a8-4ecace77f307	55c2ff24-e2f0-4793-9a61-fb95020b5c3a	same curr	#3b82f6	USD	254.000000	normal	\N	\N	\N	2	2025-11-28 00:06:19.480977+00	2025-11-28 00:06:19.480977+00	\N	\N	\N	\N	\N	\N	\N	\N	\N
bbd29dd6-c22e-46bb-b4c3-f1edb99bc82e	55c2ff24-e2f0-4793-9a61-fb95020b5c3a	todelete	#3B82F6	USD	200.000000	normal	\N	\N	\N	0	2025-12-02 18:39:53.119579+00	2025-12-02 18:39:53.119579+00	\N	\N	\N	\N	\N	\N	\N	\N	\N
35997ca6-074e-47d8-b364-7b966a833518	644d8b15-9a0e-43c3-bdb3-91cef5aecf31	Tarjeta de Alimentos	#ff0000	MXN	514.000000	normal	\N	\N	\N	3	2025-11-29 21:34:06.588363+00	2025-11-29 21:34:06.588363+00	\N	\N	\N	\N	\N	\N	\N	\N	\N
d43c394b-53af-4f3b-8fe0-c0786d5b509c	644d8b15-9a0e-43c3-bdb3-91cef5aecf31	MXN - Efectivo	#147832	MXN	200.000000	normal	\N	\N	\N	2	2025-11-25 16:14:12.610352+00	2025-11-25 16:14:12.610352+00	\N	\N	\N	\N	\N	\N	\N	\N	\N
10366590-8e67-4a0f-9229-8a892b54baa6	4b077e8d-247a-4f1f-bbfb-40d96fee4c35	Efectivo	#19d260	COP	35800.000000	normal	\N	\N	\N	\N	2026-01-07 04:12:13.476343+00	2026-01-07 04:12:13.476343+00	\N	\N	\N	\N	\N	\N	\N	\N	\N
da41fa99-8bb4-4f5c-9b47-76ca630d08b5	644d8b15-9a0e-43c3-bdb3-91cef5aecf31	Bancolombia	#e4e665	COP	1756971.000000	normal	\N	\N	\N	8	2025-11-25 16:13:07.974725+00	2025-11-25 16:13:07.974725+00	\N	\N	\N	\N	\N	\N	\N	\N	\N
a4b49a0a-ddab-495a-9f05-83a386c42365	55c2ff24-e2f0-4793-9a61-fb95020b5c3a	test investment	#8B5CF6	USD	0.000000	investment	VOO	\N	\N	\N	2026-01-07 18:22:26.168283+00	2026-01-07 18:22:26.168283+00	\N	\N	\N	\N	\N	\N	\N	\N	\N
28c2305d-c6d3-46be-a5c7-36ad7b266013	644d8b15-9a0e-43c3-bdb3-91cef5aecf31	Nubank	#852bb6	COP	11311813.000000	normal	\N	\N	\N	6	2025-11-25 16:12:48.536482+00	2025-11-25 16:12:48.536482+00	\N	\N	\N	\N	\N	\N	\N	\N	\N
fab832e0-5215-4d5f-b467-bdcff6143e4e	4b077e8d-247a-4f1f-bbfb-40d96fee4c35	Tarjeta de crédito	#eddb0c	COP	6000000.000000	normal	\N	\N	\N	\N	2026-01-07 03:46:52.059848+00	2026-01-07 03:46:52.059848+00	\N	\N	\N	\N	\N	\N	\N	\N	\N
69eae210-c400-4bb9-a32b-780e221b8999	644d8b15-9a0e-43c3-bdb3-91cef5aecf31	COP - Efectivo	#147832	COP	0.000000	normal	\N	\N	\N	7	2025-11-25 16:14:49.492552+00	2025-11-25 16:14:49.492552+00	\N	\N	\N	\N	\N	\N	\N	\N	\N
6f92d2de-5d36-4c8a-a8d8-a6400be5d6d9	644d8b15-9a0e-43c3-bdb3-91cef5aecf31	3-month CD	#F59E0B	COP	10000643.130000	cd	\N	\N	\N	0	2026-03-04 16:16:14.947657+00	2026-03-04 16:16:14.947657+00	10000000.00	11.00	3	2026-06-04 16:16:12.924	annually	\N	4.00	2026-03-04 16:16:12.924	cd
633a9fa6-5f77-4b76-9f93-f87b59a8eb41	55c2ff24-e2f0-4793-9a61-fb95020b5c3a	test multiple fixed	#3B82F6	USD	0.000000	normal	\N	\N	\N	\N	2026-03-07 22:10:16.766197+00	2026-03-07 22:10:16.766197+00	\N	\N	\N	\N	\N	\N	\N	\N	\N
ed3c9bb2-d2e6-4a63-a4df-f0345853f472	644d8b15-9a0e-43c3-bdb3-91cef5aecf31	Nubank	#852bb6	MXN	103644.230000	normal	\N	\N	\N	4	2025-11-25 16:12:18.310891+00	2025-11-25 16:12:18.310891+00	\N	\N	\N	\N	\N	\N	\N	\N	\N
\.


--
-- Data for Name: budget_entries; Type: TABLE DATA; Schema: public; Owner: postgres
--

COPY "public"."budget_entries" ("id", "user_id", "name", "amount", "display_order", "created_at", "updated_at") FROM stdin;
\.


--
-- Data for Name: exchange_rates; Type: TABLE DATA; Schema: public; Owner: postgres
--

COPY "public"."exchange_rates" ("id", "base_currency", "target_currency", "rate", "last_updated", "created_at") FROM stdin;
COP_MXN	COP	MXN	0.0047344918	2025-12-07 15:35:50.385+00	2025-12-07 15:35:50.385+00
MXN_COP	MXN	COP	219.5431441000	2026-05-20 05:51:32.73+00	2025-12-20 21:21:51.399+00
MXN_USD	MXN	USD	0.0574458420	2026-05-20 17:05:06.983+00	2025-12-08 20:33:23.219+00
USD_MXN	USD	MXN	17.4077003000	2026-05-20 19:05:46.224+00	2025-12-09 16:40:44.924+00
COP_USD	COP	USD	0.0002635500	2026-05-20 19:05:57.351+00	2025-12-08 16:36:38.339+00
USD_EUR	USD	EUR	0.8616109600	2026-05-20 19:05:57.752+00	2025-12-09 16:40:47.481+00
USD_GBP	USD	GBP	0.7459524600	2026-05-20 19:05:58.303+00	2025-12-09 16:40:49.623+00
USD_COP	USD	COP	3794.3458664300	2026-05-20 19:20:56.433+00	2026-05-20 19:20:56.433+00
61700832-abd6-4508-b59d-286b27d5a38c	EUR	USD	1.1701127400	2026-01-07 18:06:36.671+00	2026-01-07 18:06:36.74031+00
\.


--
-- Data for Name: fixed_expense_groups; Type: TABLE DATA; Schema: public; Owner: postgres
--

COPY "public"."fixed_expense_groups" ("id", "name", "color", "created_at", "updated_at", "user_id", "display_order") FROM stdin;
f6cf185b-6f78-4576-8e99-f5cfdb90a02c	Default	#6B7280	2025-12-02 19:27:08.300154+00	2025-12-02 19:27:08.300154+00	4b077e8d-247a-4f1f-bbfb-40d96fee4c35	0
237015d0-945a-4937-935d-d6eab825e356	Default	#6B7280	2025-12-02 19:27:08.300154+00	2025-12-02 19:27:08.300154+00	e63e29c7-b10e-4dd1-a2b8-e44f9cd93083	0
9f74baa3-7659-4379-845b-e2a6d49686c0	Default	#6B7280	2025-12-02 19:27:08.300154+00	2025-12-02 19:27:08.300154+00	797358df-a1d3-4788-9984-d58a1735cbbf	0
00000000-0000-0000-0000-000000000001	Default	#6B7280	2025-11-27 18:54:52.020872+00	2025-12-05 02:50:53.54215+00	644d8b15-9a0e-43c3-bdb3-91cef5aecf31	0
80dab2f1-5851-4982-916d-1e8937d0c628	House	#3b82f6	2025-11-27 19:26:57.24+00	2025-12-05 02:50:53.663978+00	644d8b15-9a0e-43c3-bdb3-91cef5aecf31	1
7cfa2087-dd55-4701-827e-a2e98fd14e12	Utilities	#3e8e2e	2025-11-27 19:13:36.586+00	2025-12-05 02:50:53.939283+00	644d8b15-9a0e-43c3-bdb3-91cef5aecf31	3
ee3240a4-9cd2-432d-a7bb-9688af413380	Default	#6B7280	2025-12-02 19:27:08.300154+00	2025-12-06 16:27:28.946689+00	55c2ff24-e2f0-4793-9a61-fb95020b5c3a	1
\.


--
-- Data for Name: investment_api_calls; Type: TABLE DATA; Schema: public; Owner: postgres
--

COPY "public"."investment_api_calls" ("id", "api_key_hash", "call_date", "call_count", "created_at", "updated_at") FROM stdin;
2ba86f38-cef0-4b34-9421-9eda3619d37b		2025-11-25	1	2025-11-25 20:18:23.560163+00	2025-11-25 20:18:23.560163+00
bc7881c0-f074-4796-9307-2ca2c96d0798	2881d5277ba12800d7649ed8d8416ca324d89b3e1313429de56a96c0f2a30639	2025-11-25	4	2025-11-25 20:21:19.186628+00	2025-11-25 20:27:14.550184+00
\.


--
-- Data for Name: movement_templates; Type: TABLE DATA; Schema: public; Owner: postgres
--

COPY "public"."movement_templates" ("id", "user_id", "name", "type", "account_id", "pocket_id", "sub_pocket_id", "default_amount", "notes", "created_at", "updated_at") FROM stdin;
bcc8520f-7524-4423-ae9f-3983d6b70da5	55c2ff24-e2f0-4793-9a61-fb95020b5c3a	tempalte test	IngresoNormal	61f8d696-1c06-4d53-b166-9a18f85290a2	84768928-bf8a-4965-82db-3f2c74fd5e4d	\N	120	test?	2025-11-27 03:35:34.905+00	2025-11-27 03:35:34.905+00
e0a52e0c-080e-47a0-b043-d4db88eca9d3	644d8b15-9a0e-43c3-bdb3-91cef5aecf31	Quincena Ahorros Nu	IngresoNormal	ed3c9bb2-d2e6-4a63-a4df-f0345853f472	f8790365-8899-446c-a514-1e5c4feb489f	\N	1083	quincena	2025-11-28 00:23:08.007+00	2025-11-28 00:23:08.007+00
f110488c-8883-4827-8a95-4cf6d9bc4015	644d8b15-9a0e-43c3-bdb3-91cef5aecf31	Viajes Quincena 1 NU	IngresoNormal	ed3c9bb2-d2e6-4a63-a4df-f0345853f472	e72610ce-d408-4c8a-bcc7-2a31cefccec8	\N	7167	\N	2025-11-28 00:26:45.408+00	2025-11-28 00:26:45.408+00
211b213f-4469-4457-93ce-e4e01d0baffb	644d8b15-9a0e-43c3-bdb3-91cef5aecf31	Para Gastar Banamex Quincena 1	IngresoNormal	229129a7-7788-46aa-8b14-8c774f0ad87e	b064136e-57b1-42ff-8f7f-2988dc3484ec	\N	4838	Quincena	2025-11-28 00:29:38.255+00	2025-11-28 00:29:38.255+00
58d6c901-281e-4665-9cee-c0ea3ae0f011	644d8b15-9a0e-43c3-bdb3-91cef5aecf31	Tarjeta de alimentación	IngresoNormal	35997ca6-074e-47d8-b364-7b966a833518	1597be30-658f-4739-a9e9-727a950ffc53	\N	3866	Mensualidad	2025-11-29 21:52:56.762+00	2025-11-29 21:52:56.762+00
e4b9365b-7c4b-480a-868b-42e89e6487b2	644d8b15-9a0e-43c3-bdb3-91cef5aecf31	Internet Telmex	EgresoFijo	ed3c9bb2-d2e6-4a63-a4df-f0345853f472	6602a84f-0a73-4f78-9540-97268d1f81dc	b37c7737-aa6b-437c-b7a2-40d3e2b1507b	449	telmex	2025-12-02 02:28:44.97+00	2025-12-02 02:28:44.97+00
989df236-9d1a-4b8f-a90a-258c1f54f9e1	644d8b15-9a0e-43c3-bdb3-91cef5aecf31	Celular ATT	EgresoFijo	ed3c9bb2-d2e6-4a63-a4df-f0345853f472	6602a84f-0a73-4f78-9540-97268d1f81dc	bc62e26b-3e0c-45a1-aedd-dd2c7db9513e	369	ATT	2025-12-02 02:30:42.794+00	2025-12-02 02:30:42.794+00
9a12890a-0e58-48f1-855a-9cbe8431cbd8	644d8b15-9a0e-43c3-bdb3-91cef5aecf31	Cinepolis Normal	EgresoNormal	229129a7-7788-46aa-8b14-8c774f0ad87e	b064136e-57b1-42ff-8f7f-2988dc3484ec	\N	60	Cinepolis boleta con descuento tradicional	2025-12-06 21:20:31.258+00	2025-12-06 21:20:31.258+00
9e801a56-f75a-46b1-80c5-797b9acf9a1d	644d8b15-9a0e-43c3-bdb3-91cef5aecf31	Hapi Shares Cuenta MX	IngresoNormal	06a793b8-e361-4392-b582-4abaac092be8	f2dca5ef-9564-45dd-b2f8-7ed6c628fb70	\N	0.42	hapi shares cuenta mx	2025-12-08 16:36:18.815+00	2025-12-08 16:36:18.815+00
4972e23a-7588-4e61-b928-af5f992d2b23	644d8b15-9a0e-43c3-bdb3-91cef5aecf31	Uber diario	EgresoFijo	ed3c9bb2-d2e6-4a63-a4df-f0345853f472	6602a84f-0a73-4f78-9540-97268d1f81dc	90e7ac73-6153-4940-a4ef-699a8005d143	\N	Uber diario casa-ofi	2025-12-03 17:03:36.352+00	2025-12-10 01:00:39.546+00
9a548e86-2a31-49c4-af10-597754091164	644d8b15-9a0e-43c3-bdb3-91cef5aecf31	Renta Mensual Nomad	EgresoFijo	ed3c9bb2-d2e6-4a63-a4df-f0345853f472	6602a84f-0a73-4f78-9540-97268d1f81dc	e5ac9867-5945-42ee-b9ca-8073ad45c4ff	19080	Renta Nomad mensual	2025-12-10 02:49:01.885+00	2025-12-10 02:49:01.885+00
05fd7b8a-82c6-4ac3-a9de-fd89e8f691c2	4b077e8d-247a-4f1f-bbfb-40d96fee4c35	Recarga cívica	IngresoFijo	ed6f2bb8-c9f1-45ac-99c3-638dc43ab8e4	c2c09de2-2b7a-40c4-8338-7dffb0d96ea4	\N	50000	Cívica	2026-01-07 04:04:58.097+00	2026-01-07 04:04:58.097+00
\.


--
-- Data for Name: pockets; Type: TABLE DATA; Schema: public; Owner: postgres
--

COPY "public"."pockets" ("id", "user_id", "account_id", "name", "type", "balance", "currency", "display_order", "created_at", "updated_at") FROM stdin;
db727d7e-4893-4ce8-8870-33b16a673781	55c2ff24-e2f0-4793-9a61-fb95020b5c3a	bbd29dd6-c22e-46bb-b4c3-f1edb99bc82e	dont change name	normal	0.000000	USD	\N	2025-12-02 18:52:48.891916+00	2025-12-02 18:52:48.891916+00
23ae93d3-54aa-4ae1-b586-f33f9667c6d5	644d8b15-9a0e-43c3-bdb3-91cef5aecf31	229129a7-7788-46aa-8b14-8c774f0ad87e	Ahorros	normal	0.400000	MXN	0	2025-11-25 16:35:27.376703+00	2025-11-25 16:35:27.376703+00
ecbc1975-ad89-4886-862e-d9382ae1f338	e63e29c7-b10e-4dd1-a2b8-e44f9cd93083	07bc497e-ecb1-4084-9a51-385ac3c78b37	asDasd	normal	0.000000	USD	0	2025-11-25 04:56:30.948937+00	2025-11-25 04:56:30.948937+00
8a10461f-b301-4cea-a28d-dc846edbebe9	55c2ff24-e2f0-4793-9a61-fb95020b5c3a	2a924d43-1f49-49a9-85a8-4ecace77f307	same curr pocket test	normal	254.000000	USD	\N	2025-12-02 18:56:52.479314+00	2025-12-02 18:56:52.479314+00
fe1fe884-bd73-42f7-b22f-a03eb3b80093	644d8b15-9a0e-43c3-bdb3-91cef5aecf31	229129a7-7788-46aa-8b14-8c774f0ad87e	Fijos Renta	fixed	2251.790000	MXN	\N	2026-03-07 22:20:04.314843+00	2026-03-07 22:20:04.314843+00
ddcf30a0-940f-4137-a6f4-368acca0dccf	e63e29c7-b10e-4dd1-a2b8-e44f9cd93083	dc52afb8-0e53-4ac3-bee3-1b903c7320da	HOALAA	normal	234324.000000	COP	0	2025-11-26 01:51:05.886605+00	2025-11-26 01:51:05.886605+00
5579e1a5-ddc5-4db8-93a4-2779713dcbdf	e63e29c7-b10e-4dd1-a2b8-e44f9cd93083	dc52afb8-0e53-4ac3-bee3-1b903c7320da	pepe2	normal	100.000000	COP	0	2025-11-26 01:51:09.476421+00	2025-11-26 01:51:09.476421+00
845fe9bb-de2b-4cb0-bc69-600cc0877a08	797358df-a1d3-4788-9984-d58a1735cbbf	c27267e7-d995-4779-9eb6-782eee8ab67f	First	normal	0.000000	USD	0	2025-12-02 02:07:25.763904+00	2025-12-02 02:07:26.998+00
9807b783-9f77-4d2f-badd-923c410ac2cd	797358df-a1d3-4788-9984-d58a1735cbbf	c27267e7-d995-4779-9eb6-782eee8ab67f	Second	normal	0.000000	USD	1	2025-12-02 02:07:26.548332+00	2025-12-02 02:07:27.182+00
092b1b98-1bf4-45ee-be1c-41fa9b9bd076	797358df-a1d3-4788-9984-d58a1735cbbf	c27267e7-d995-4779-9eb6-782eee8ab67f	Third	normal	0.000000	USD	2	2025-12-02 02:07:25.005841+00	2025-12-02 02:07:27.37+00
037a41d6-efab-47f5-9835-60d55120fa9a	55c2ff24-e2f0-4793-9a61-fb95020b5c3a	bbd29dd6-c22e-46bb-b4c3-f1edb99bc82e	other to delete	normal	0.000000	USD	\N	2025-12-02 18:52:43.051668+00	2025-12-02 18:52:43.051668+00
1597be30-658f-4739-a9e9-727a950ffc53	644d8b15-9a0e-43c3-bdb3-91cef5aecf31	35997ca6-074e-47d8-b364-7b966a833518	Edenred	normal	514.000000	MXN	0	2025-11-29 21:51:46.783025+00	2025-11-29 21:51:46.783025+00
74ad0a02-b2eb-494a-9318-8b634ee85e92	55c2ff24-e2f0-4793-9a61-fb95020b5c3a	ec197b8f-5b0f-4626-bce3-b9f48c19d108	test cop	normal	-1620.000000	COP	\N	2025-12-02 18:56:46.634762+00	2025-12-02 18:56:46.634762+00
08ec0d07-c4f7-456a-b319-1c20ab04d859	55c2ff24-e2f0-4793-9a61-fb95020b5c3a	db9dcfca-45c7-47f3-999d-7276ff356a6f	XD	normal	-5498425098293.000000	MXN	\N	2026-01-16 17:15:37.407558+00	2026-01-16 17:15:37.407558+00
c2c09de2-2b7a-40c4-8338-7dffb0d96ea4	4b077e8d-247a-4f1f-bbfb-40d96fee4c35	ed6f2bb8-c9f1-45ac-99c3-638dc43ab8e4	Plata	normal	-3400.000000	COP	\N	2026-01-07 03:53:54.157254+00	2026-01-07 03:53:54.157254+00
a8f48702-af48-4a20-b218-67258bb42ad1	644d8b15-9a0e-43c3-bdb3-91cef5aecf31	06a793b8-e361-4392-b582-4abaac092be8	Invested Money	normal	19823.450000	USD	0	2025-11-25 17:10:20.705919+00	2025-11-25 17:10:20.705919+00
79b1fb5d-619d-4c0b-acf4-21ce03c36963	644d8b15-9a0e-43c3-bdb3-91cef5aecf31	69eae210-c400-4bb9-a32b-780e221b8999	Cash	normal	0.000000	COP	0	2025-11-25 16:25:46.639548+00	2025-11-25 16:25:46.639548+00
7f3b9e25-8add-4771-a2e6-e620cc65442f	644d8b15-9a0e-43c3-bdb3-91cef5aecf31	da41fa99-8bb4-4f5c-9b47-76ca630d08b5	Para gastar	normal	1756971.000000	COP	0	2025-11-25 16:26:09.089481+00	2025-11-25 16:26:09.089481+00
e387041e-2b61-48bf-93fa-9669c249ef3b	55c2ff24-e2f0-4793-9a61-fb95020b5c3a	633a9fa6-5f77-4b76-9f93-f87b59a8eb41	test fixed 1	fixed	0.000000	USD	\N	2026-03-07 22:13:37.355145+00	2026-03-07 22:13:37.355145+00
d188c48a-353c-4bdd-8c4d-41b43a508eb9	55c2ff24-e2f0-4793-9a61-fb95020b5c3a	2a924d43-1f49-49a9-85a8-4ecace77f307	test fixed 2	fixed	0.000000	USD	\N	2026-03-07 22:13:47.808606+00	2026-03-07 22:13:47.808606+00
4430bd24-fa21-4a81-ab81-6ff51d43877f	644d8b15-9a0e-43c3-bdb3-91cef5aecf31	1ad6393a-fb53-4cb2-beb4-7035cd956882	Cash	normal	1016.000000	USD	0	2025-11-25 16:25:31.338721+00	2025-11-25 16:25:31.338721+00
61b7c635-6924-4d7d-9cda-1e19ec256bbf	644d8b15-9a0e-43c3-bdb3-91cef5aecf31	006a3da8-9560-4f4d-95b8-b277133a2fa4	Shares	normal	5.935320	USD	\N	2025-12-08 18:01:09.663768+00	2025-12-08 18:01:09.663768+00
9430a64d-593e-407b-8c56-2ba506e90d95	55c2ff24-e2f0-4793-9a61-fb95020b5c3a	bbd29dd6-c22e-46bb-b4c3-f1edb99bc82e	fixed	fixed	200.000000	USD	\N	2025-12-02 19:32:38.677411+00	2025-12-02 19:32:38.677411+00
0b2fd392-cfa9-416e-a1cb-aa80cc5a1907	644d8b15-9a0e-43c3-bdb3-91cef5aecf31	ed3c9bb2-d2e6-4a63-a4df-f0345853f472	Dinero de respaldo	normal	454.150000	MXN	\N	2026-03-07 22:04:22.270357+00	2026-03-07 22:04:22.270357+00
8e49d1fa-0d3c-4caf-a6c4-af5a207ca403	644d8b15-9a0e-43c3-bdb3-91cef5aecf31	ed3c9bb2-d2e6-4a63-a4df-f0345853f472	Emergencias	normal	0.000000	MXN	0	2025-11-25 17:09:54.617493+00	2025-11-25 17:09:54.617493+00
f8c02639-f976-458c-a67b-cfb01f75e1bd	644d8b15-9a0e-43c3-bdb3-91cef5aecf31	006a3da8-9560-4f4d-95b8-b277133a2fa4	Invested Money	normal	3867.900000	USD	\N	2025-12-08 18:01:16.429712+00	2025-12-08 18:01:16.429712+00
deebf755-0126-4bc0-bdd2-20bbf21ae0ac	644d8b15-9a0e-43c3-bdb3-91cef5aecf31	28c2305d-c6d3-46be-a5c7-36ad7b266013	Ahorros	normal	11311813.000000	COP	0	2025-11-25 17:12:06.961102+00	2025-11-25 17:12:06.961102+00
cf3a397d-e594-4b9d-a84f-e08cc46c12f0	644d8b15-9a0e-43c3-bdb3-91cef5aecf31	d43c394b-53af-4f3b-8fe0-c0786d5b509c	Cash	normal	200.000000	MXN	0	2025-11-25 16:25:41.159431+00	2025-11-25 16:25:41.159431+00
0ec37925-c048-4f62-8aa5-ebb05456f26c	4b077e8d-247a-4f1f-bbfb-40d96fee4c35	fab832e0-5215-4d5f-b467-bdcff6143e4e	Cupo	normal	6000000.000000	COP	\N	2026-01-07 03:50:35.19914+00	2026-01-07 03:50:35.19914+00
c5224e5f-2f6b-4f42-a66f-70e2def53db6	644d8b15-9a0e-43c3-bdb3-91cef5aecf31	229129a7-7788-46aa-8b14-8c774f0ad87e	Emergencias	normal	0.000000	MXN	0	2025-11-25 17:08:52.348875+00	2025-11-25 17:08:52.348875+00
f8790365-8899-446c-a514-1e5c4feb489f	644d8b15-9a0e-43c3-bdb3-91cef5aecf31	ed3c9bb2-d2e6-4a63-a4df-f0345853f472	Cajita turbo	normal	25816.000000	MXN	0	2025-11-25 17:09:15.541539+00	2025-11-25 17:09:15.541539+00
e72610ce-d408-4c8a-bcc7-2a31cefccec8	644d8b15-9a0e-43c3-bdb3-91cef5aecf31	ed3c9bb2-d2e6-4a63-a4df-f0345853f472	Viajes	normal	43663.460000	MXN	0	2025-11-25 17:09:20.39292+00	2025-11-25 17:09:20.39292+00
f2dca5ef-9564-45dd-b2f8-7ed6c628fb70	644d8b15-9a0e-43c3-bdb3-91cef5aecf31	06a793b8-e361-4392-b582-4abaac092be8	Shares	normal	35.746300	USD	0	2025-11-25 17:10:18.28273+00	2025-11-25 17:10:18.28273+00
3f043b05-d84b-4ecf-ae51-c827b955ba74	644d8b15-9a0e-43c3-bdb3-91cef5aecf31	ed3c9bb2-d2e6-4a63-a4df-f0345853f472	Ahorros	normal	33710.620000	MXN	\N	2026-03-07 22:04:30.981196+00	2026-03-07 22:04:30.981196+00
4fa35fb2-9a61-4fa4-b234-8087aa22fe8a	644d8b15-9a0e-43c3-bdb3-91cef5aecf31	229129a7-7788-46aa-8b14-8c774f0ad87e	Bono	normal	61264.630000	MXN	0	2025-11-28 00:38:46.069405+00	2025-11-28 00:38:46.069405+00
b064136e-57b1-42ff-8f7f-2988dc3484ec	644d8b15-9a0e-43c3-bdb3-91cef5aecf31	229129a7-7788-46aa-8b14-8c774f0ad87e	Para gastar	normal	5058.060000	MXN	0	2025-11-25 16:35:18.02005+00	2025-11-25 16:35:18.02005+00
67995d0b-618c-4c13-97af-918143acd06a	644d8b15-9a0e-43c3-bdb3-91cef5aecf31	da41fa99-8bb4-4f5c-9b47-76ca630d08b5	Ahorros	normal	0.000000	COP	0	2025-11-25 16:26:02.629051+00	2025-11-25 16:26:02.629051+00
09c2046a-545d-452d-910e-78c493e6f6ea	4b077e8d-247a-4f1f-bbfb-40d96fee4c35	ed6f2bb8-c9f1-45ac-99c3-638dc43ab8e4	Servicios	fixed	-50000.000000	COP	\N	2026-01-07 03:53:07.342659+00	2026-01-07 03:53:07.342659+00
7153c541-1974-43df-b7fe-6cc43ddee7c9	55c2ff24-e2f0-4793-9a61-fb95020b5c3a	a4b49a0a-ddab-495a-9f05-83a386c42365	Invested Money	normal	0.000000	USD	\N	2026-01-07 18:22:40.385594+00	2026-01-07 18:22:40.385594+00
88f84caa-8eca-4aad-8d5a-5e1e434e50e9	55c2ff24-e2f0-4793-9a61-fb95020b5c3a	a4b49a0a-ddab-495a-9f05-83a386c42365	Shares	normal	0.000000	USD	\N	2026-01-07 18:22:57.164629+00	2026-01-07 18:22:57.164629+00
4afd96b5-d1cd-4aa7-b5ac-2e928f61f54c	4b077e8d-247a-4f1f-bbfb-40d96fee4c35	10366590-8e67-4a0f-9229-8a892b54baa6	Efectivo	normal	35800.000000	COP	\N	2026-01-07 04:14:09.420993+00	2026-01-07 04:14:09.420993+00
\.


--
-- Data for Name: sub_pockets; Type: TABLE DATA; Schema: public; Owner: postgres
--

COPY "public"."sub_pockets" ("id", "user_id", "pocket_id", "name", "value_total", "periodicity_months", "balance", "enabled", "display_order", "created_at", "updated_at", "group_id") FROM stdin;
c7d313b6-7c13-4ba0-9c08-26fe4f5fef03	644d8b15-9a0e-43c3-bdb3-91cef5aecf31	fe1fe884-bd73-42f7-b22f-a03eb3b80093	Renta	19080.00	1	0.00	f	0	2026-03-07 22:24:53.87156+00	2026-03-07 22:24:53.87156+00	7cfa2087-dd55-4701-827e-a2e98fd14e12
ac9c2aaf-3ba7-4ebd-ba10-738761cceb68	644d8b15-9a0e-43c3-bdb3-91cef5aecf31	fe1fe884-bd73-42f7-b22f-a03eb3b80093	Luz	1000.00	2	699.79	f	0	2026-03-07 22:26:08.405305+00	2026-03-07 22:26:08.405305+00	7cfa2087-dd55-4701-827e-a2e98fd14e12
47ffd757-2f4a-487b-bb74-921343bb8354	55c2ff24-e2f0-4793-9a61-fb95020b5c3a	d188c48a-353c-4bdd-8c4d-41b43a508eb9	adios	200.00	3	0.00	t	\N	2026-03-07 22:14:53.462981+00	2026-03-07 22:14:53.462981+00	ee3240a4-9cd2-432d-a7bb-9688af413380
c4ed0faf-00f6-458d-b0b8-235dd3f20362	644d8b15-9a0e-43c3-bdb3-91cef5aecf31	fe1fe884-bd73-42f7-b22f-a03eb3b80093	Celular	369.00	1	369.00	t	0	2026-04-14 18:12:45.344182+00	2026-04-14 18:12:45.344182+00	80dab2f1-5851-4982-916d-1e8937d0c628
3f885cfd-1a00-493f-9b34-401d63a93037	644d8b15-9a0e-43c3-bdb3-91cef5aecf31	fe1fe884-bd73-42f7-b22f-a03eb3b80093	Transporte	1500.00	1	334.00	t	0	2026-04-14 18:13:42.156289+00	2026-04-14 18:13:42.156289+00	00000000-0000-0000-0000-000000000001
5e00fadd-4a5e-4691-a665-d09365b44824	644d8b15-9a0e-43c3-bdb3-91cef5aecf31	fe1fe884-bd73-42f7-b22f-a03eb3b80093	Gimnasia	1720.00	1	0.00	t	0	2026-03-07 22:26:35.524165+00	2026-03-07 22:26:35.524165+00	80dab2f1-5851-4982-916d-1e8937d0c628
9ccb4b7c-982f-48e1-b533-6d4c04ba48b9	644d8b15-9a0e-43c3-bdb3-91cef5aecf31	fe1fe884-bd73-42f7-b22f-a03eb3b80093	Agua	400.00	2	0.00	f	0	2026-03-07 22:25:56.36904+00	2026-03-07 22:25:56.36904+00	7cfa2087-dd55-4701-827e-a2e98fd14e12
7d8bc519-b8bd-40a7-a85c-919d703ac762	644d8b15-9a0e-43c3-bdb3-91cef5aecf31	fe1fe884-bd73-42f7-b22f-a03eb3b80093	Lavanderia	400.00	1	400.00	t	0	2026-04-14 18:12:57.448201+00	2026-04-14 18:12:57.448201+00	80dab2f1-5851-4982-916d-1e8937d0c628
69f1d086-d702-4493-aa63-635d20869b36	644d8b15-9a0e-43c3-bdb3-91cef5aecf31	fe1fe884-bd73-42f7-b22f-a03eb3b80093	Internet	449.00	1	449.00	t	0	2026-04-14 18:12:35.462542+00	2026-04-14 18:12:35.462542+00	80dab2f1-5851-4982-916d-1e8937d0c628
693a089f-92cd-4ee2-a7de-24b6a3665e54	55c2ff24-e2f0-4793-9a61-fb95020b5c3a	e387041e-2b61-48bf-93fa-9669c249ef3b	hola	1111.00	1	0.00	t	\N	2026-03-07 22:14:27.621818+00	2026-03-07 22:14:27.621818+00	ee3240a4-9cd2-432d-a7bb-9688af413380
\.


--
-- Data for Name: movements; Type: TABLE DATA; Schema: public; Owner: postgres
--

COPY "public"."movements" ("id", "user_id", "type", "account_id", "pocket_id", "sub_pocket_id", "amount", "notes", "displayed_date", "is_pending", "created_at", "updated_at", "is_orphaned", "orphaned_account_name", "orphaned_account_currency", "orphaned_pocket_name") FROM stdin;
77e6f72b-1061-422d-bf25-d76566ba7e9a	644d8b15-9a0e-43c3-bdb3-91cef5aecf31	EgresoNormal	229129a7-7788-46aa-8b14-8c774f0ad87e	b064136e-57b1-42ff-8f7f-2988dc3484ec	\N	275.000000	shoe rack	2025-12-03 06:00:00+00	f	2025-12-03 17:01:31.917857+00	2025-12-03 17:01:31.917857+00	f	\N	\N	\N
35e5c1b6-b100-44aa-98f2-d8fabe96f80d	644d8b15-9a0e-43c3-bdb3-91cef5aecf31	EgresoNormal	229129a7-7788-46aa-8b14-8c774f0ad87e	b064136e-57b1-42ff-8f7f-2988dc3484ec	\N	91.970000	soundiz para transferir de sptofiy a apple msuic	2025-12-03 06:00:00+00	f	2025-12-03 18:02:53.869873+00	2025-12-03 18:02:53.869873+00	f	\N	\N	\N
dbcc8b6e-eea9-43e3-b141-67a2d12f476c	644d8b15-9a0e-43c3-bdb3-91cef5aecf31	IngresoNormal	229129a7-7788-46aa-8b14-8c774f0ad87e	b064136e-57b1-42ff-8f7f-2988dc3484ec	\N	180.000000	diff	2025-12-01 00:00:00+00	f	2025-12-01 21:48:28.035+00	2025-12-01 21:48:27.442159+00	f	\N	\N	\N
db10a4fc-4269-475b-9e10-4540d518be6a	644d8b15-9a0e-43c3-bdb3-91cef5aecf31	EgresoNormal	229129a7-7788-46aa-8b14-8c774f0ad87e	b064136e-57b1-42ff-8f7f-2988dc3484ec	\N	96.400000	Cautin	2025-12-01 00:00:00+00	f	2025-12-02 02:19:02.763+00	2025-12-02 02:19:02.635304+00	f	\N	\N	\N
98e9dcbe-5f5c-4619-8f8c-c3144cf7dcc7	644d8b15-9a0e-43c3-bdb3-91cef5aecf31	EgresoNormal	da41fa99-8bb4-4f5c-9b47-76ca630d08b5	7f3b9e25-8add-4771-a2e6-e620cc65442f	\N	3141000.000000	s25 ultra XD	2025-11-30 06:00:00+00	f	2025-12-01 20:10:59.813+00	2025-12-01 20:11:00.181329+00	f	\N	\N	\N
1594d7c4-1a81-483e-a000-947ec871b234	644d8b15-9a0e-43c3-bdb3-91cef5aecf31	EgresoNormal	35997ca6-074e-47d8-b364-7b966a833518	1597be30-658f-4739-a9e9-727a950ffc53	\N	54.000000	pan para pruebas	2025-12-03 06:00:00+00	f	2025-12-04 03:19:15.638926+00	2025-12-04 03:19:15.638926+00	f	\N	\N	\N
dbea638a-dfac-47eb-ade7-fc63c1748856	644d8b15-9a0e-43c3-bdb3-91cef5aecf31	IngresoFijo	229129a7-7788-46aa-8b14-8c774f0ad87e	fe1fe884-bd73-42f7-b22f-a03eb3b80093	5e00fadd-4a5e-4691-a665-d09365b44824	1720.000000	Monthly contribution for Gimnasia	2026-04-14 00:00:00+00	f	2026-04-14 18:14:44.751162+00	2026-04-14 18:14:44.751162+00	f	\N	\N	\N
0c551735-f9e0-4f0b-b277-9e20f44e6457	644d8b15-9a0e-43c3-bdb3-91cef5aecf31	IngresoNormal	06a793b8-e361-4392-b582-4abaac092be8	a8f48702-af48-4a20-b218-67258bb42ad1	\N	276.860000	compra 1m sync	2026-04-20 00:00:00+00	f	2026-04-20 18:52:45.393296+00	2026-04-20 18:52:45.393296+00	f	\N	\N	\N
91aee4d6-67dd-4fa9-9e92-2b7b8e0d23bf	644d8b15-9a0e-43c3-bdb3-91cef5aecf31	EgresoNormal	da41fa99-8bb4-4f5c-9b47-76ca630d08b5	7f3b9e25-8add-4771-a2e6-e620cc65442f	\N	180000.000000	para el pago de nu	2025-12-03 06:00:00+00	f	2025-12-04 04:10:22.80223+00	2025-12-04 04:10:22.80223+00	f	\N	\N	\N
3e60ca02-fcff-4804-84f2-957f43834cfb	644d8b15-9a0e-43c3-bdb3-91cef5aecf31	EgresoNormal	229129a7-7788-46aa-8b14-8c774f0ad87e	b064136e-57b1-42ff-8f7f-2988dc3484ec	\N	17.500000	gaseosa para panda express almuerz	2025-11-27 00:00:00+00	f	2025-11-27 21:45:16.792+00	2025-11-27 21:45:17.092315+00	f	\N	\N	\N
5a30faf2-959e-402d-bc6b-4c2653bb30fb	644d8b15-9a0e-43c3-bdb3-91cef5aecf31	EgresoNormal	229129a7-7788-46aa-8b14-8c774f0ad87e	b064136e-57b1-42ff-8f7f-2988dc3484ec	\N	3143.000000	700, plantas, 1038 pantalones, 434 pizza coyoacan, 350 piercings cami, 101 cine, 252 crema cara, 	2026-05-03 06:00:00+00	f	2026-05-03 22:31:45.43311+00	2026-05-03 22:31:45.43311+00	f	\N	\N	\N
cf79aba7-831f-484f-938e-6e51b1f63649	644d8b15-9a0e-43c3-bdb3-91cef5aecf31	IngresoNormal	ed3c9bb2-d2e6-4a63-a4df-f0345853f472	f8790365-8899-446c-a514-1e5c4feb489f	\N	1561.000000	Cuando me paguen, de la deuda de viajes	2025-12-04 06:00:00+00	t	2025-12-04 17:44:50.959465+00	2025-12-04 17:44:50.959465+00	f	\N	\N	\N
27497b71-ea00-466b-9f3c-a1af44328875	644d8b15-9a0e-43c3-bdb3-91cef5aecf31	IngresoNormal	ed3c9bb2-d2e6-4a63-a4df-f0345853f472	3f043b05-d84b-4ecf-ae51-c827b955ba74	\N	17684.000000	de banamex y salario	2026-05-14 00:00:00+00	f	2026-05-14 17:48:45.907713+00	2026-05-14 17:48:45.907713+00	f	\N	\N	\N
e3deaacb-478c-4954-8465-38e7baf5312a	644d8b15-9a0e-43c3-bdb3-91cef5aecf31	IngresoNormal	229129a7-7788-46aa-8b14-8c774f0ad87e	b064136e-57b1-42ff-8f7f-2988dc3484ec	\N	4838.000000	Quincena	2025-11-27 00:00:00+00	f	2025-11-28 00:29:36.843+00	2025-11-28 00:29:37.221503+00	f	\N	\N	\N
3435f073-a474-4e88-b7e3-f012e34583b9	644d8b15-9a0e-43c3-bdb3-91cef5aecf31	EgresoNormal	35997ca6-074e-47d8-b364-7b966a833518	1597be30-658f-4739-a9e9-727a950ffc53	\N	926.670000	chedraui	2025-12-05 06:00:00+00	f	2025-12-05 01:47:11.670671+00	2025-12-05 01:47:11.670671+00	f	\N	\N	\N
6cdf293e-6468-4ca3-a53f-49f5ef8bac67	644d8b15-9a0e-43c3-bdb3-91cef5aecf31	IngresoNormal	1ad6393a-fb53-4cb2-beb4-7035cd956882	4430bd24-fa21-4a81-ab81-6ff51d43877f	\N	546.000000	Migration	2025-11-25 00:00:00+00	f	2025-11-25 17:12:42.939+00	2025-11-25 17:12:43.399983+00	f	\N	\N	\N
17657114-b606-4058-bc85-cd443d8102ea	644d8b15-9a0e-43c3-bdb3-91cef5aecf31	IngresoNormal	da41fa99-8bb4-4f5c-9b47-76ca630d08b5	67995d0b-618c-4c13-97af-918143acd06a	\N	47500000.000000	Migration - Lo que va del carro	2025-11-25 00:00:00+00	f	2025-11-25 17:16:00.947+00	2025-11-25 17:16:01.343439+00	f	\N	\N	\N
74dda4b4-a9ec-4e86-b961-c9a4860726cd	644d8b15-9a0e-43c3-bdb3-91cef5aecf31	IngresoNormal	da41fa99-8bb4-4f5c-9b47-76ca630d08b5	7f3b9e25-8add-4771-a2e6-e620cc65442f	\N	10644000.000000	Migration - De liquidacion	2025-11-25 00:00:00+00	f	2025-11-25 17:16:35.192+00	2025-11-25 17:16:35.563673+00	f	\N	\N	\N
f062ff1d-13ea-4c06-8a43-fdfc448be9da	644d8b15-9a0e-43c3-bdb3-91cef5aecf31	IngresoNormal	229129a7-7788-46aa-8b14-8c774f0ad87e	b064136e-57b1-42ff-8f7f-2988dc3484ec	\N	2145.000000	Migration	2025-11-25 00:00:00+00	f	2025-11-25 17:17:24.563+00	2025-11-25 17:17:24.941775+00	f	\N	\N	\N
8e3a0a43-bd36-44c1-b38f-2ad8b9492882	644d8b15-9a0e-43c3-bdb3-91cef5aecf31	IngresoNormal	229129a7-7788-46aa-8b14-8c774f0ad87e	23ae93d3-54aa-4ae1-b586-f33f9667c6d5	\N	4166.000000	Migration	2025-11-25 00:00:00+00	f	2025-11-25 17:17:41.637+00	2025-11-25 17:17:42.024519+00	f	\N	\N	\N
600378f2-40f2-46bd-903c-2e9a3165c642	644d8b15-9a0e-43c3-bdb3-91cef5aecf31	EgresoNormal	229129a7-7788-46aa-8b14-8c774f0ad87e	b064136e-57b1-42ff-8f7f-2988dc3484ec	\N	736.000000	pantalon HM	2025-11-30 00:00:00+00	f	2025-12-01 17:00:48.648+00	2025-12-01 17:00:49.531111+00	f	\N	\N	\N
5381ced0-54e6-41aa-9b92-728a6f49eddc	644d8b15-9a0e-43c3-bdb3-91cef5aecf31	EgresoNormal	229129a7-7788-46aa-8b14-8c774f0ad87e	b064136e-57b1-42ff-8f7f-2988dc3484ec	\N	120.000000	Diff?	2025-12-06 06:00:00+00	f	2025-12-06 19:33:17.488326+00	2025-12-06 19:33:17.488326+00	f	\N	\N	\N
b61499a6-1786-4e01-b039-40d47bb9b3ef	644d8b15-9a0e-43c3-bdb3-91cef5aecf31	EgresoNormal	229129a7-7788-46aa-8b14-8c774f0ad87e	b064136e-57b1-42ff-8f7f-2988dc3484ec	\N	498.000000	CCP camisas kiss	2025-12-07 06:00:00+00	f	2025-12-07 19:31:19.339347+00	2025-12-07 19:31:19.339347+00	f	\N	\N	\N
915ecfdd-b80d-4477-a518-bec482e22c26	644d8b15-9a0e-43c3-bdb3-91cef5aecf31	EgresoNormal	35997ca6-074e-47d8-b364-7b966a833518	1597be30-658f-4739-a9e9-727a950ffc53	\N	251.630000	Mercado chedraui domingo	2025-12-07 06:00:00+00	f	2025-12-07 17:54:02.864646+00	2025-12-07 17:54:02.864646+00	f	\N	\N	\N
e1fac8f6-80bc-468d-9f03-f147c68bd5dd	644d8b15-9a0e-43c3-bdb3-91cef5aecf31	IngresoNormal	06a793b8-e361-4392-b582-4abaac092be8	a8f48702-af48-4a20-b218-67258bb42ad1	\N	19465.000000	Migration	2025-11-25 06:00:00+00	f	2025-11-25 17:13:46.962+00	2025-11-25 17:13:47.337884+00	f	\N	\N	\N
6f4740c5-67b5-4432-8952-493d49808feb	e63e29c7-b10e-4dd1-a2b8-e44f9cd93083	IngresoNormal	dc52afb8-0e53-4ac3-bee3-1b903c7320da	ddcf30a0-940f-4137-a6f4-368acca0dccf	\N	234324.000000	\N	2025-11-24 00:00:00+00	f	2025-11-25 05:03:10.816+00	2025-11-25 05:03:11.252099+00	f	hola	COP	HOALAA
c067d2fd-4054-4e97-9f77-f5cb6bfc87d3	644d8b15-9a0e-43c3-bdb3-91cef5aecf31	IngresoNormal	da41fa99-8bb4-4f5c-9b47-76ca630d08b5	7f3b9e25-8add-4771-a2e6-e620cc65442f	\N	12680000.000000	Cesantias	2025-11-27 00:00:00+00	f	2025-11-28 15:24:02.776+00	2025-11-28 15:24:03.439787+00	f	\N	\N	\N
68a57f78-11d9-4073-85a3-d2e911837b45	644d8b15-9a0e-43c3-bdb3-91cef5aecf31	EgresoNormal	ed3c9bb2-d2e6-4a63-a4df-f0345853f472	e72610ce-d408-4c8a-bcc7-2a31cefccec8	\N	1118.700000	Hotel	2025-11-28 00:00:00+00	f	2025-12-01 17:51:07.479+00	2025-12-01 17:51:08.531931+00	f	\N	\N	\N
0b0c3c14-f50b-411e-a7bf-efe8aea180bb	644d8b15-9a0e-43c3-bdb3-91cef5aecf31	EgresoNormal	229129a7-7788-46aa-8b14-8c774f0ad87e	b064136e-57b1-42ff-8f7f-2988dc3484ec	\N	73.000000	dairy queen	2025-12-03 06:00:00+00	f	2025-12-04 01:04:33.86955+00	2025-12-04 01:04:33.86955+00	f	\N	\N	\N
9316395f-22fe-4c94-89ac-699e5caf16cd	644d8b15-9a0e-43c3-bdb3-91cef5aecf31	EgresoFijo	ed3c9bb2-d2e6-4a63-a4df-f0345853f472	\N	\N	369.000000	ATT	2025-12-01 00:00:00+00	f	2025-12-02 02:30:40.943+00	2025-12-02 02:30:40.825522+00	t	Nubank	MXN	Fijos
adba3373-5cda-4873-8097-c959e1f9fc50	644d8b15-9a0e-43c3-bdb3-91cef5aecf31	EgresoFijo	ed3c9bb2-d2e6-4a63-a4df-f0345853f472	\N	\N	107.000000	\N	2025-12-03 06:00:00+00	f	2025-12-04 03:46:52.793084+00	2025-12-04 03:46:52.793084+00	t	Nubank	MXN	Fijos
69bfe7b5-ed7d-4122-abd3-92b3818e8ad4	644d8b15-9a0e-43c3-bdb3-91cef5aecf31	EgresoFijo	ed3c9bb2-d2e6-4a63-a4df-f0345853f472	\N	\N	94.000000	\N	2025-12-04 06:00:00+00	f	2025-12-04 16:32:01.624779+00	2025-12-04 16:32:01.624779+00	t	Nubank	MXN	Fijos
950f5c4b-e904-41e8-be78-5a8f1858a6a5	644d8b15-9a0e-43c3-bdb3-91cef5aecf31	IngresoNormal	1ad6393a-fb53-4cb2-beb4-7035cd956882	4430bd24-fa21-4a81-ab81-6ff51d43877f	\N	100.000000	cuando fuia  medellin  y el tio me lo dio en la casas de los abuelitos	2025-12-01 00:00:00+00	f	2025-12-01 21:52:07.035+00	2025-12-01 21:52:06.478224+00	f	\N	\N	\N
065d2290-075d-4117-92ff-242cd1f7cdca	644d8b15-9a0e-43c3-bdb3-91cef5aecf31	EgresoNormal	da41fa99-8bb4-4f5c-9b47-76ca630d08b5	7f3b9e25-8add-4771-a2e6-e620cc65442f	\N	48800.000000	dizquec uota de manejo nooo que mierda y agua	2025-12-03 06:00:00+00	f	2025-12-04 03:27:11.055607+00	2025-12-04 03:27:11.055607+00	f	\N	\N	\N
4e58cbff-8608-4c7f-be31-38323e226860	644d8b15-9a0e-43c3-bdb3-91cef5aecf31	IngresoNormal	ed3c9bb2-d2e6-4a63-a4df-f0345853f472	f8790365-8899-446c-a514-1e5c4feb489f	\N	5912.000000	quincena	2025-11-27 00:00:00+00	f	2025-11-28 00:23:06.201+00	2025-11-28 00:23:06.644991+00	f	\N	\N	\N
c185be07-2999-49bf-bc64-61f6a7b40952	644d8b15-9a0e-43c3-bdb3-91cef5aecf31	IngresoNormal	229129a7-7788-46aa-8b14-8c774f0ad87e	4fa35fb2-9a61-4fa4-b234-8087aa22fe8a	\N	160445.000000	Bono de amazon! 35%	2025-11-27 00:00:00+00	f	2025-11-28 00:40:44.581+00	2025-11-28 00:40:45.0234+00	f	\N	\N	\N
40bfbb42-82cd-41a4-8069-bf0f42f4e5d7	644d8b15-9a0e-43c3-bdb3-91cef5aecf31	EgresoNormal	229129a7-7788-46aa-8b14-8c774f0ad87e	b064136e-57b1-42ff-8f7f-2988dc3484ec	\N	804.000000	compras amazon  \nmoldes silicona, cabezas cepillo, destornillador minimo, pinzas	2025-12-01 00:00:00+00	f	2025-12-02 02:20:51.288+00	2025-12-02 02:20:51.293816+00	f	\N	\N	\N
ee1e58bd-d9ec-49c1-9d83-90d934ed94f8	644d8b15-9a0e-43c3-bdb3-91cef5aecf31	EgresoNormal	229129a7-7788-46aa-8b14-8c774f0ad87e	b064136e-57b1-42ff-8f7f-2988dc3484ec	\N	299.000000	dulces para llevar a medayork	2025-11-27 00:00:00+00	f	2025-11-27 21:45:18.634+00	2025-11-27 21:45:18.939539+00	f	\N	\N	\N
5205ba16-883d-4ea6-813d-c9dae6f38dfe	644d8b15-9a0e-43c3-bdb3-91cef5aecf31	IngresoNormal	06a793b8-e361-4392-b582-4abaac092be8	f2dca5ef-9564-45dd-b2f8-7ed6c628fb70	\N	0.425050	compra 1m sync	2026-04-20 00:00:00+00	f	2026-04-20 18:52:47.719997+00	2026-04-20 18:52:47.719997+00	f	\N	\N	\N
ce0fe5c6-a580-4988-a1d3-7f2402e3c703	644d8b15-9a0e-43c3-bdb3-91cef5aecf31	EgresoNormal	229129a7-7788-46aa-8b14-8c774f0ad87e	4fa35fb2-9a61-4fa4-b234-8087aa22fe8a	\N	950.000000	Transfer to Para gastar: reposiocion compras xd	2026-05-03 06:00:00+00	f	2026-05-03 22:32:55.451402+00	2026-05-03 22:32:55.451402+00	f	\N	\N	\N
d84e8b40-1ff4-4871-a1b5-888dbf6d9fb7	644d8b15-9a0e-43c3-bdb3-91cef5aecf31	EgresoNormal	229129a7-7788-46aa-8b14-8c774f0ad87e	b064136e-57b1-42ff-8f7f-2988dc3484ec	\N	1667.000000	actual total	2026-05-14 00:00:00+00	f	2026-05-14 17:48:48.287595+00	2026-05-14 17:48:48.287595+00	f	\N	\N	\N
22242ac2-48a0-4080-8c77-3d9341d7af04	644d8b15-9a0e-43c3-bdb3-91cef5aecf31	IngresoFijo	229129a7-7788-46aa-8b14-8c774f0ad87e	fe1fe884-bd73-42f7-b22f-a03eb3b80093	69f1d086-d702-4493-aa63-635d20869b36	449.000000	Monthly contribution for Internet	2026-04-14 00:00:00+00	f	2026-04-14 18:14:54.224992+00	2026-04-14 18:14:54.224992+00	f	\N	\N	\N
f83c0738-3fcd-4742-8db5-4a30fdc58f90	644d8b15-9a0e-43c3-bdb3-91cef5aecf31	IngresoFijo	229129a7-7788-46aa-8b14-8c774f0ad87e	fe1fe884-bd73-42f7-b22f-a03eb3b80093	c4ed0faf-00f6-458d-b0b8-235dd3f20362	369.000000	Monthly contribution for Celular	2026-04-14 00:00:00+00	f	2026-04-14 18:14:47.123016+00	2026-04-14 18:14:47.123016+00	f	\N	\N	\N
9926d9e7-4100-4ff1-9649-adb4729f4728	644d8b15-9a0e-43c3-bdb3-91cef5aecf31	IngresoFijo	229129a7-7788-46aa-8b14-8c774f0ad87e	fe1fe884-bd73-42f7-b22f-a03eb3b80093	3f885cfd-1a00-493f-9b34-401d63a93037	1500.000000	Monthly contribution for Transporte	2026-04-14 00:00:00+00	f	2026-04-14 18:14:49.566897+00	2026-04-14 18:14:49.566897+00	f	\N	\N	\N
0dbb633c-925f-4398-b26a-aed3ce96e543	644d8b15-9a0e-43c3-bdb3-91cef5aecf31	IngresoFijo	229129a7-7788-46aa-8b14-8c774f0ad87e	fe1fe884-bd73-42f7-b22f-a03eb3b80093	7d8bc519-b8bd-40a7-a85c-919d703ac762	400.000000	Monthly contribution for Lavanderia	2026-04-14 00:00:00+00	f	2026-04-14 18:14:51.934116+00	2026-04-14 18:14:51.934116+00	f	\N	\N	\N
8a3c7094-6de0-4034-bc27-c527f322c0b8	644d8b15-9a0e-43c3-bdb3-91cef5aecf31	IngresoNormal	229129a7-7788-46aa-8b14-8c774f0ad87e	b064136e-57b1-42ff-8f7f-2988dc3484ec	\N	76.000000	diff	2025-12-03 06:00:00+00	f	2025-12-04 03:48:55.660841+00	2025-12-04 03:48:55.660841+00	f	\N	\N	\N
449d233c-812a-4c2f-a0ac-65b7ccde0a5f	644d8b15-9a0e-43c3-bdb3-91cef5aecf31	EgresoNormal	28c2305d-c6d3-46be-a5c7-36ad7b266013	deebf755-0126-4bc0-bdd2-20bbf21ae0ac	\N	30500.000000	Spotify	2025-12-03 06:00:00+00	t	2025-12-02 03:25:51.329+00	2025-12-02 03:25:51.114357+00	f	\N	\N	\N
dc64ff63-fb5a-47c1-a5fb-6708cc209988	644d8b15-9a0e-43c3-bdb3-91cef5aecf31	EgresoNormal	229129a7-7788-46aa-8b14-8c774f0ad87e	b064136e-57b1-42ff-8f7f-2988dc3484ec	\N	129.000000	3 meses de apple music	2025-12-03 06:00:00+00	f	2025-12-04 04:22:36.506757+00	2025-12-04 04:22:36.506757+00	f	\N	\N	\N
f207a8d8-c0fd-4dab-8896-2931f5dc5c2d	644d8b15-9a0e-43c3-bdb3-91cef5aecf31	EgresoNormal	ed3c9bb2-d2e6-4a63-a4df-f0345853f472	e72610ce-d408-4c8a-bcc7-2a31cefccec8	\N	5226.000000	otra vez a colombia xdd	2025-12-04 06:00:00+00	f	2025-12-04 17:43:40.029677+00	2025-12-04 17:43:40.029677+00	f	\N	\N	\N
d0037554-5f11-48c7-b6e7-50da6058c8c8	e63e29c7-b10e-4dd1-a2b8-e44f9cd93083	IngresoNormal	dc52afb8-0e53-4ac3-bee3-1b903c7320da	5579e1a5-ddc5-4db8-93a4-2779713dcbdf	\N	100.000000	\N	2025-11-25 00:00:00+00	f	2025-11-25 23:23:50.825+00	2025-11-25 23:23:50.174876+00	f	hola	COP	pepe2
0128985c-083f-4649-8a51-35e6d2e7341e	644d8b15-9a0e-43c3-bdb3-91cef5aecf31	EgresoNormal	ed3c9bb2-d2e6-4a63-a4df-f0345853f472	f8790365-8899-446c-a514-1e5c4feb489f	\N	1561.000000	de ahorros para viaje a colombia	2025-12-04 06:00:00+00	f	2025-12-04 17:44:01.786864+00	2025-12-04 17:44:01.786864+00	f	\N	\N	\N
e39d33b5-a911-48ea-9b92-a36a88effb7b	644d8b15-9a0e-43c3-bdb3-91cef5aecf31	EgresoNormal	ed3c9bb2-d2e6-4a63-a4df-f0345853f472	e72610ce-d408-4c8a-bcc7-2a31cefccec8	\N	247.000000	Frisby almuerzo csmi y juandi	2025-11-28 00:00:00+00	f	2025-11-28 18:33:02.865+00	2025-11-28 18:33:03.71424+00	f	\N	\N	\N
7764178d-38e5-4139-8644-9e72fcb15666	644d8b15-9a0e-43c3-bdb3-91cef5aecf31	EgresoNormal	35997ca6-074e-47d8-b364-7b966a833518	1597be30-658f-4739-a9e9-727a950ffc53	\N	138.000000	mcdonalds porque acabe tarde xd	2025-12-06 06:00:00+00	f	2025-12-06 03:05:51.353653+00	2025-12-06 03:05:51.353653+00	f	\N	\N	\N
12dbddbe-bb1a-49be-9239-5b9baec05bc4	55c2ff24-e2f0-4793-9a61-fb95020b5c3a	EgresoFijo	ec197b8f-5b0f-4626-bce3-b9f48c19d108	74ad0a02-b2eb-494a-9318-8b634ee85e92	\N	120.000000	Internet	2025-12-06 06:00:00+00	f	2025-12-06 16:26:40.865452+00	2025-12-06 16:26:40.865452+00	f	\N	\N	\N
021f51f7-d2f1-450f-9661-1f5e6d5693ac	644d8b15-9a0e-43c3-bdb3-91cef5aecf31	EgresoNormal	229129a7-7788-46aa-8b14-8c774f0ad87e	b064136e-57b1-42ff-8f7f-2988dc3484ec	\N	10.000000	10 pesos para caramelo	2025-12-06 06:00:00+00	f	2025-12-07 17:54:35.520102+00	2025-12-07 17:54:35.520102+00	f	\N	\N	\N
be39b24a-a17d-4ced-99a2-55a868e682ea	644d8b15-9a0e-43c3-bdb3-91cef5aecf31	EgresoNormal	229129a7-7788-46aa-8b14-8c774f0ad87e	23ae93d3-54aa-4ae1-b586-f33f9667c6d5	\N	241.260000	Prueba hapi cuenta mexiico	2025-12-06 06:00:00+00	f	2025-12-06 20:14:46.214068+00	2025-12-06 20:14:46.214068+00	f	\N	\N	\N
133d0609-6f71-4979-8c36-75109674f3b9	644d8b15-9a0e-43c3-bdb3-91cef5aecf31	EgresoNormal	229129a7-7788-46aa-8b14-8c774f0ad87e	23ae93d3-54aa-4ae1-b586-f33f9667c6d5	\N	4738.940000	hapi inversion	2025-12-08 06:00:00+00	f	2025-12-08 16:33:03.090036+00	2025-12-08 16:33:03.090036+00	f	\N	\N	\N
5111bfb1-8e52-4c2e-a2ea-97b5e94818df	644d8b15-9a0e-43c3-bdb3-91cef5aecf31	EgresoNormal	229129a7-7788-46aa-8b14-8c774f0ad87e	b064136e-57b1-42ff-8f7f-2988dc3484ec	\N	257.000000	correa falabella	2025-11-30 00:00:00+00	f	2025-12-01 17:00:49.446+00	2025-12-01 17:00:50.341084+00	f	\N	\N	\N
45e9477f-9623-41ba-bbec-c87ba6f42d60	644d8b15-9a0e-43c3-bdb3-91cef5aecf31	EgresoNormal	da41fa99-8bb4-4f5c-9b47-76ca630d08b5	7f3b9e25-8add-4771-a2e6-e620cc65442f	\N	77000.000000	cafe para mi y para ignacio	2025-12-03 06:00:00+00	f	2025-12-04 03:18:57.570402+00	2025-12-04 03:18:57.570402+00	f	\N	\N	\N
f8497a5f-8247-4448-a63a-0d41795a59e2	644d8b15-9a0e-43c3-bdb3-91cef5aecf31	EgresoNormal	28c2305d-c6d3-46be-a5c7-36ad7b266013	\N	\N	13700.000000	uber de centro comecial a hotel	2025-11-28 00:00:00+00	f	2025-12-01 16:53:41.262+00	2025-12-01 16:53:42.142873+00	t	Nubank	COP	Viajes
a40fcb26-6521-4761-adef-88b15db738a7	644d8b15-9a0e-43c3-bdb3-91cef5aecf31	IngresoFijo	ed3c9bb2-d2e6-4a63-a4df-f0345853f472	\N	\N	75.000000	Monthly contribution for Rappi	2025-11-28 00:00:00+00	f	2025-11-28 00:32:04.895+00	2025-11-28 00:32:05.291368+00	t	Nubank	MXN	Fijos
bbf69f34-7b2a-493c-aa32-762bb333e5d7	644d8b15-9a0e-43c3-bdb3-91cef5aecf31	IngresoFijo	ed3c9bb2-d2e6-4a63-a4df-f0345853f472	\N	\N	290.000000	Monthly contribution for Peluqueria	2025-11-28 00:00:00+00	f	2025-11-28 00:31:58.041+00	2025-11-28 00:31:58.46512+00	t	Nubank	MXN	Fijos
2f53cfb0-344f-4d74-8da4-704e1fd7180a	644d8b15-9a0e-43c3-bdb3-91cef5aecf31	EgresoFijo	ed3c9bb2-d2e6-4a63-a4df-f0345853f472	\N	\N	80.000000	a casa	2025-12-01 00:00:00+00	f	2025-12-01 21:42:56.694+00	2025-12-01 21:42:56.230598+00	t	Nubank	MXN	Fijos
62067594-6ae7-4003-9adf-450134033929	644d8b15-9a0e-43c3-bdb3-91cef5aecf31	IngresoFijo	ed3c9bb2-d2e6-4a63-a4df-f0345853f472	\N	\N	2000.000000	Monthly contribution for Transporte	2025-11-28 00:00:00+00	f	2025-11-28 00:32:09.767+00	2025-11-28 00:32:10.129333+00	t	Nubank	MXN	Fijos
90f9e999-d6e7-4c70-b3a1-07b8ed0b6c1e	644d8b15-9a0e-43c3-bdb3-91cef5aecf31	EgresoNormal	da41fa99-8bb4-4f5c-9b47-76ca630d08b5	7f3b9e25-8add-4771-a2e6-e620cc65442f	\N	81000.000000	diff	2025-12-03 06:00:00+00	f	2025-12-04 03:45:47.403515+00	2025-12-04 03:45:47.403515+00	f	\N	\N	\N
8868c69e-5399-4fee-a1ed-d424e7bd5ab9	644d8b15-9a0e-43c3-bdb3-91cef5aecf31	IngresoNormal	229129a7-7788-46aa-8b14-8c774f0ad87e	23ae93d3-54aa-4ae1-b586-f33f9667c6d5	\N	834.000000	que habia usado de mercado pero ya devolvii	2025-12-01 00:00:00+00	f	2025-12-01 21:46:58.469+00	2025-12-01 21:46:57.995518+00	f	\N	\N	\N
d54b6439-2f18-4e20-bc1b-2898c3fe80bf	644d8b15-9a0e-43c3-bdb3-91cef5aecf31	IngresoNormal	da41fa99-8bb4-4f5c-9b47-76ca630d08b5	7f3b9e25-8add-4771-a2e6-e620cc65442f	\N	1000000.000000	del abuelito hernando <3	2025-12-01 00:00:00+00	f	2025-12-02 01:46:30.489+00	2025-12-02 01:46:30.471694+00	f	\N	\N	\N
4bef9c6b-7657-4dc8-8856-e61b947e6b8e	644d8b15-9a0e-43c3-bdb3-91cef5aecf31	IngresoNormal	ed3c9bb2-d2e6-4a63-a4df-f0345853f472	3f043b05-d84b-4ecf-ae51-c827b955ba74	\N	5887.800000	Budget Distribution: Ahorros	2026-04-14 00:00:00+00	f	2026-04-14 18:18:59.953817+00	2026-04-14 18:18:59.953817+00	f	\N	\N	\N
f4bd0a1c-388e-4564-8ba9-f91ab2b123b2	644d8b15-9a0e-43c3-bdb3-91cef5aecf31	EgresoNormal	229129a7-7788-46aa-8b14-8c774f0ad87e	b064136e-57b1-42ff-8f7f-2988dc3484ec	\N	119.000000	almuerzo panda express	2025-11-27 00:00:00+00	f	2025-11-27 21:44:21.71+00	2025-11-27 21:44:22.060071+00	f	\N	\N	\N
9cad6468-4cea-4205-b642-e1b28819526c	644d8b15-9a0e-43c3-bdb3-91cef5aecf31	IngresoNormal	06a793b8-e361-4392-b582-4abaac092be8	a8f48702-af48-4a20-b218-67258bb42ad1	\N	81.590000	sync	2026-04-20 00:00:00+00	f	2026-04-20 18:54:10.080053+00	2026-04-20 18:54:10.080053+00	f	\N	\N	\N
21607371-fd0e-4797-8921-d6fdcc7ae4ce	644d8b15-9a0e-43c3-bdb3-91cef5aecf31	IngresoNormal	ed3c9bb2-d2e6-4a63-a4df-f0345853f472	e72610ce-d408-4c8a-bcc7-2a31cefccec8	\N	7167.000000	Quincena	2025-11-27 00:00:00+00	f	2025-11-28 00:26:43.827+00	2025-11-28 00:26:44.222769+00	f	\N	\N	\N
9902d0e0-7322-4546-bab0-9c305c27e47c	644d8b15-9a0e-43c3-bdb3-91cef5aecf31	IngresoNormal	06a793b8-e361-4392-b582-4abaac092be8	f2dca5ef-9564-45dd-b2f8-7ed6c628fb70	\N	0.147080	sync	2026-04-20 06:00:00+00	f	2026-04-20 18:54:13.203407+00	2026-04-20 18:54:13.203407+00	f	\N	\N	\N
552fdcf2-1d4a-4803-87d3-617437250c8c	644d8b15-9a0e-43c3-bdb3-91cef5aecf31	IngresoNormal	229129a7-7788-46aa-8b14-8c774f0ad87e	b064136e-57b1-42ff-8f7f-2988dc3484ec	\N	950.000000	Transfer from Bono: reposiocion compras xd	2026-05-03 06:00:00+00	f	2026-05-03 22:32:55.760567+00	2026-05-03 22:32:55.760567+00	f	\N	\N	\N
2e8eacb6-a387-4b95-8792-0b63e4f64524	644d8b15-9a0e-43c3-bdb3-91cef5aecf31	EgresoNormal	229129a7-7788-46aa-8b14-8c774f0ad87e	4fa35fb2-9a61-4fa4-b234-8087aa22fe8a	\N	11770.000000	diff a nubank	2026-05-14 00:00:00+00	f	2026-05-14 17:48:49.966549+00	2026-05-14 17:48:49.966549+00	f	\N	\N	\N
13fe87fb-c178-4bd9-8fe6-a6c9fa6f02b3	644d8b15-9a0e-43c3-bdb3-91cef5aecf31	IngresoNormal	35997ca6-074e-47d8-b364-7b966a833518	1597be30-658f-4739-a9e9-727a950ffc53	\N	3866.000000	Mensualidad	2025-11-29 00:00:00+00	f	2025-11-29 21:52:54.121+00	2025-11-29 21:52:54.666153+00	f	\N	\N	\N
7912f583-b543-4907-af1e-040f24772611	55c2ff24-e2f0-4793-9a61-fb95020b5c3a	EgresoNormal	ec197b8f-5b0f-4626-bce3-b9f48c19d108	74ad0a02-b2eb-494a-9318-8b634ee85e92	\N	1500.000000	Test Rent Payment	2025-12-02 06:00:00+00	f	2025-12-05 22:53:44.988835+00	2025-12-05 22:53:44.988835+00	f	\N	\N	\N
d8f0502f-8892-4baa-96c5-95d2c4f5a993	644d8b15-9a0e-43c3-bdb3-91cef5aecf31	EgresoNormal	ed3c9bb2-d2e6-4a63-a4df-f0345853f472	e72610ce-d408-4c8a-bcc7-2a31cefccec8	\N	53.000000	Starbucks ceoissant para que cami trabajara	2025-11-28 00:00:00+00	f	2025-11-28 15:08:51.28+00	2025-11-28 15:08:52.063874+00	f	\N	\N	\N
6d3229be-eb07-49e1-abaf-e0136134ec51	644d8b15-9a0e-43c3-bdb3-91cef5aecf31	EgresoNormal	ed3c9bb2-d2e6-4a63-a4df-f0345853f472	e72610ce-d408-4c8a-bcc7-2a31cefccec8	\N	235.000000	Desayuno aeropuerto con la nalguita	2025-11-28 00:00:00+00	f	2025-11-28 14:29:14.42+00	2025-11-28 14:29:15.321741+00	f	\N	\N	\N
387f0cd6-e345-487c-bea5-44cc4a8af58c	644d8b15-9a0e-43c3-bdb3-91cef5aecf31	EgresoNormal	ed3c9bb2-d2e6-4a63-a4df-f0345853f472	e72610ce-d408-4c8a-bcc7-2a31cefccec8	\N	287.000000	qbano comicon	2025-11-29 00:00:00+00	f	2025-12-01 17:00:51.114+00	2025-12-01 17:00:51.991793+00	f	\N	\N	\N
f3dad036-726c-47dd-ac28-fc714f25cbe1	644d8b15-9a0e-43c3-bdb3-91cef5aecf31	EgresoNormal	28c2305d-c6d3-46be-a5c7-36ad7b266013	deebf755-0126-4bc0-bdd2-20bbf21ae0ac	\N	30000.000000	rappi	2025-12-02 00:00:00+00	t	2025-12-02 15:55:44.839+00	2025-12-02 15:55:45.295744+00	f	\N	\N	\N
1c67df4c-d35a-4e05-bb61-bbe04e805931	644d8b15-9a0e-43c3-bdb3-91cef5aecf31	EgresoNormal	ed3c9bb2-d2e6-4a63-a4df-f0345853f472	e72610ce-d408-4c8a-bcc7-2a31cefccec8	\N	1561.000000	Cuando me paguen, quitar de viajes y devolver a ahorros	2025-12-04 06:00:00+00	t	2025-12-04 17:44:35.76368+00	2025-12-04 17:44:35.76368+00	f	\N	\N	\N
4e27576f-cd09-400a-8c56-30d6b3f58c81	644d8b15-9a0e-43c3-bdb3-91cef5aecf31	EgresoNormal	229129a7-7788-46aa-8b14-8c774f0ad87e	b064136e-57b1-42ff-8f7f-2988dc3484ec	\N	60.000000	Ciine tekae	2025-12-06 06:00:00+00	f	2025-12-06 19:32:04.324886+00	2025-12-06 19:32:04.324886+00	f	\N	\N	\N
1d6d0b4e-a3fc-4e96-9cdf-d5002dffcf28	644d8b15-9a0e-43c3-bdb3-91cef5aecf31	EgresoNormal	229129a7-7788-46aa-8b14-8c774f0ad87e	b064136e-57b1-42ff-8f7f-2988dc3484ec	\N	60.000000	bugoniia	2025-12-06 06:00:00+00	f	2025-12-06 21:20:48.530741+00	2025-12-06 21:20:48.530741+00	f	\N	\N	\N
2f532062-6961-431e-a66e-c88b695a62c9	644d8b15-9a0e-43c3-bdb3-91cef5aecf31	EgresoNormal	229129a7-7788-46aa-8b14-8c774f0ad87e	b064136e-57b1-42ff-8f7f-2988dc3484ec	\N	1066.000000	estcuche y protector de pantalla	2025-12-05 06:00:00+00	f	2025-12-05 23:42:12.792104+00	2025-12-05 23:42:12.792104+00	f	\N	\N	\N
beab6e1d-3489-4c30-9984-d83a293758b2	644d8b15-9a0e-43c3-bdb3-91cef5aecf31	EgresoNormal	229129a7-7788-46aa-8b14-8c774f0ad87e	b064136e-57b1-42ff-8f7f-2988dc3484ec	\N	114.500000	correa watch 4 44mm	2025-12-02 06:00:00+00	f	2025-12-02 16:25:54.699+00	2025-12-02 16:25:55.304154+00	f	\N	\N	\N
c93aa6c1-988c-426e-b82a-0d3e8eb85fdd	55c2ff24-e2f0-4793-9a61-fb95020b5c3a	EgresoNormal	2a924d43-1f49-49a9-85a8-4ecace77f307	8a10461f-b301-4cea-a28d-dc846edbebe9	\N	100.000000	test	2025-12-03 06:00:00+00	f	2025-12-03 02:53:56.462239+00	2025-12-03 02:53:56.462239+00	f	\N	\N	\N
c0dec9f9-a19a-4e59-9b30-c36b3aae8e19	55c2ff24-e2f0-4793-9a61-fb95020b5c3a	IngresoNormal	2a924d43-1f49-49a9-85a8-4ecace77f307	8a10461f-b301-4cea-a28d-dc846edbebe9	\N	254.000000	\N	2025-12-03 06:00:00+00	f	2025-12-03 02:59:26.83526+00	2025-12-03 02:59:26.83526+00	f	\N	\N	\N
c10a145e-5fde-4a77-a15d-bedfdc676c60	55c2ff24-e2f0-4793-9a61-fb95020b5c3a	IngresoNormal	2a924d43-1f49-49a9-85a8-4ecace77f307	8a10461f-b301-4cea-a28d-dc846edbebe9	\N	100.000000	testtttt	2025-12-03 06:00:00+00	f	2025-12-03 02:55:12.411756+00	2025-12-03 02:55:12.411756+00	f	\N	\N	\N
77e0cd41-4472-4c8e-aff7-79561d3842b6	644d8b15-9a0e-43c3-bdb3-91cef5aecf31	IngresoNormal	006a3da8-9560-4f4d-95b8-b277133a2fa4	61b7c635-6924-4d7d-9cda-1e19ec256bbf	\N	0.421580	hapi shares cuenta mx	2025-12-08 06:00:00+00	f	2025-12-08 16:36:14.805+00	2025-12-08 16:36:15.155213+00	f	\N	\N	\N
f7d339d7-08b6-422e-b497-c40471b47add	644d8b15-9a0e-43c3-bdb3-91cef5aecf31	IngresoNormal	06a793b8-e361-4392-b582-4abaac092be8	f2dca5ef-9564-45dd-b2f8-7ed6c628fb70	\N	35.174170	Migration	2025-11-25 06:00:00+00	f	2025-11-25 17:13:32.277+00	2025-11-25 17:13:32.652+00	f	\N	\N	\N
71f70188-32b7-4bdb-9ea2-c7d4da9817d0	55c2ff24-e2f0-4793-9a61-fb95020b5c3a	IngresoNormal	\N	\N	\N	123123.000000	\N	2025-12-03 06:00:00+00	f	2025-12-03 03:02:09.895772+00	2025-12-03 03:02:09.895772+00	t	new test account	COP	Unknown
a76318fe-f3f5-41e4-a961-66866929d649	644d8b15-9a0e-43c3-bdb3-91cef5aecf31	EgresoNormal	28c2305d-c6d3-46be-a5c7-36ad7b266013	\N	\N	12600.000000	uber a comicon	2025-11-29 00:00:00+00	f	2025-12-01 17:00:47.678+00	2025-12-01 17:00:48.585759+00	t	Nubank	COP	Viajes
c8dc1f59-c369-4d80-8f68-32868b9a8a66	644d8b15-9a0e-43c3-bdb3-91cef5aecf31	EgresoNormal	28c2305d-c6d3-46be-a5c7-36ad7b266013	\N	\N	25900.000000	uber a concierto	2025-11-28 13:11:00+00	f	2025-12-01 16:53:53.363+00	2025-12-01 16:53:54.22638+00	t	Nubank	COP	Viajes
3eda22bc-75a9-4827-bcdb-407e905300cc	644d8b15-9a0e-43c3-bdb3-91cef5aecf31	EgresoNormal	28c2305d-c6d3-46be-a5c7-36ad7b266013	\N	\N	57900.000000	uber de nomad a aeropuerto	2025-11-25 06:00:00+00	f	2025-12-01 19:05:54.013+00	2025-12-01 19:05:54.43604+00	t	Nubank	COP	Viajes
681b94cb-bca9-4b8e-bbfb-aa210394b6be	644d8b15-9a0e-43c3-bdb3-91cef5aecf31	IngresoNormal	28c2305d-c6d3-46be-a5c7-36ad7b266013	\N	\N	257800.000000	pago tarjeta	2025-12-03 06:00:00+00	f	2025-12-04 04:08:40.746918+00	2025-12-04 04:08:40.746918+00	t	Nubank	COP	Viajes
6b02be66-a9d0-428c-b9f1-b99b0c147de0	644d8b15-9a0e-43c3-bdb3-91cef5aecf31	EgresoFijo	ed3c9bb2-d2e6-4a63-a4df-f0345853f472	\N	\N	449.000000	telmex	2025-12-01 00:00:00+00	f	2025-12-02 02:28:43.108+00	2025-12-02 02:28:42.964167+00	t	Nubank	MXN	Fijos
7c3953e8-c3fc-4950-91a2-e269ca0e4d73	644d8b15-9a0e-43c3-bdb3-91cef5aecf31	IngresoFijo	ed3c9bb2-d2e6-4a63-a4df-f0345853f472	\N	\N	360.000000	Monthly contribution for Celular	2025-11-28 00:00:00+00	f	2025-11-28 00:32:00.47+00	2025-11-28 00:32:00.828037+00	t	Nubank	MXN	Fijos
d3d47a25-e731-4b63-82d9-9ed98d13c778	644d8b15-9a0e-43c3-bdb3-91cef5aecf31	EgresoFijo	ed3c9bb2-d2e6-4a63-a4df-f0345853f472	\N	\N	93.000000	\N	2025-11-25 00:00:00+00	f	2025-11-27 17:02:33.083+00	2025-11-27 17:02:33.468405+00	t	Nubank	MXN	Fijos
833e888a-fd64-4561-86cb-e8ca8f842c36	55c2ff24-e2f0-4793-9a61-fb95020b5c3a	IngresoFijo	bbd29dd6-c22e-46bb-b4c3-f1edb99bc82e	9430a64d-593e-407b-8c56-2ba506e90d95	\N	200.000000	\N	2025-12-03 06:00:00+00	f	2025-12-03 03:18:51.242167+00	2025-12-03 03:18:51.242167+00	f	\N	\N	\N
a92d8d99-0fc7-43bf-a038-5ca7a84c722e	644d8b15-9a0e-43c3-bdb3-91cef5aecf31	EgresoFijo	ed3c9bb2-d2e6-4a63-a4df-f0345853f472	\N	\N	62.000000	\N	2025-11-26 00:00:00+00	f	2025-11-27 17:03:01.131+00	2025-11-27 17:03:01.539453+00	t	Nubank	MXN	Fijos
64619197-b66e-4d43-b243-b702574693d9	644d8b15-9a0e-43c3-bdb3-91cef5aecf31	IngresoNormal	006a3da8-9560-4f4d-95b8-b277133a2fa4	f8c02639-f976-458c-a67b-cfb01f75e1bd	\N	265.010000	Hapi cuenta mx	2025-12-08 06:00:00+00	f	2025-12-08 16:35:28.456+00	2025-12-08 16:35:29.041038+00	f	\N	\N	\N
d4f8b002-8e74-4a38-92ed-5caed2debead	644d8b15-9a0e-43c3-bdb3-91cef5aecf31	IngresoNormal	ed3c9bb2-d2e6-4a63-a4df-f0345853f472	e72610ce-d408-4c8a-bcc7-2a31cefccec8	\N	8046.660000	Budget Distribution: Viajes	2026-04-14 00:00:00+00	f	2026-04-14 18:19:02.009994+00	2026-04-14 18:19:02.009994+00	f	\N	\N	\N
ad5a36e2-e9c9-45c2-abcf-791bfaaa7244	644d8b15-9a0e-43c3-bdb3-91cef5aecf31	EgresoNormal	229129a7-7788-46aa-8b14-8c774f0ad87e	b064136e-57b1-42ff-8f7f-2988dc3484ec	\N	147.000000	Uber me equivoque de cuenta xd	2025-12-08 06:00:00+00	f	2025-12-08 20:37:43.558664+00	2025-12-08 20:37:43.558664+00	f	\N	\N	\N
afe0264b-3b62-492b-bb40-10bddf5d62b3	644d8b15-9a0e-43c3-bdb3-91cef5aecf31	EgresoNormal	229129a7-7788-46aa-8b14-8c774f0ad87e	b064136e-57b1-42ff-8f7f-2988dc3484ec	\N	900.000000	crepes and waffles y algo mas?	2026-04-21 06:00:00+00	f	2026-04-21 17:03:59.374782+00	2026-04-21 17:03:59.374782+00	f	\N	\N	\N
03d9b507-ae7b-47fd-b9ca-109d1e4648f2	644d8b15-9a0e-43c3-bdb3-91cef5aecf31	EgresoNormal	229129a7-7788-46aa-8b14-8c774f0ad87e	4fa35fb2-9a61-4fa4-b234-8087aa22fe8a	\N	185.000000	Transfer to Para gastar: de hapi falto	2026-04-21 06:00:00+00	f	2026-04-21 17:04:16.824315+00	2026-04-21 17:04:16.824315+00	f	\N	\N	\N
48c1a3de-0ac8-465b-ab7e-2da7130ae1d1	644d8b15-9a0e-43c3-bdb3-91cef5aecf31	IngresoNormal	229129a7-7788-46aa-8b14-8c774f0ad87e	b064136e-57b1-42ff-8f7f-2988dc3484ec	\N	147.000000	Transfer from Fijos: De que me equivoque 	2025-12-08 06:00:00+00	t	2025-12-08 20:38:36.41057+00	2025-12-08 20:38:36.41057+00	f	\N	\N	\N
c6ca0632-b4da-4d70-834d-052c23a07cf3	644d8b15-9a0e-43c3-bdb3-91cef5aecf31	EgresoFijo	ed3c9bb2-d2e6-4a63-a4df-f0345853f472	\N	\N	75.000000	\N	2025-12-08 06:00:00+00	f	2025-12-08 20:36:08.262835+00	2025-12-08 20:36:08.262835+00	t	Nubank	MXN	Fijos
98f29c00-db9c-49a0-adb5-035ff05a73d9	644d8b15-9a0e-43c3-bdb3-91cef5aecf31	EgresoFijo	229129a7-7788-46aa-8b14-8c774f0ad87e	fe1fe884-bd73-42f7-b22f-a03eb3b80093	7d8bc519-b8bd-40a7-a85c-919d703ac762	400.000000	\N	2026-05-03 00:00:00+00	f	2026-05-04 00:20:09.711808+00	2026-05-04 00:20:09.711808+00	f	\N	\N	\N
2f41a5fc-243f-44c8-9b5b-86ee4f6be4e8	644d8b15-9a0e-43c3-bdb3-91cef5aecf31	EgresoNormal	229129a7-7788-46aa-8b14-8c774f0ad87e	4fa35fb2-9a61-4fa4-b234-8087aa22fe8a	\N	140.000000	otros ubers	2026-05-04 00:00:00+00	f	2026-05-04 00:20:17.645668+00	2026-05-04 00:20:17.645668+00	f	\N	\N	\N
dcb9fa1e-7620-4086-8145-3f4fc9294fd4	644d8b15-9a0e-43c3-bdb3-91cef5aecf31	EgresoNormal	da41fa99-8bb4-4f5c-9b47-76ca630d08b5	7f3b9e25-8add-4771-a2e6-e620cc65442f	\N	70000.000000	tarjetas... cancelar	2026-05-04 00:00:00+00	f	2026-05-04 00:20:19.393646+00	2026-05-04 00:20:19.393646+00	f	\N	\N	\N
93071516-67a0-402d-9798-f69beebd4f13	644d8b15-9a0e-43c3-bdb3-91cef5aecf31	EgresoNormal	28c2305d-c6d3-46be-a5c7-36ad7b266013	deebf755-0126-4bc0-bdd2-20bbf21ae0ac	\N	135000.000000	spotify, rappi, somos	2026-05-04 00:00:00+00	f	2026-05-04 00:20:21.177002+00	2026-05-04 00:20:21.177002+00	f	\N	\N	\N
7240d150-4181-4868-b806-0ad82658dd65	644d8b15-9a0e-43c3-bdb3-91cef5aecf31	EgresoFijo	229129a7-7788-46aa-8b14-8c774f0ad87e	fe1fe884-bd73-42f7-b22f-a03eb3b80093	3f885cfd-1a00-493f-9b34-401d63a93037	1166.000000	transporte quincena 1	2026-05-14 00:00:00+00	f	2026-05-14 17:48:51.932281+00	2026-05-14 17:48:51.932281+00	f	\N	\N	\N
63737fe2-e548-4e77-ae53-23ebfe82e470	644d8b15-9a0e-43c3-bdb3-91cef5aecf31	EgresoNormal	ed3c9bb2-d2e6-4a63-a4df-f0345853f472	f8790365-8899-446c-a514-1e5c4feb489f	\N	2000.000000	Mesa auxiliar cocina	2025-12-09 06:00:00+00	f	2025-12-09 04:31:04.760172+00	2025-12-09 04:31:04.760172+00	f	\N	\N	\N
1a0ed774-71ea-488a-8f18-ba1b624405af	644d8b15-9a0e-43c3-bdb3-91cef5aecf31	EgresoNormal	229129a7-7788-46aa-8b14-8c774f0ad87e	b064136e-57b1-42ff-8f7f-2988dc3484ec	\N	60.000000	Cinepolis boleta con descuento tradicional	2025-12-10 06:00:00+00	f	2025-12-10 21:07:54.077018+00	2025-12-10 21:07:54.077018+00	f	\N	\N	\N
3a3c3864-ebdd-4c73-a8cd-178715d8d540	644d8b15-9a0e-43c3-bdb3-91cef5aecf31	EgresoNormal	35997ca6-074e-47d8-b364-7b966a833518	1597be30-658f-4739-a9e9-727a950ffc53	\N	149.000000	crispetas cine	2025-12-11 06:00:00+00	f	2025-12-11 04:35:43.45992+00	2025-12-11 04:35:43.45992+00	f	\N	\N	\N
f6461245-a6bc-4fd2-902d-074c2204b062	644d8b15-9a0e-43c3-bdb3-91cef5aecf31	EgresoNormal	28c2305d-c6d3-46be-a5c7-36ad7b266013	deebf755-0126-4bc0-bdd2-20bbf21ae0ac	\N	120000.000000	somos internet medellin	2025-12-11 06:00:00+00	t	2025-12-11 16:01:44.319199+00	2025-12-11 16:01:44.319199+00	f	\N	\N	\N
367df9a7-6e99-425d-b9e8-1b5356813a72	644d8b15-9a0e-43c3-bdb3-91cef5aecf31	EgresoNormal	ed3c9bb2-d2e6-4a63-a4df-f0345853f472	\N	\N	147.000000	Transfer to Para gastar: De que me equivoque 	2025-12-08 06:00:00+00	t	2025-12-08 20:38:36.214685+00	2025-12-08 20:38:36.214685+00	t	Nubank	MXN	Fijos
1abb94ce-235a-4603-847d-4199c9bcae51	644d8b15-9a0e-43c3-bdb3-91cef5aecf31	IngresoNormal	229129a7-7788-46aa-8b14-8c774f0ad87e	b064136e-57b1-42ff-8f7f-2988dc3484ec	\N	399.000000	Budget Distribution: Para mi	2025-12-11 06:00:00+00	f	2025-12-11 23:11:58.963746+00	2025-12-11 23:11:58.963746+00	f	\N	\N	\N
f0cfc227-a6c2-4264-9dc6-0bf9eeb9d3d1	644d8b15-9a0e-43c3-bdb3-91cef5aecf31	IngresoNormal	ed3c9bb2-d2e6-4a63-a4df-f0345853f472	f8790365-8899-446c-a514-1e5c4feb489f	\N	2615.000000	diff? what? xd	2025-12-12 06:00:00+00	f	2025-12-12 00:16:55.09528+00	2025-12-12 00:16:55.09528+00	f	\N	\N	\N
f1989528-c11b-4812-b477-c3391ece8d76	644d8b15-9a0e-43c3-bdb3-91cef5aecf31	EgresoNormal	229129a7-7788-46aa-8b14-8c774f0ad87e	b064136e-57b1-42ff-8f7f-2988dc3484ec	\N	420.000000	para tacos en efectivoi	2025-12-13 06:00:00+00	f	2025-12-13 20:46:10.541835+00	2025-12-13 20:46:10.541835+00	f	\N	\N	\N
b8b35f36-b8c5-40ab-86fe-17ae3ec39592	644d8b15-9a0e-43c3-bdb3-91cef5aecf31	IngresoNormal	d43c394b-53af-4f3b-8fe0-c0786d5b509c	cf3a397d-e594-4b9d-a84f-e08cc46c12f0	\N	400.000000	de para gastar a efectivo	2025-12-13 00:00:00+00	f	2025-12-13 20:46:54.048118+00	2025-12-13 20:46:54.048118+00	f	\N	\N	\N
87a1efe3-2f24-473a-a3e7-560791bff95b	644d8b15-9a0e-43c3-bdb3-91cef5aecf31	IngresoNormal	229129a7-7788-46aa-8b14-8c774f0ad87e	23ae93d3-54aa-4ae1-b586-f33f9667c6d5	\N	599.000000	Budget Distribution: Ahorros	2025-12-11 06:00:00+00	f	2025-12-11 23:12:01.363149+00	2025-12-11 23:12:01.363149+00	f	\N	\N	\N
4bfba63a-7747-49f2-bf72-c171ba0e7ca6	644d8b15-9a0e-43c3-bdb3-91cef5aecf31	IngresoNormal	ed3c9bb2-d2e6-4a63-a4df-f0345853f472	e72610ce-d408-4c8a-bcc7-2a31cefccec8	\N	999.000000	Budget Distribution: Viajes	2025-12-11 06:00:00+00	f	2025-12-11 23:12:03.204363+00	2025-12-11 23:12:03.204363+00	f	\N	\N	\N
cab87e26-1d9a-4948-8763-d1e5de0c2989	644d8b15-9a0e-43c3-bdb3-91cef5aecf31	EgresoNormal	d43c394b-53af-4f3b-8fe0-c0786d5b509c	cf3a397d-e594-4b9d-a84f-e08cc46c12f0	\N	90.000000	tacos	2025-12-13 00:00:00+00	f	2025-12-13 20:46:56.086867+00	2025-12-13 20:46:56.086867+00	f	\N	\N	\N
a8e42db8-a05e-430b-b5fb-467398f5b575	644d8b15-9a0e-43c3-bdb3-91cef5aecf31	EgresoNormal	35997ca6-074e-47d8-b364-7b966a833518	1597be30-658f-4739-a9e9-727a950ffc53	\N	678.000000	snickers, yogurt, lentejas, frijoles, chicles	2025-12-13 06:00:00+00	f	2025-12-13 23:43:12.708893+00	2025-12-13 23:43:12.708893+00	f	\N	\N	\N
a4dfbeb3-072c-4fbb-b596-7195bb42fa89	644d8b15-9a0e-43c3-bdb3-91cef5aecf31	EgresoNormal	229129a7-7788-46aa-8b14-8c774f0ad87e	23ae93d3-54aa-4ae1-b586-f33f9667c6d5	\N	810.000000	regalo mama y vero navidad	2025-12-14 06:00:00+00	t	2025-12-14 02:04:12.099848+00	2025-12-14 02:04:12.099848+00	f	\N	\N	\N
b9abda61-3321-44c3-b8c2-e161edb291be	644d8b15-9a0e-43c3-bdb3-91cef5aecf31	EgresoNormal	229129a7-7788-46aa-8b14-8c774f0ad87e	23ae93d3-54aa-4ae1-b586-f33f9667c6d5	\N	220.000000	lo que faltaba de luz	2025-12-14 06:00:00+00	f	2025-12-14 22:43:00.07344+00	2025-12-14 22:43:00.07344+00	f	\N	\N	\N
91d41dfd-77d7-42fb-9438-14d4641ed432	644d8b15-9a0e-43c3-bdb3-91cef5aecf31	EgresoNormal	28c2305d-c6d3-46be-a5c7-36ad7b266013	deebf755-0126-4bc0-bdd2-20bbf21ae0ac	\N	93000.000000	comida cumpleeee	2025-12-15 06:00:00+00	t	2025-12-15 01:57:17.356574+00	2025-12-15 01:57:17.356574+00	f	\N	\N	\N
c60ce04c-88e7-4c05-a1a2-bc92dc408a28	644d8b15-9a0e-43c3-bdb3-91cef5aecf31	IngresoNormal	229129a7-7788-46aa-8b14-8c774f0ad87e	23ae93d3-54aa-4ae1-b586-f33f9667c6d5	\N	10166.000000	aguinaldo	2025-12-16 06:00:00+00	f	2025-12-16 02:43:14.017479+00	2025-12-16 02:43:14.017479+00	f	\N	\N	\N
cac90250-b89e-4e6e-8609-b80293275197	644d8b15-9a0e-43c3-bdb3-91cef5aecf31	IngresoNormal	da41fa99-8bb4-4f5c-9b47-76ca630d08b5	67995d0b-618c-4c13-97af-918143acd06a	\N	200000.000000	regalo clau y betty cumpleee	2025-12-16 06:00:00+00	f	2025-12-16 15:45:56.923738+00	2025-12-16 15:45:56.923738+00	f	\N	\N	\N
21538910-de8b-40a3-aba2-699dde07bf9c	644d8b15-9a0e-43c3-bdb3-91cef5aecf31	IngresoNormal	229129a7-7788-46aa-8b14-8c774f0ad87e	23ae93d3-54aa-4ae1-b586-f33f9667c6d5	\N	8958.000000	Skandia, fondo de ahorros	2025-12-09 06:00:00+00	f	2025-12-09 16:39:49.601318+00	2025-12-09 16:39:49.601318+00	f	\N	\N	\N
1aea1abe-7082-4aa9-a721-6179cfff118c	644d8b15-9a0e-43c3-bdb3-91cef5aecf31	IngresoNormal	229129a7-7788-46aa-8b14-8c774f0ad87e	b064136e-57b1-42ff-8f7f-2988dc3484ec	\N	5691.540000	Budget Distribution: Para gastar	2026-04-14 00:00:00+00	f	2026-04-14 18:19:03.878336+00	2026-04-14 18:19:03.878336+00	f	\N	\N	\N
515b78b4-b7a6-4c5a-ab2a-6cee9a659ef3	644d8b15-9a0e-43c3-bdb3-91cef5aecf31	EgresoNormal	229129a7-7788-46aa-8b14-8c774f0ad87e	23ae93d3-54aa-4ae1-b586-f33f9667c6d5	\N	490.000000	shea moisture	2025-12-16 00:00:00+00	f	2025-12-16 15:55:56.680261+00	2025-12-16 15:55:56.680261+00	f	\N	\N	\N
c84fb9bf-1e56-4e11-aa4c-6884de3f302c	644d8b15-9a0e-43c3-bdb3-91cef5aecf31	EgresoNormal	229129a7-7788-46aa-8b14-8c774f0ad87e	23ae93d3-54aa-4ae1-b586-f33f9667c6d5	\N	60.000000	cinta teflon ducha	2025-12-16 00:00:00+00	f	2025-12-16 15:55:59.502597+00	2025-12-16 15:55:59.502597+00	f	\N	\N	\N
6ebe35b9-e730-4580-8c89-95bd4bba21b0	644d8b15-9a0e-43c3-bdb3-91cef5aecf31	EgresoNormal	229129a7-7788-46aa-8b14-8c774f0ad87e	23ae93d3-54aa-4ae1-b586-f33f9667c6d5	\N	700.000000	ducha	2025-12-16 00:00:00+00	f	2025-12-16 15:56:01.646217+00	2025-12-16 15:56:01.646217+00	f	\N	\N	\N
a48ebdc1-4818-45a0-ae1d-d58594da2056	644d8b15-9a0e-43c3-bdb3-91cef5aecf31	EgresoNormal	229129a7-7788-46aa-8b14-8c774f0ad87e	23ae93d3-54aa-4ae1-b586-f33f9667c6d5	\N	250.720000	locion nautica	2025-12-16 00:00:00+00	f	2025-12-16 15:56:03.822444+00	2025-12-16 15:56:03.822444+00	f	\N	\N	\N
542d6ff7-569b-4724-814d-ae418841381a	644d8b15-9a0e-43c3-bdb3-91cef5aecf31	EgresoNormal	229129a7-7788-46aa-8b14-8c774f0ad87e	b064136e-57b1-42ff-8f7f-2988dc3484ec	\N	242.000000	project zomboid + algo mas? diff	2025-12-16 06:00:00+00	f	2025-12-16 15:57:29.171018+00	2025-12-16 15:57:29.171018+00	f	\N	\N	\N
8fbbd9f5-a51d-4d03-a1f8-cd0dcf0d1dcb	644d8b15-9a0e-43c3-bdb3-91cef5aecf31	EgresoNormal	229129a7-7788-46aa-8b14-8c774f0ad87e	23ae93d3-54aa-4ae1-b586-f33f9667c6d5	\N	1436.000000	diff?	2025-12-16 06:00:00+00	f	2025-12-16 15:58:44.253879+00	2025-12-16 15:58:44.253879+00	f	\N	\N	\N
96a4015f-6bb0-4eeb-b93b-417850ba4047	644d8b15-9a0e-43c3-bdb3-91cef5aecf31	EgresoNormal	ed3c9bb2-d2e6-4a63-a4df-f0345853f472	f8790365-8899-446c-a514-1e5c4feb489f	\N	1993.000000	difff????	2025-12-16 00:00:00+00	f	2025-12-16 16:04:14.361991+00	2025-12-16 16:04:14.361991+00	f	\N	\N	\N
003d0b25-cd00-4e00-b3f4-568a6f806874	644d8b15-9a0e-43c3-bdb3-91cef5aecf31	IngresoNormal	229129a7-7788-46aa-8b14-8c774f0ad87e	b064136e-57b1-42ff-8f7f-2988dc3484ec	\N	185.000000	Transfer from Bono: de hapi falto	2026-04-21 06:00:00+00	f	2026-04-21 17:04:17.08685+00	2026-04-21 17:04:17.08685+00	f	\N	\N	\N
37d67bb9-e1df-4056-9469-5e4e65c65aaa	644d8b15-9a0e-43c3-bdb3-91cef5aecf31	IngresoNormal	da41fa99-8bb4-4f5c-9b47-76ca630d08b5	7f3b9e25-8add-4771-a2e6-e620cc65442f	\N	177000.000000	diff	2025-12-16 06:00:00+00	f	2025-12-16 16:05:47.378555+00	2025-12-16 16:05:47.378555+00	f	\N	\N	\N
fe1d02e7-ba81-428c-910c-4007551458d2	644d8b15-9a0e-43c3-bdb3-91cef5aecf31	EgresoNormal	da41fa99-8bb4-4f5c-9b47-76ca630d08b5	7f3b9e25-8add-4771-a2e6-e620cc65442f	\N	214000.000000	Somos Internet, Rappi mensual, unos ubers que pedi sin culpa, comida de cumple	2025-12-16 06:00:00+00	f	2025-12-16 16:08:11.731661+00	2025-12-16 16:08:11.731661+00	f	\N	\N	\N
9d908d2b-36c8-40b9-b975-941b472002d5	644d8b15-9a0e-43c3-bdb3-91cef5aecf31	EgresoNormal	35997ca6-074e-47d8-b364-7b966a833518	1597be30-658f-4739-a9e9-727a950ffc53	\N	436.000000	matera y abono	2026-05-04 00:00:00+00	f	2026-05-04 00:20:13.25831+00	2026-05-04 00:20:13.25831+00	f	\N	\N	\N
718d369e-ddd3-4824-b2b0-28f590090e91	644d8b15-9a0e-43c3-bdb3-91cef5aecf31	EgresoFijo	229129a7-7788-46aa-8b14-8c774f0ad87e	fe1fe884-bd73-42f7-b22f-a03eb3b80093	3f885cfd-1a00-493f-9b34-401d63a93037	1000.000000	ubers pasado	2026-05-04 00:00:00+00	f	2026-05-04 00:20:15.266684+00	2026-05-04 00:20:15.266684+00	f	\N	\N	\N
d48df661-3b66-4342-8f5c-d18210b91d5c	644d8b15-9a0e-43c3-bdb3-91cef5aecf31	EgresoNormal	229129a7-7788-46aa-8b14-8c774f0ad87e	4fa35fb2-9a61-4fa4-b234-8087aa22fe8a	\N	17423.620000	a inversion	2026-05-14 00:00:00+00	f	2026-05-14 18:05:11.726199+00	2026-05-14 18:05:11.726199+00	f	\N	\N	\N
84836fed-9d49-437a-a81a-81d30be6b87d	644d8b15-9a0e-43c3-bdb3-91cef5aecf31	EgresoNormal	35997ca6-074e-47d8-b364-7b966a833518	1597be30-658f-4739-a9e9-727a950ffc53	\N	279.000000	Diff compras casa	2025-12-20 06:00:00+00	f	2025-12-20 00:42:03.930541+00	2025-12-20 00:42:03.930541+00	f	\N	\N	\N
6cad6b2a-b5c1-4902-bffa-d050fb224774	644d8b15-9a0e-43c3-bdb3-91cef5aecf31	EgresoNormal	229129a7-7788-46aa-8b14-8c774f0ad87e	23ae93d3-54aa-4ae1-b586-f33f9667c6d5	\N	609.000000	cable hdmi largo	2025-12-16 00:00:00+00	f	2025-12-16 15:56:44.732435+00	2025-12-16 15:56:44.732435+00	f	\N	\N	\N
d12b8eea-b1f0-41dc-8f42-e93a213ec332	644d8b15-9a0e-43c3-bdb3-91cef5aecf31	EgresoNormal	229129a7-7788-46aa-8b14-8c774f0ad87e	23ae93d3-54aa-4ae1-b586-f33f9667c6d5	\N	107.000000	pilas amazon	2025-12-16 00:00:00+00	f	2025-12-16 15:56:46.027885+00	2025-12-16 15:56:46.027885+00	f	\N	\N	\N
96d7e64e-38af-493a-808b-40a4c3952b1c	644d8b15-9a0e-43c3-bdb3-91cef5aecf31	EgresoNormal	229129a7-7788-46aa-8b14-8c774f0ad87e	23ae93d3-54aa-4ae1-b586-f33f9667c6d5	\N	426.000000	acondicionador	2025-12-18 06:00:00+00	f	2025-12-18 00:24:50.025193+00	2025-12-18 00:24:50.025193+00	f	\N	\N	\N
77a91542-802e-415a-862f-3477802582fb	644d8b15-9a0e-43c3-bdb3-91cef5aecf31	EgresoNormal	229129a7-7788-46aa-8b14-8c774f0ad87e	b064136e-57b1-42ff-8f7f-2988dc3484ec	\N	79.000000	diff	2025-12-21 06:00:00+00	f	2025-12-21 22:49:54.344715+00	2025-12-21 22:49:54.344715+00	f	\N	\N	\N
8749b929-3445-41e7-a725-f6039a28c665	644d8b15-9a0e-43c3-bdb3-91cef5aecf31	EgresoNormal	da41fa99-8bb4-4f5c-9b47-76ca630d08b5	7f3b9e25-8add-4771-a2e6-e620cc65442f	\N	303000.000000	cami mattelsa	2025-12-22 06:00:00+00	f	2025-12-22 04:13:32.131058+00	2025-12-22 04:13:32.131058+00	f	\N	\N	\N
423d0f83-86e6-42ba-82a8-ca8f30c9606a	644d8b15-9a0e-43c3-bdb3-91cef5aecf31	EgresoNormal	35997ca6-074e-47d8-b364-7b966a833518	1597be30-658f-4739-a9e9-727a950ffc53	\N	1044.000000	McDonalds +++ mercado de carnes jiji	2025-12-22 06:00:00+00	f	2025-12-22 04:56:55.44568+00	2025-12-22 04:56:55.44568+00	f	\N	\N	\N
fca23c0e-4e4d-46be-bcec-248ef1d37d5a	644d8b15-9a0e-43c3-bdb3-91cef5aecf31	IngresoNormal	229129a7-7788-46aa-8b14-8c774f0ad87e	23ae93d3-54aa-4ae1-b586-f33f9667c6d5	\N	6708.900000	Budget Distribution: Ahorros	2025-12-30 00:00:00+00	f	2025-12-30 18:06:55.031037+00	2025-12-30 18:06:55.031037+00	f	\N	\N	\N
2c84f944-9621-48b1-83eb-6e46dfbcecd8	644d8b15-9a0e-43c3-bdb3-91cef5aecf31	IngresoNormal	ed3c9bb2-d2e6-4a63-a4df-f0345853f472	e72610ce-d408-4c8a-bcc7-2a31cefccec8	\N	8132.000000	Budget Distribution: Viajes	2025-12-30 00:00:00+00	f	2025-12-30 18:06:56.978828+00	2025-12-30 18:06:56.978828+00	f	\N	\N	\N
a73aed5e-b153-41c2-8651-13d9a4d86b78	644d8b15-9a0e-43c3-bdb3-91cef5aecf31	IngresoNormal	229129a7-7788-46aa-8b14-8c774f0ad87e	b064136e-57b1-42ff-8f7f-2988dc3484ec	\N	5489.100000	Budget Distribution: Para gastar	2025-12-30 00:00:00+00	f	2025-12-30 18:06:58.662476+00	2025-12-30 18:06:58.662476+00	f	\N	\N	\N
2619d8ef-86d9-4c8e-b488-dd15ae187de5	644d8b15-9a0e-43c3-bdb3-91cef5aecf31	IngresoNormal	35997ca6-074e-47d8-b364-7b966a833518	1597be30-658f-4739-a9e9-727a950ffc53	\N	2900.000000	Mensualidad	2025-12-30 06:00:00+00	f	2025-12-30 20:44:51.747417+00	2025-12-30 20:44:51.747417+00	f	\N	\N	\N
ea56ef5e-ff80-4b40-bcb3-9e65a87a4564	644d8b15-9a0e-43c3-bdb3-91cef5aecf31	EgresoNormal	da41fa99-8bb4-4f5c-9b47-76ca630d08b5	7f3b9e25-8add-4771-a2e6-e620cc65442f	\N	790000.000000	viajes uber - lucha libre 300 - regalo de cami 250	2025-12-30 06:00:00+00	f	2025-12-30 20:45:46.843528+00	2025-12-30 20:45:46.843528+00	f	\N	\N	\N
d5c18d0a-866d-4b7e-b3d2-52eb652b2937	644d8b15-9a0e-43c3-bdb3-91cef5aecf31	EgresoNormal	ed3c9bb2-d2e6-4a63-a4df-f0345853f472	e72610ce-d408-4c8a-bcc7-2a31cefccec8	\N	5292.000000	Viaje bogota my chemical	2025-12-31 06:00:00+00	f	2025-12-31 16:55:36.069849+00	2025-12-31 16:55:36.069849+00	f	\N	\N	\N
1a439323-5aef-45fa-be0d-6d85d6ce57e6	644d8b15-9a0e-43c3-bdb3-91cef5aecf31	EgresoFijo	ed3c9bb2-d2e6-4a63-a4df-f0345853f472	\N	\N	78.000000	Uber diario casa-ofi	2025-12-15 06:00:00+00	f	2025-12-16 02:45:12.497797+00	2025-12-16 02:45:12.497797+00	t	Nubank	MXN	Fijos
6fcf76f5-b7d2-4384-bb57-fc86d39d7226	644d8b15-9a0e-43c3-bdb3-91cef5aecf31	IngresoNormal	ed3c9bb2-d2e6-4a63-a4df-f0345853f472	f8790365-8899-446c-a514-1e5c4feb489f	\N	83.000000	intereses	2026-04-14 00:00:00+00	f	2026-04-14 18:22:49.493417+00	2026-04-14 18:22:49.493417+00	f	\N	\N	\N
bf1526cf-f844-48c4-9290-673cc492ca36	644d8b15-9a0e-43c3-bdb3-91cef5aecf31	EgresoNormal	229129a7-7788-46aa-8b14-8c774f0ad87e	4fa35fb2-9a61-4fa4-b234-8087aa22fe8a	\N	12534.000000	Enviamos a nu	2026-04-14 00:00:00+00	f	2026-04-14 18:22:54.048521+00	2026-04-14 18:22:54.048521+00	f	\N	\N	\N
40381f5e-98b3-45b5-bf86-4de2329f9888	644d8b15-9a0e-43c3-bdb3-91cef5aecf31	EgresoFijo	229129a7-7788-46aa-8b14-8c774f0ad87e	fe1fe884-bd73-42f7-b22f-a03eb3b80093	3f885cfd-1a00-493f-9b34-401d63a93037	464.000000	ubers trabajo	2026-04-21 06:00:00+00	f	2026-04-21 17:26:53.132821+00	2026-04-21 17:26:53.132821+00	f	\N	\N	\N
3ba5eaa5-e0d6-4dca-b349-bd65b08fb05c	644d8b15-9a0e-43c3-bdb3-91cef5aecf31	EgresoFijo	229129a7-7788-46aa-8b14-8c774f0ad87e	fe1fe884-bd73-42f7-b22f-a03eb3b80093	c7d313b6-7c13-4ba0-9c08-26fe4f5fef03	19080.000000	Renta Nomad mensual	2026-05-04 06:00:00+00	f	2026-05-06 22:53:42.634204+00	2026-05-06 22:53:42.634204+00	f	\N	\N	\N
aee75936-4a81-4e44-9c34-e215221debc4	644d8b15-9a0e-43c3-bdb3-91cef5aecf31	IngresoNormal	28c2305d-c6d3-46be-a5c7-36ad7b266013	deebf755-0126-4bc0-bdd2-20bbf21ae0ac	\N	290000.000000	balance	2026-01-06 06:00:00+00	f	2026-01-06 00:26:40.26087+00	2026-01-06 00:26:40.26087+00	f	\N	\N	\N
6d7c0956-ed07-44da-a852-255705d498ea	644d8b15-9a0e-43c3-bdb3-91cef5aecf31	EgresoNormal	229129a7-7788-46aa-8b14-8c774f0ad87e	b064136e-57b1-42ff-8f7f-2988dc3484ec	\N	3804.000000	diff	2026-01-06 06:00:00+00	f	2026-01-06 00:38:08.125409+00	2026-01-06 00:38:08.125409+00	f	\N	\N	\N
806ffc77-1964-4164-b62d-8e4cb93c57e8	644d8b15-9a0e-43c3-bdb3-91cef5aecf31	EgresoNormal	229129a7-7788-46aa-8b14-8c774f0ad87e	23ae93d3-54aa-4ae1-b586-f33f9667c6d5	\N	1370.000000	diff	2026-01-06 06:00:00+00	f	2026-01-06 00:40:30.477576+00	2026-01-06 00:40:30.477576+00	f	\N	\N	\N
eda891e6-61be-4fc8-b4a5-800d68aedb6b	644d8b15-9a0e-43c3-bdb3-91cef5aecf31	IngresoNormal	006a3da8-9560-4f4d-95b8-b277133a2fa4	61b7c635-6924-4d7d-9cda-1e19ec256bbf	\N	1.456460	Shares	2026-05-14 00:00:00+00	f	2026-05-14 18:05:14.669646+00	2026-05-14 18:05:14.669646+00	f	\N	\N	\N
9f30f688-7489-4c97-8a03-5ddcf1d9feaf	644d8b15-9a0e-43c3-bdb3-91cef5aecf31	IngresoNormal	da41fa99-8bb4-4f5c-9b47-76ca630d08b5	7f3b9e25-8add-4771-a2e6-e620cc65442f	\N	3800000.000000	del colchon!!!	2026-01-06 06:00:00+00	f	2026-01-06 00:46:45.175976+00	2026-01-06 00:46:45.175976+00	f	\N	\N	\N
8239f04f-2f06-4bcf-877f-9ae09e3e9a40	4b077e8d-247a-4f1f-bbfb-40d96fee4c35	IngresoNormal	fab832e0-5215-4d5f-b467-bdcff6143e4e	0ec37925-c048-4f62-8aa5-ebb05456f26c	\N	6000000.000000	\N	2026-01-07 05:00:00+00	f	2026-01-07 03:51:35.608217+00	2026-01-07 03:51:35.608217+00	f	\N	\N	\N
8191494c-8cd2-47ac-b21a-e4639f026076	644d8b15-9a0e-43c3-bdb3-91cef5aecf31	IngresoNormal	229129a7-7788-46aa-8b14-8c774f0ad87e	23ae93d3-54aa-4ae1-b586-f33f9667c6d5	\N	1056.660000	Budget Distribution: Ahorros	2026-01-14 00:00:00+00	f	2026-01-14 18:43:23.289517+00	2026-01-14 18:43:23.289517+00	f	\N	\N	\N
25d748a4-4204-4c4a-bee3-4282dbe55d0b	4b077e8d-247a-4f1f-bbfb-40d96fee4c35	EgresoNormal	\N	\N	\N	10800.000000	Fruver - mamá debe	2026-01-03 05:00:00+00	t	2026-01-03 00:05:46.48066+00	2026-01-03 00:05:46.48066+00	t	Plata	COP	Unknown
117bf1a3-1bbf-4553-8cae-7ee61e61f1e4	4b077e8d-247a-4f1f-bbfb-40d96fee4c35	EgresoNormal	ed6f2bb8-c9f1-45ac-99c3-638dc43ab8e4	c2c09de2-2b7a-40c4-8338-7dffb0d96ea4	\N	10800.000000	Frutas fruver - mamá	2026-01-07 05:00:00+00	t	2026-01-07 03:55:30.803207+00	2026-01-07 03:55:30.803207+00	f	\N	\N	\N
63bcb7f0-061b-476e-91f6-b28192b5a9f8	644d8b15-9a0e-43c3-bdb3-91cef5aecf31	IngresoNormal	ed3c9bb2-d2e6-4a63-a4df-f0345853f472	e72610ce-d408-4c8a-bcc7-2a31cefccec8	\N	1280.800000	Budget Distribution: Viajes	2026-01-14 00:00:00+00	f	2026-01-14 18:43:26.532534+00	2026-01-14 18:43:26.532534+00	f	\N	\N	\N
8b822795-0c6f-46ea-822b-08ee5c0f8a4d	4b077e8d-247a-4f1f-bbfb-40d96fee4c35	EgresoFijo	ed6f2bb8-c9f1-45ac-99c3-638dc43ab8e4	09c2046a-545d-452d-910e-78c493e6f6ea	\N	50000.000000	Cívica	2026-01-07 05:00:00+00	f	2026-01-07 04:14:57.683187+00	2026-01-07 04:14:57.683187+00	f	\N	\N	\N
dd29bdd1-ab13-47a8-b0e7-2b8ce7264062	4b077e8d-247a-4f1f-bbfb-40d96fee4c35	IngresoNormal	10366590-8e67-4a0f-9229-8a892b54baa6	4afd96b5-d1cd-4aa7-b5ac-2e928f61f54c	\N	100000.000000	Regalo abuelito	2026-01-07 05:00:00+00	f	2026-01-07 04:14:48.077127+00	2026-01-07 04:14:48.077127+00	f	\N	\N	\N
31681c3a-ff31-423b-8f4b-9053c1f93312	644d8b15-9a0e-43c3-bdb3-91cef5aecf31	EgresoNormal	229129a7-7788-46aa-8b14-8c774f0ad87e	b064136e-57b1-42ff-8f7f-2988dc3484ec	\N	200.000000	cinepolis	2026-01-08 06:00:00+00	f	2026-01-08 03:21:22.076519+00	2026-01-08 03:21:22.076519+00	f	\N	\N	\N
1c6980a9-42ca-45b4-93d1-2e892444ea11	644d8b15-9a0e-43c3-bdb3-91cef5aecf31	EgresoNormal	35997ca6-074e-47d8-b364-7b966a833518	1597be30-658f-4739-a9e9-727a950ffc53	\N	130.000000	panda express	2026-01-08 06:00:00+00	f	2026-01-08 18:20:07.592986+00	2026-01-08 18:20:07.592986+00	f	\N	\N	\N
c72ca726-ee00-4a26-8395-67831897afd9	644d8b15-9a0e-43c3-bdb3-91cef5aecf31	IngresoNormal	229129a7-7788-46aa-8b14-8c774f0ad87e	b064136e-57b1-42ff-8f7f-2988dc3484ec	\N	864.540000	Budget Distribution: Para gastar	2026-01-14 00:00:00+00	f	2026-01-14 18:43:28.71744+00	2026-01-14 18:43:28.71744+00	f	\N	\N	\N
d0d2376f-48e9-46f6-b628-26f276c8d15d	644d8b15-9a0e-43c3-bdb3-91cef5aecf31	EgresoNormal	da41fa99-8bb4-4f5c-9b47-76ca630d08b5	7f3b9e25-8add-4771-a2e6-e620cc65442f	\N	2455000.000000	Colchon luuna	2026-01-10 06:00:00+00	t	2026-01-10 02:33:33.781693+00	2026-01-10 02:33:33.781693+00	f	\N	\N	\N
cc2f4829-8bb3-42b6-9c64-c166b84c7ea0	644d8b15-9a0e-43c3-bdb3-91cef5aecf31	EgresoNormal	229129a7-7788-46aa-8b14-8c774f0ad87e	4fa35fb2-9a61-4fa4-b234-8087aa22fe8a	\N	34505.000000	diff - paso a NU, VOO en hapi	2026-01-14 00:00:00+00	f	2026-01-14 20:57:56.576033+00	2026-01-14 20:57:56.576033+00	f	\N	\N	\N
b953a98f-1496-4eed-b5f8-e222d000f3c8	644d8b15-9a0e-43c3-bdb3-91cef5aecf31	IngresoNormal	ed3c9bb2-d2e6-4a63-a4df-f0345853f472	f8790365-8899-446c-a514-1e5c4feb489f	\N	17917.000000	diff	2026-01-14 00:00:00+00	f	2026-01-14 20:57:59.088723+00	2026-01-14 20:57:59.088723+00	f	\N	\N	\N
28d0cae7-83cc-45e3-a0bd-22b78aee9302	4b077e8d-247a-4f1f-bbfb-40d96fee4c35	EgresoNormal	10366590-8e67-4a0f-9229-8a892b54baa6	4afd96b5-d1cd-4aa7-b5ac-2e928f61f54c	\N	13000.000000	Panchocha - mamá debe	2026-01-12 05:00:00+00	f	2026-01-12 20:59:15.64502+00	2026-01-12 20:59:15.64502+00	f	\N	\N	\N
d7ac6697-d04b-4dbf-b167-235595c4203c	644d8b15-9a0e-43c3-bdb3-91cef5aecf31	EgresoNormal	da41fa99-8bb4-4f5c-9b47-76ca630d08b5	7f3b9e25-8add-4771-a2e6-e620cc65442f	\N	120000.000000	SOMOS gordo pendiente	2026-01-14 00:00:00+00	t	2026-01-14 19:19:23.192897+00	2026-01-14 19:19:23.192897+00	f	\N	\N	\N
7ff363da-ca27-4f3b-96b7-6f342068a45e	644d8b15-9a0e-43c3-bdb3-91cef5aecf31	EgresoNormal	da41fa99-8bb4-4f5c-9b47-76ca630d08b5	7f3b9e25-8add-4771-a2e6-e620cc65442f	\N	570000.000000	Cafetera cumple	2026-01-14 00:00:00+00	t	2026-01-14 19:19:24.837777+00	2026-01-14 19:19:24.837777+00	f	\N	\N	\N
fedb31ef-96ae-4f09-bd8b-5aca977b7699	644d8b15-9a0e-43c3-bdb3-91cef5aecf31	EgresoNormal	da41fa99-8bb4-4f5c-9b47-76ca630d08b5	7f3b9e25-8add-4771-a2e6-e620cc65442f	\N	279000.000000	Proteina	2026-01-14 00:00:00+00	t	2026-01-14 19:19:26.117735+00	2026-01-14 19:19:26.117735+00	f	\N	\N	\N
042041c2-d388-47a1-b458-81d9d226326e	644d8b15-9a0e-43c3-bdb3-91cef5aecf31	EgresoNormal	229129a7-7788-46aa-8b14-8c774f0ad87e	b064136e-57b1-42ff-8f7f-2988dc3484ec	\N	524.000000	diff	2026-01-14 06:00:00+00	f	2026-01-14 20:51:50.067518+00	2026-01-14 20:51:50.067518+00	f	\N	\N	\N
b767ad11-da96-4bfb-89b9-f150509c5056	644d8b15-9a0e-43c3-bdb3-91cef5aecf31	IngresoNormal	229129a7-7788-46aa-8b14-8c774f0ad87e	23ae93d3-54aa-4ae1-b586-f33f9667c6d5	\N	2630.000000	diff	2026-01-14 00:00:00+00	f	2026-01-14 20:57:53.576939+00	2026-01-14 20:57:53.576939+00	f	\N	\N	\N
ec850d8b-ea6a-4e7e-80d5-be79d0a29999	644d8b15-9a0e-43c3-bdb3-91cef5aecf31	EgresoFijo	ed3c9bb2-d2e6-4a63-a4df-f0345853f472	\N	\N	449.000000	telmex	2026-01-06 06:00:00+00	f	2026-01-06 01:09:26.747693+00	2026-01-06 01:09:26.747693+00	t	Nubank	MXN	Fijos
3f20a636-11b3-4467-b39f-beff476bf1fb	644d8b15-9a0e-43c3-bdb3-91cef5aecf31	EgresoFijo	ed3c9bb2-d2e6-4a63-a4df-f0345853f472	\N	\N	120.000000	lavanderia con vero miercoles 31	2025-12-31 06:00:00+00	f	2025-12-31 18:29:05.379213+00	2025-12-31 18:29:05.379213+00	t	Nubank	MXN	Fijos
a5123af1-cc42-43ce-8078-decba27e3e01	644d8b15-9a0e-43c3-bdb3-91cef5aecf31	EgresoFijo	ed3c9bb2-d2e6-4a63-a4df-f0345853f472	\N	\N	647.000000	diff	2026-01-06 06:00:00+00	f	2026-01-06 00:44:49.292626+00	2026-01-06 00:44:49.292626+00	t	Nubank	MXN	Fijos
3ef91980-7384-4a4d-8d5d-6bb4f9951a83	644d8b15-9a0e-43c3-bdb3-91cef5aecf31	IngresoNormal	ed3c9bb2-d2e6-4a63-a4df-f0345853f472	3f043b05-d84b-4ecf-ae51-c827b955ba74	\N	11430.000000	Extra de banamex y salario	2026-04-14 00:00:00+00	f	2026-04-14 18:22:51.915319+00	2026-04-14 18:22:51.915319+00	f	\N	\N	\N
addc435d-fe6d-41a7-bdf9-aeca3cd67f34	644d8b15-9a0e-43c3-bdb3-91cef5aecf31	IngresoNormal	229129a7-7788-46aa-8b14-8c774f0ad87e	4fa35fb2-9a61-4fa4-b234-8087aa22fe8a	\N	13893.550000	Budget Distribution: Ahorros	2026-04-22 00:00:00+00	f	2026-04-22 23:51:33.370815+00	2026-04-22 23:51:33.370815+00	f	\N	\N	\N
51951fb5-8195-43ec-b055-9a003e6c9b1e	644d8b15-9a0e-43c3-bdb3-91cef5aecf31	IngresoNormal	229129a7-7788-46aa-8b14-8c774f0ad87e	b064136e-57b1-42ff-8f7f-2988dc3484ec	\N	5052.200000	Budget Distribution: Para gastar	2026-04-22 00:00:00+00	f	2026-04-22 23:51:38.068171+00	2026-04-22 23:51:38.068171+00	f	\N	\N	\N
34271e03-5653-4eeb-9de9-fac3e7cc891a	644d8b15-9a0e-43c3-bdb3-91cef5aecf31	EgresoFijo	ed3c9bb2-d2e6-4a63-a4df-f0345853f472	\N	\N	45.000000	diff	2026-01-14 00:00:00+00	f	2026-01-14 20:58:12.840791+00	2026-01-14 20:58:12.840791+00	t	Nubank	MXN	Fijos
d5258ae5-e35d-4102-bd35-f20a7ed7d059	644d8b15-9a0e-43c3-bdb3-91cef5aecf31	EgresoFijo	229129a7-7788-46aa-8b14-8c774f0ad87e	fe1fe884-bd73-42f7-b22f-a03eb3b80093	9ccb4b7c-982f-48e1-b533-6d4c04ba48b9	400.000000	realmente eran 500	2026-05-06 00:00:00+00	f	2026-05-06 22:54:52.60973+00	2026-05-06 22:54:52.60973+00	f	\N	\N	\N
23c9d267-c072-480d-8b2c-fbbb4110c37d	644d8b15-9a0e-43c3-bdb3-91cef5aecf31	IngresoNormal	006a3da8-9560-4f4d-95b8-b277133a2fa4	f8c02639-f976-458c-a67b-cfb01f75e1bd	\N	999.850000	Money	2026-05-14 00:00:00+00	f	2026-05-14 18:05:16.622488+00	2026-05-14 18:05:16.622488+00	f	\N	\N	\N
11a692d2-0906-44b9-a3de-5ab173e471eb	644d8b15-9a0e-43c3-bdb3-91cef5aecf31	EgresoNormal	229129a7-7788-46aa-8b14-8c774f0ad87e	4fa35fb2-9a61-4fa4-b234-8087aa22fe8a	\N	1000.000000	\N	2026-04-14 06:00:00+00	f	2026-04-14 22:21:51.622972+00	2026-04-14 22:21:51.622972+00	f	\N	\N	\N
b3ac298c-e033-4b4f-957c-b5e76f67af5f	644d8b15-9a0e-43c3-bdb3-91cef5aecf31	EgresoNormal	da41fa99-8bb4-4f5c-9b47-76ca630d08b5	7f3b9e25-8add-4771-a2e6-e620cc65442f	\N	3396000.000000	DIFF	2026-01-14 00:00:00+00	f	2026-01-14 21:04:01.387413+00	2026-01-14 21:04:01.387413+00	f	\N	\N	\N
2cefff5c-0c7e-4582-872f-e8ef1a410617	644d8b15-9a0e-43c3-bdb3-91cef5aecf31	EgresoNormal	28c2305d-c6d3-46be-a5c7-36ad7b266013	deebf755-0126-4bc0-bdd2-20bbf21ae0ac	\N	243200.000000	diff	2026-01-14 00:00:00+00	f	2026-01-14 21:04:04.261052+00	2026-01-14 21:04:04.261052+00	f	\N	\N	\N
7ae07857-84d8-480e-9b26-01c0837c412e	644d8b15-9a0e-43c3-bdb3-91cef5aecf31	IngresoNormal	006a3da8-9560-4f4d-95b8-b277133a2fa4	f8c02639-f976-458c-a67b-cfb01f75e1bd	\N	722.930000	hapi monthly	2026-01-14 00:00:00+00	f	2026-01-14 21:05:31.15503+00	2026-01-14 21:05:31.15503+00	f	\N	\N	\N
c58fd92a-2e08-41f6-a404-18fae6ff9a73	644d8b15-9a0e-43c3-bdb3-91cef5aecf31	IngresoNormal	006a3da8-9560-4f4d-95b8-b277133a2fa4	61b7c635-6924-4d7d-9cda-1e19ec256bbf	\N	1.131890	hapi monthly	2026-01-14 00:00:00+00	f	2026-01-14 21:05:33.802384+00	2026-01-14 21:05:33.802384+00	f	\N	\N	\N
72024308-ee9c-4ceb-979a-7728b8deb903	644d8b15-9a0e-43c3-bdb3-91cef5aecf31	EgresoNormal	35997ca6-074e-47d8-b364-7b966a833518	1597be30-658f-4739-a9e9-727a950ffc53	\N	572.000000	diff	2026-01-14 06:00:00+00	f	2026-01-14 21:08:25.15005+00	2026-01-14 21:08:25.15005+00	f	\N	\N	\N
d670063b-9655-42e5-8e3e-c340f630dc70	644d8b15-9a0e-43c3-bdb3-91cef5aecf31	IngresoNormal	229129a7-7788-46aa-8b14-8c774f0ad87e	4fa35fb2-9a61-4fa4-b234-8087aa22fe8a	\N	6315.250000	Budget Distribution: Viajes	2026-04-22 00:00:00+00	f	2026-04-22 23:51:36.128729+00	2026-04-22 23:51:36.128729+00	f	\N	\N	\N
8675c2ae-5eaf-4ebf-98d2-054d6fc6a2ed	644d8b15-9a0e-43c3-bdb3-91cef5aecf31	EgresoNormal	ed3c9bb2-d2e6-4a63-a4df-f0345853f472	e72610ce-d408-4c8a-bcc7-2a31cefccec8	\N	1980.000000	Viaje acapulco	2026-01-15 06:00:00+00	f	2026-01-15 00:18:53.926643+00	2026-01-15 00:18:53.926643+00	f	\N	\N	\N
c93a7cfe-4585-453f-8d18-5d171e1c7504	644d8b15-9a0e-43c3-bdb3-91cef5aecf31	EgresoNormal	28c2305d-c6d3-46be-a5c7-36ad7b266013	deebf755-0126-4bc0-bdd2-20bbf21ae0ac	\N	57000.000000	chilis!	2026-01-15 06:00:00+00	f	2026-01-15 02:39:36.33877+00	2026-01-15 02:39:36.33877+00	f	\N	\N	\N
663a88a4-762c-4b3d-b386-a1a5c8064cad	644d8b15-9a0e-43c3-bdb3-91cef5aecf31	IngresoNormal	28c2305d-c6d3-46be-a5c7-36ad7b266013	deebf755-0126-4bc0-bdd2-20bbf21ae0ac	\N	670000.000000	CAFETERA Y SOMOS	2026-01-15 06:00:00+00	f	2026-01-15 02:40:00.35401+00	2026-01-15 02:40:00.35401+00	f	\N	\N	\N
517f09cb-e0b0-4cf2-8535-b77458cd34fe	644d8b15-9a0e-43c3-bdb3-91cef5aecf31	EgresoFijo	229129a7-7788-46aa-8b14-8c774f0ad87e	fe1fe884-bd73-42f7-b22f-a03eb3b80093	ac9c2aaf-3ba7-4ebd-ba10-738761cceb68	208.210000	gas + agua que faltaba	2026-05-06 00:00:00+00	f	2026-05-06 22:54:56.34164+00	2026-05-06 22:54:56.34164+00	f	\N	\N	\N
71e0fb47-db87-4684-85c3-26efdaf2f79e	55c2ff24-e2f0-4793-9a61-fb95020b5c3a	EgresoNormal	db9dcfca-45c7-47f3-999d-7276ff356a6f	08ec0d07-c4f7-456a-b319-1c20ab04d859	\N	5498425098293.000000	XD	2026-01-16 06:00:00+00	f	2026-01-16 17:15:51.434533+00	2026-01-16 17:15:51.434533+00	f	\N	\N	\N
850d98ed-4dd4-49fa-a01e-52ba0f0b6856	4b077e8d-247a-4f1f-bbfb-40d96fee4c35	EgresoNormal	ed6f2bb8-c9f1-45ac-99c3-638dc43ab8e4	c2c09de2-2b7a-40c4-8338-7dffb0d96ea4	\N	10400.000000	Parqueadero belén - mamá debe	2026-01-18 05:00:00+00	f	2026-01-18 04:37:10.744135+00	2026-01-18 04:37:10.744135+00	f	\N	\N	\N
cf00aebb-0bba-442e-bd45-a891d54c1397	4b077e8d-247a-4f1f-bbfb-40d96fee4c35	IngresoNormal	10366590-8e67-4a0f-9229-8a892b54baa6	4afd96b5-d1cd-4aa7-b5ac-2e928f61f54c	\N	20000.000000	efectivo abuelito	2026-01-18 05:00:00+00	f	2026-01-18 04:36:43.651466+00	2026-01-18 04:36:43.651466+00	f	\N	\N	\N
31dba11a-e00b-4b4a-85c4-ce96506b0444	4b077e8d-247a-4f1f-bbfb-40d96fee4c35	EgresoNormal	10366590-8e67-4a0f-9229-8a892b54baa6	4afd96b5-d1cd-4aa7-b5ac-2e928f61f54c	\N	31400.000000	fruver mamá debe 	2026-01-18 05:00:00+00	f	2026-01-18 04:37:50.256231+00	2026-01-18 04:37:50.256231+00	f	\N	\N	\N
85e3339e-709e-4d3f-a2ca-b97fcda7c6fd	644d8b15-9a0e-43c3-bdb3-91cef5aecf31	EgresoNormal	229129a7-7788-46aa-8b14-8c774f0ad87e	b064136e-57b1-42ff-8f7f-2988dc3484ec	\N	726.000000	Gastos viaje acapulco	2026-01-20 06:00:00+00	f	2026-01-20 16:41:08.275827+00	2026-01-20 16:41:08.275827+00	f	\N	\N	\N
b4569a38-7716-4255-8349-c09cf45b2500	644d8b15-9a0e-43c3-bdb3-91cef5aecf31	EgresoNormal	229129a7-7788-46aa-8b14-8c774f0ad87e	b064136e-57b1-42ff-8f7f-2988dc3484ec	\N	1056.000000	retiro a efectivo acapulco	2026-01-20 06:00:00+00	f	2026-01-20 16:41:21.675421+00	2026-01-20 16:41:21.675421+00	f	\N	\N	\N
6f72ebb3-04a4-4413-9b56-2aaa0aea880b	644d8b15-9a0e-43c3-bdb3-91cef5aecf31	IngresoNormal	d43c394b-53af-4f3b-8fe0-c0786d5b509c	cf3a397d-e594-4b9d-a84f-e08cc46c12f0	\N	290.000000	total en efectivo sobrante	2026-01-20 06:00:00+00	f	2026-01-20 16:42:28.894063+00	2026-01-20 16:42:28.894063+00	f	\N	\N	\N
28f4d6d5-4f60-430b-ba1f-f0647025986a	644d8b15-9a0e-43c3-bdb3-91cef5aecf31	EgresoNormal	229129a7-7788-46aa-8b14-8c774f0ad87e	b064136e-57b1-42ff-8f7f-2988dc3484ec	\N	155.000000	comida sams	2026-05-14 06:00:00+00	f	2026-05-14 23:48:57.617618+00	2026-05-14 23:48:57.617618+00	f	\N	\N	\N
e5dd3159-3674-469d-b482-1b2bb0a56a26	644d8b15-9a0e-43c3-bdb3-91cef5aecf31	EgresoNormal	28c2305d-c6d3-46be-a5c7-36ad7b266013	deebf755-0126-4bc0-bdd2-20bbf21ae0ac	\N	253000.000000	acapulco trago	2026-01-20 06:00:00+00	f	2026-01-20 16:44:59.905423+00	2026-01-20 16:44:59.905423+00	f	\N	\N	\N
7866eef6-9986-43e8-9eef-30bfabb427f9	644d8b15-9a0e-43c3-bdb3-91cef5aecf31	IngresoNormal	28c2305d-c6d3-46be-a5c7-36ad7b266013	deebf755-0126-4bc0-bdd2-20bbf21ae0ac	\N	54000.000000	diff	2026-01-20 06:00:00+00	f	2026-01-20 16:45:29.536757+00	2026-01-20 16:45:29.536757+00	f	\N	\N	\N
694f1153-6d01-4ac3-ab21-6633dfc3ca0e	644d8b15-9a0e-43c3-bdb3-91cef5aecf31	EgresoNormal	ed3c9bb2-d2e6-4a63-a4df-f0345853f472	e72610ce-d408-4c8a-bcc7-2a31cefccec8	\N	610.000000	deuda con art	2026-01-21 06:00:00+00	f	2026-01-21 16:27:14.756348+00	2026-01-21 16:27:14.756348+00	f	\N	\N	\N
175a5e97-b4cb-4f8e-9c81-0b493e5db904	644d8b15-9a0e-43c3-bdb3-91cef5aecf31	EgresoNormal	229129a7-7788-46aa-8b14-8c774f0ad87e	b064136e-57b1-42ff-8f7f-2988dc3484ec	\N	200.000000	cine	2026-01-24 06:00:00+00	f	2026-01-24 00:12:47.080513+00	2026-01-24 00:12:47.080513+00	f	\N	\N	\N
2eba95ae-2645-4ea3-ba37-2d72a0c20d65	644d8b15-9a0e-43c3-bdb3-91cef5aecf31	EgresoNormal	229129a7-7788-46aa-8b14-8c774f0ad87e	b064136e-57b1-42ff-8f7f-2988dc3484ec	\N	170.000000	Pizza	2026-01-25 06:00:00+00	f	2026-01-25 18:05:48.411122+00	2026-01-25 18:05:48.411122+00	f	\N	\N	\N
f7c18df2-32a8-41f0-a078-43c7ed2fdc1a	644d8b15-9a0e-43c3-bdb3-91cef5aecf31	EgresoNormal	229129a7-7788-46aa-8b14-8c774f0ad87e	4fa35fb2-9a61-4fa4-b234-8087aa22fe8a	\N	2694.000000	MCR mexico	2026-01-26 06:00:00+00	f	2026-01-26 19:24:47.608216+00	2026-01-26 19:24:47.608216+00	f	\N	\N	\N
f3a5b053-79e5-4410-b3f9-20fc3d4c5e4e	4b077e8d-247a-4f1f-bbfb-40d96fee4c35	EgresoNormal	10366590-8e67-4a0f-9229-8a892b54baa6	4afd96b5-d1cd-4aa7-b5ac-2e928f61f54c	\N	5000.000000	Pitaya centro - mamá debe 	2026-01-29 05:00:00+00	f	2026-01-29 01:12:53.749743+00	2026-01-29 01:12:53.749743+00	f	\N	\N	\N
c745f6e6-4f72-4449-9d82-21c81f3f9057	4b077e8d-247a-4f1f-bbfb-40d96fee4c35	EgresoNormal	10366590-8e67-4a0f-9229-8a892b54baa6	4afd96b5-d1cd-4aa7-b5ac-2e928f61f54c	\N	11800.000000	Leche D1 - mamá debe	2026-01-29 05:00:00+00	f	2026-01-29 01:13:17.198111+00	2026-01-29 01:13:17.198111+00	f	\N	\N	\N
c2019fc3-22cc-47d6-a8b9-c6b7aa84cc11	4b077e8d-247a-4f1f-bbfb-40d96fee4c35	EgresoNormal	10366590-8e67-4a0f-9229-8a892b54baa6	4afd96b5-d1cd-4aa7-b5ac-2e928f61f54c	\N	23000.000000	Vision board - valen debe 4.400 cata debe 2.200	2026-01-29 05:00:00+00	f	2026-01-29 01:15:53.16273+00	2026-01-29 01:15:53.16273+00	f	\N	\N	\N
ec045dc6-4052-448d-a97b-499c2943e102	4b077e8d-247a-4f1f-bbfb-40d96fee4c35	IngresoFijo	ed6f2bb8-c9f1-45ac-99c3-638dc43ab8e4	c2c09de2-2b7a-40c4-8338-7dffb0d96ea4	\N	7000.000000	Cívica	2026-01-29 05:00:00+00	f	2026-01-29 01:16:19.969751+00	2026-01-29 01:16:19.969751+00	f	\N	\N	\N
fb9cf6db-d0ce-4f6e-bbd7-786ddcf9a581	644d8b15-9a0e-43c3-bdb3-91cef5aecf31	EgresoNormal	ed3c9bb2-d2e6-4a63-a4df-f0345853f472	f8790365-8899-446c-a514-1e5c4feb489f	\N	953.000000	diff	2026-01-29 06:00:00+00	f	2026-01-29 21:14:07.562974+00	2026-01-29 21:14:07.562974+00	f	\N	\N	\N
eee43068-479a-4427-b14f-9d8814b51ee8	644d8b15-9a0e-43c3-bdb3-91cef5aecf31	EgresoNormal	da41fa99-8bb4-4f5c-9b47-76ca630d08b5	7f3b9e25-8add-4771-a2e6-e620cc65442f	\N	0.000000	Ignore - Tigo pago postpago	2026-01-30 06:00:00+00	f	2026-01-30 17:42:16.847748+00	2026-01-30 17:42:16.847748+00	f	\N	\N	\N
722f56ac-f4df-4afa-84bb-f26883c35e5a	644d8b15-9a0e-43c3-bdb3-91cef5aecf31	IngresoNormal	ed3c9bb2-d2e6-4a63-a4df-f0345853f472	e72610ce-d408-4c8a-bcc7-2a31cefccec8	\N	748.000000	Budget Distribution: Viajes	2026-01-30 06:00:00+00	f	2026-01-30 17:40:20.508221+00	2026-01-30 17:40:20.508221+00	f	\N	\N	\N
596efe00-5e49-4e2b-bf62-ed628aa3c1ca	644d8b15-9a0e-43c3-bdb3-91cef5aecf31	IngresoNormal	229129a7-7788-46aa-8b14-8c774f0ad87e	23ae93d3-54aa-4ae1-b586-f33f9667c6d5	\N	547.300000	Budget Distribution: Ahorros	2026-01-30 06:00:00+00	f	2026-01-30 17:40:17.881181+00	2026-01-30 17:40:17.881181+00	f	\N	\N	\N
d7ed4413-ec57-4923-b6d1-a8034cdf236f	644d8b15-9a0e-43c3-bdb3-91cef5aecf31	IngresoNormal	229129a7-7788-46aa-8b14-8c774f0ad87e	b064136e-57b1-42ff-8f7f-2988dc3484ec	\N	529.070000	Budget Distribution: Para gastar	2026-01-30 06:00:00+00	f	2026-01-30 17:40:22.674724+00	2026-01-30 17:40:22.674724+00	f	\N	\N	\N
d6297648-8b58-4d51-9cf8-e2ec033c2b5b	644d8b15-9a0e-43c3-bdb3-91cef5aecf31	EgresoNormal	229129a7-7788-46aa-8b14-8c774f0ad87e	b064136e-57b1-42ff-8f7f-2988dc3484ec	\N	200.000000	\N	2026-01-31 06:00:00+00	f	2026-01-31 05:46:56.086766+00	2026-01-31 05:46:56.086766+00	f	\N	\N	\N
8a9106c8-4a5d-46f4-a710-086ed5068398	644d8b15-9a0e-43c3-bdb3-91cef5aecf31	EgresoNormal	229129a7-7788-46aa-8b14-8c774f0ad87e	b064136e-57b1-42ff-8f7f-2988dc3484ec	\N	1000.000000	amplificador	2026-01-31 06:00:00+00	f	2026-01-31 06:10:40.514034+00	2026-01-31 06:10:40.514034+00	f	\N	\N	\N
040ca745-83c5-40ca-aecc-0be71d088b42	644d8b15-9a0e-43c3-bdb3-91cef5aecf31	EgresoFijo	ed3c9bb2-d2e6-4a63-a4df-f0345853f472	\N	\N	30.000000	diff	2026-01-14 00:00:00+00	f	2026-01-14 20:58:15.578567+00	2026-01-14 20:58:15.578567+00	t	Nubank	MXN	Fijos
d41927b0-4d95-4299-a291-1109b498dd54	644d8b15-9a0e-43c3-bdb3-91cef5aecf31	EgresoFijo	ed3c9bb2-d2e6-4a63-a4df-f0345853f472	\N	\N	0.000000	telmex - done i a separate transaction	2026-01-16 06:00:00+00	f	2026-01-14 21:11:39.13582+00	2026-01-14 21:11:39.13582+00	t	Nubank	MXN	Fijos
d16aeb48-d158-40ee-bfda-08307ae8c74c	644d8b15-9a0e-43c3-bdb3-91cef5aecf31	EgresoNormal	229129a7-7788-46aa-8b14-8c774f0ad87e	b064136e-57b1-42ff-8f7f-2988dc3484ec	\N	110.000000	cinepolis no other coice	2026-02-02 06:00:00+00	f	2026-02-02 00:07:27.216215+00	2026-02-02 00:07:27.216215+00	f	\N	\N	\N
b62f56c3-62d1-48bb-9635-8a084c41ed22	644d8b15-9a0e-43c3-bdb3-91cef5aecf31	EgresoNormal	229129a7-7788-46aa-8b14-8c774f0ad87e	b064136e-57b1-42ff-8f7f-2988dc3484ec	\N	159.000000	mcdonalds XDD	2026-02-02 06:00:00+00	f	2026-02-02 00:48:06.801225+00	2026-02-02 00:48:06.801225+00	f	\N	\N	\N
c7bdb242-0200-455c-8f7a-69e21c4b2dc6	644d8b15-9a0e-43c3-bdb3-91cef5aecf31	EgresoNormal	229129a7-7788-46aa-8b14-8c774f0ad87e	b064136e-57b1-42ff-8f7f-2988dc3484ec	\N	52.000000	diff	2026-02-04 06:00:00+00	f	2026-02-04 20:46:36.306193+00	2026-02-04 20:46:36.306193+00	f	\N	\N	\N
bc2fc3ac-b390-4e84-a682-1eff1bdf6ebd	644d8b15-9a0e-43c3-bdb3-91cef5aecf31	IngresoNormal	229129a7-7788-46aa-8b14-8c774f0ad87e	4fa35fb2-9a61-4fa4-b234-8087aa22fe8a	\N	1000.000000	diff	2026-02-04 06:00:00+00	f	2026-02-04 20:47:15.544858+00	2026-02-04 20:47:15.544858+00	f	\N	\N	\N
5c5d24ae-ff17-4139-8cec-5521c1058ce4	644d8b15-9a0e-43c3-bdb3-91cef5aecf31	IngresoNormal	229129a7-7788-46aa-8b14-8c774f0ad87e	23ae93d3-54aa-4ae1-b586-f33f9667c6d5	\N	436.000000	diff	2026-02-04 06:00:00+00	f	2026-02-04 20:47:52.679121+00	2026-02-04 20:47:52.679121+00	f	\N	\N	\N
bf457c40-6a41-4db9-9a9a-3645f09e9a2c	644d8b15-9a0e-43c3-bdb3-91cef5aecf31	EgresoNormal	229129a7-7788-46aa-8b14-8c774f0ad87e	b064136e-57b1-42ff-8f7f-2988dc3484ec	\N	201.000000	cosas cami	2026-04-14 06:00:00+00	f	2026-04-14 22:23:36.504855+00	2026-04-14 22:23:36.504855+00	f	\N	\N	\N
d4d2a004-2cf5-45fb-9e31-f242ef6ea1c3	644d8b15-9a0e-43c3-bdb3-91cef5aecf31	EgresoNormal	ed3c9bb2-d2e6-4a63-a4df-f0345853f472	f8790365-8899-446c-a514-1e5c4feb489f	\N	870.000000	diff	2026-02-04 06:00:00+00	f	2026-02-04 20:50:09.197072+00	2026-02-04 20:50:09.197072+00	f	\N	\N	\N
0508119f-9b78-48cf-beef-d6f1b2c57038	644d8b15-9a0e-43c3-bdb3-91cef5aecf31	EgresoNormal	ed3c9bb2-d2e6-4a63-a4df-f0345853f472	3f043b05-d84b-4ecf-ae51-c827b955ba74	\N	6315.180000	Transfer to Viajes	2026-04-22 06:00:00+00	f	2026-04-22 23:52:25.235422+00	2026-04-22 23:52:25.235422+00	f	\N	\N	\N
2c0a1012-42b7-4466-9b53-a80edb7ad0d0	644d8b15-9a0e-43c3-bdb3-91cef5aecf31	IngresoNormal	35997ca6-074e-47d8-b364-7b966a833518	1597be30-658f-4739-a9e9-727a950ffc53	\N	252.000000	diff	2026-02-04 06:00:00+00	f	2026-02-04 20:52:02.697181+00	2026-02-04 20:52:02.697181+00	f	\N	\N	\N
aad4d91f-d061-46c6-8807-9d11defb4cff	644d8b15-9a0e-43c3-bdb3-91cef5aecf31	EgresoNormal	da41fa99-8bb4-4f5c-9b47-76ca630d08b5	7f3b9e25-8add-4771-a2e6-e620cc65442f	\N	165000.000000	diff	2026-02-04 06:00:00+00	f	2026-02-04 20:53:46.7493+00	2026-02-04 20:53:46.7493+00	f	\N	\N	\N
fa9c7f9a-0eff-4a1f-a49b-a4c1bca51392	644d8b15-9a0e-43c3-bdb3-91cef5aecf31	EgresoNormal	da41fa99-8bb4-4f5c-9b47-76ca630d08b5	7f3b9e25-8add-4771-a2e6-e620cc65442f	\N	95000.000000	cuotas de manejo... cual cancelo?	2026-02-04 06:00:00+00	f	2026-02-04 20:55:45.543009+00	2026-02-04 20:55:45.543009+00	f	\N	\N	\N
6bf70b63-f64d-4ccf-91c9-cd67c8ffe12c	644d8b15-9a0e-43c3-bdb3-91cef5aecf31	EgresoNormal	28c2305d-c6d3-46be-a5c7-36ad7b266013	deebf755-0126-4bc0-bdd2-20bbf21ae0ac	\N	169000.000000	diff	2026-02-04 06:00:00+00	f	2026-02-04 20:56:28.729693+00	2026-02-04 20:56:28.729693+00	f	\N	\N	\N
d214e68a-6721-480e-aae7-e55614c7c620	644d8b15-9a0e-43c3-bdb3-91cef5aecf31	EgresoNormal	229129a7-7788-46aa-8b14-8c774f0ad87e	b064136e-57b1-42ff-8f7f-2988dc3484ec	\N	1584.040000	\N	2026-05-07 06:00:00+00	f	2026-05-07 16:55:17.184321+00	2026-05-07 16:55:17.184321+00	f	\N	\N	\N
ecdbe73e-0c84-4e8f-9811-5a76a9756df8	644d8b15-9a0e-43c3-bdb3-91cef5aecf31	EgresoNormal	229129a7-7788-46aa-8b14-8c774f0ad87e	b064136e-57b1-42ff-8f7f-2988dc3484ec	\N	1936.000000	gastos finales con cami xd	2026-05-17 06:00:00+00	f	2026-05-17 15:25:08.446995+00	2026-05-17 15:25:08.446995+00	f	\N	\N	\N
6803722a-2f92-4e69-bd3d-a4d0497e3802	644d8b15-9a0e-43c3-bdb3-91cef5aecf31	EgresoNormal	28c2305d-c6d3-46be-a5c7-36ad7b266013	\N	\N	18500.000000	uber de concierto a hotel	2025-11-28 00:00:00+00	f	2025-12-01 16:54:43.647+00	2025-12-01 16:54:44.529486+00	t	Nubank	COP	Viajes
4545a82a-bebe-4ea5-80ca-9e9b6cd7b32d	644d8b15-9a0e-43c3-bdb3-91cef5aecf31	EgresoNormal	28c2305d-c6d3-46be-a5c7-36ad7b266013	\N	\N	14400.000000	uber d eporvenir a centro comercial	2025-11-28 00:00:00+00	f	2025-12-01 19:07:50.404+00	2025-12-01 19:07:50.813101+00	t	Nubank	COP	Viajes
42b38d3d-c6ae-434f-96ea-a688ca7f913e	644d8b15-9a0e-43c3-bdb3-91cef5aecf31	EgresoNormal	28c2305d-c6d3-46be-a5c7-36ad7b266013	\N	\N	30000.000000	Aeropuerto a porvenir	2025-11-28 13:11:00+00	f	2025-11-28 14:30:07.563+00	2025-11-28 14:30:08.305908+00	t	Nubank	COP	Viajes
2dbc8446-f28e-481f-986b-9fa4bf33cbf3	644d8b15-9a0e-43c3-bdb3-91cef5aecf31	EgresoNormal	28c2305d-c6d3-46be-a5c7-36ad7b266013	\N	\N	43400.000000	uber de aeripuerto MX a nomad	2025-11-29 00:00:00+00	f	2025-12-01 19:13:52.912+00	2025-12-01 19:13:53.315079+00	t	Nubank	COP	Viajes
551babce-aa37-4499-ba03-5d9f45e1e3b5	644d8b15-9a0e-43c3-bdb3-91cef5aecf31	EgresoNormal	28c2305d-c6d3-46be-a5c7-36ad7b266013	\N	\N	10600.000000	uber de san diego a casa	2025-11-29 00:00:00+00	f	2025-12-01 16:55:39.738+00	2025-12-01 16:55:40.629804+00	t	Nubank	COP	Viajes
f7ecf77c-2cde-4714-9e81-af54d3e64fc3	644d8b15-9a0e-43c3-bdb3-91cef5aecf31	EgresoNormal	28c2305d-c6d3-46be-a5c7-36ad7b266013	\N	\N	30800.000000	uber de hotel a aeropuerto	2025-11-28 00:00:00+00	f	2025-12-01 16:54:58.045+00	2025-12-01 16:54:58.935494+00	t	Nubank	COP	Viajes
f4eee674-fdcb-4e9c-b09b-09224679ee54	644d8b15-9a0e-43c3-bdb3-91cef5aecf31	EgresoNormal	35997ca6-074e-47d8-b364-7b966a833518	1597be30-658f-4739-a9e9-727a950ffc53	\N	786.000000	mercado	2026-02-07 06:00:00+00	f	2026-02-07 21:35:41.796889+00	2026-02-07 21:35:41.796889+00	f	\N	\N	\N
093e16a9-6845-4a74-afcf-b7c6e26e06f4	644d8b15-9a0e-43c3-bdb3-91cef5aecf31	EgresoNormal	da41fa99-8bb4-4f5c-9b47-76ca630d08b5	7f3b9e25-8add-4771-a2e6-e620cc65442f	\N	780000.000000	Cami vuelo, Documento UPB (220/2), ropa que me compro	2026-02-08 06:00:00+00	f	2026-02-08 05:17:09.236979+00	2026-02-08 05:17:09.236979+00	f	\N	\N	\N
3e1b1abe-a3df-4108-bda2-0973a38d4232	644d8b15-9a0e-43c3-bdb3-91cef5aecf31	IngresoNormal	da41fa99-8bb4-4f5c-9b47-76ca630d08b5	67995d0b-618c-4c13-97af-918143acd06a	\N	4000000.000000	xime lo que faltaba del carro	2026-02-09 06:00:00+00	f	2026-02-09 20:44:52.894153+00	2026-02-09 20:44:52.894153+00	f	\N	\N	\N
1c6fc357-7198-49d0-8ced-a22ea17ea05c	644d8b15-9a0e-43c3-bdb3-91cef5aecf31	EgresoNormal	da41fa99-8bb4-4f5c-9b47-76ca630d08b5	7f3b9e25-8add-4771-a2e6-e620cc65442f	\N	1600000.000000	Vuelo cami	2026-02-10 06:00:00+00	f	2026-02-10 16:10:17.290798+00	2026-02-10 16:10:17.290798+00	f	\N	\N	\N
bf85a9a2-98d0-4fd7-aa8e-8997700af7b9	644d8b15-9a0e-43c3-bdb3-91cef5aecf31	EgresoNormal	28c2305d-c6d3-46be-a5c7-36ad7b266013	deebf755-0126-4bc0-bdd2-20bbf21ae0ac	\N	120000.000000	somos internet	2026-02-11 06:00:00+00	t	2026-02-11 17:26:43.12571+00	2026-02-11 17:26:43.12571+00	f	\N	\N	\N
c378f77b-efc8-415e-b4ca-3a7787a802da	644d8b15-9a0e-43c3-bdb3-91cef5aecf31	EgresoNormal	ed3c9bb2-d2e6-4a63-a4df-f0345853f472	f8790365-8899-446c-a514-1e5c4feb489f	\N	680.000000	magnesio	2026-02-11 06:00:00+00	t	2026-02-11 17:27:08.556312+00	2026-02-11 17:27:08.556312+00	f	\N	\N	\N
b34dc8b8-048d-4008-9b09-8c133506e3fd	644d8b15-9a0e-43c3-bdb3-91cef5aecf31	IngresoNormal	da41fa99-8bb4-4f5c-9b47-76ca630d08b5	7f3b9e25-8add-4771-a2e6-e620cc65442f	\N	826000.000000	gordo plata somos y devolucion my chemical mcr	2026-02-12 06:00:00+00	f	2026-02-12 17:06:23.566518+00	2026-02-12 17:06:23.566518+00	f	\N	\N	\N
ac84a9a7-78d7-4c58-a5dd-b0e43f6814bf	644d8b15-9a0e-43c3-bdb3-91cef5aecf31	IngresoNormal	229129a7-7788-46aa-8b14-8c774f0ad87e	23ae93d3-54aa-4ae1-b586-f33f9667c6d5	\N	6209.530000	Budget Distribution: Ahorros	2026-02-12 00:00:00+00	f	2026-02-12 19:52:37.736022+00	2026-02-12 19:52:37.736022+00	f	\N	\N	\N
1a38514c-6d40-4f65-b6cc-d6169f9d0ac6	644d8b15-9a0e-43c3-bdb3-91cef5aecf31	IngresoNormal	ed3c9bb2-d2e6-4a63-a4df-f0345853f472	e72610ce-d408-4c8a-bcc7-2a31cefccec8	\N	8486.360000	Budget Distribution: Viajes	2026-02-12 00:00:00+00	f	2026-02-12 19:52:40.39561+00	2026-02-12 19:52:40.39561+00	f	\N	\N	\N
17182f60-b133-45c0-b2e7-c25dc4907d02	644d8b15-9a0e-43c3-bdb3-91cef5aecf31	IngresoNormal	229129a7-7788-46aa-8b14-8c774f0ad87e	b064136e-57b1-42ff-8f7f-2988dc3484ec	\N	6002.540000	Budget Distribution: Para gastar	2026-02-12 00:00:00+00	f	2026-02-12 19:52:42.460906+00	2026-02-12 19:52:42.460906+00	f	\N	\N	\N
a990d850-0000-4956-a93f-842b8450787c	644d8b15-9a0e-43c3-bdb3-91cef5aecf31	EgresoFijo	ed3c9bb2-d2e6-4a63-a4df-f0345853f472	\N	\N	580.000000	diff	2026-02-04 06:00:00+00	f	2026-02-04 20:51:01.508762+00	2026-02-04 20:51:01.508762+00	t	Nubank	MXN	Fijos
9ce515bd-e50a-40e4-b4a7-48affbfb17d2	644d8b15-9a0e-43c3-bdb3-91cef5aecf31	EgresoFijo	ed3c9bb2-d2e6-4a63-a4df-f0345853f472	\N	\N	328.000000	diff	2026-02-04 06:00:00+00	f	2026-02-04 20:49:28.31073+00	2026-02-04 20:49:28.31073+00	t	Nubank	MXN	Fijos
33625164-61b1-444f-ac10-f921e9441878	644d8b15-9a0e-43c3-bdb3-91cef5aecf31	IngresoNormal	da41fa99-8bb4-4f5c-9b47-76ca630d08b5	67995d0b-618c-4c13-97af-918143acd06a	\N	300000.000000	Mono back	2026-04-15 06:00:00+00	f	2026-04-15 17:11:36.503345+00	2026-04-15 17:11:36.503345+00	f	\N	\N	\N
0cb54784-7bea-4a94-a9c3-422fa6345aa8	644d8b15-9a0e-43c3-bdb3-91cef5aecf31	IngresoNormal	ed3c9bb2-d2e6-4a63-a4df-f0345853f472	e72610ce-d408-4c8a-bcc7-2a31cefccec8	\N	6315.180000	Transfer from Ahorros	2026-04-22 06:00:00+00	f	2026-04-22 23:52:25.381798+00	2026-04-22 23:52:25.381798+00	f	\N	\N	\N
b51984bb-24fe-44a3-938e-61afeb0cb7eb	644d8b15-9a0e-43c3-bdb3-91cef5aecf31	EgresoNormal	229129a7-7788-46aa-8b14-8c774f0ad87e	4fa35fb2-9a61-4fa4-b234-8087aa22fe8a	\N	11341.000000	JAMIROQUAI!!! AAAAAAAHHHHHHH	2026-05-13 06:00:00+00	f	2026-05-13 16:38:11.713423+00	2026-05-13 16:38:11.713423+00	f	\N	\N	\N
83d998b2-dc55-40fd-8a93-d538b9f9ea5c	644d8b15-9a0e-43c3-bdb3-91cef5aecf31	EgresoNormal	229129a7-7788-46aa-8b14-8c774f0ad87e	4fa35fb2-9a61-4fa4-b234-8087aa22fe8a	\N	1200.000000	Transfer to Para gastar: recuperando	2026-05-17 06:00:00+00	f	2026-05-17 15:26:01.782469+00	2026-05-17 15:26:01.782469+00	f	\N	\N	\N
5eeec215-3ba1-4f91-8ce7-60f120c4623a	644d8b15-9a0e-43c3-bdb3-91cef5aecf31	IngresoFijo	ed3c9bb2-d2e6-4a63-a4df-f0345853f472	\N	\N	299.920000	Monthly contribution for Lavanderia	2026-02-12 00:00:00+00	f	2026-02-12 19:53:32.641278+00	2026-02-12 19:53:32.641278+00	t	Nubank	MXN	Fijos
ca6516c2-6c9b-467d-ad6b-fe7ceb0fee57	644d8b15-9a0e-43c3-bdb3-91cef5aecf31	IngresoFijo	ed3c9bb2-d2e6-4a63-a4df-f0345853f472	\N	\N	1345.650000	Monthly contribution for Transporte	2026-02-12 00:00:00+00	f	2026-02-12 19:53:26.849639+00	2026-02-12 19:53:26.849639+00	t	Nubank	MXN	Fijos
872c8281-d2ba-4e7f-b2b4-2bb241742c3e	644d8b15-9a0e-43c3-bdb3-91cef5aecf31	EgresoNormal	da41fa99-8bb4-4f5c-9b47-76ca630d08b5	7f3b9e25-8add-4771-a2e6-e620cc65442f	\N	400000.000000	Cami deuda	2026-04-15 06:00:00+00	f	2026-04-15 17:12:05.99585+00	2026-04-15 17:12:05.99585+00	f	\N	\N	\N
774bacf5-4fac-4024-89c5-03f261ff3ce7	644d8b15-9a0e-43c3-bdb3-91cef5aecf31	EgresoNormal	229129a7-7788-46aa-8b14-8c774f0ad87e	b064136e-57b1-42ff-8f7f-2988dc3484ec	\N	682.000000	diff	2026-02-14 06:00:00+00	f	2026-02-14 22:03:16.724226+00	2026-02-14 22:03:16.724226+00	f	\N	\N	\N
80beabce-01f6-42b2-a11d-5a66e541d4cf	644d8b15-9a0e-43c3-bdb3-91cef5aecf31	EgresoNormal	28c2305d-c6d3-46be-a5c7-36ad7b266013	deebf755-0126-4bc0-bdd2-20bbf21ae0ac	\N	126400.000000	\N	2026-02-14 06:00:00+00	f	2026-02-14 22:36:16.150857+00	2026-02-14 22:36:16.150857+00	f	\N	\N	\N
fa5e4b27-c374-48df-8fdf-d1600d5ff221	644d8b15-9a0e-43c3-bdb3-91cef5aecf31	EgresoNormal	da41fa99-8bb4-4f5c-9b47-76ca630d08b5	67995d0b-618c-4c13-97af-918143acd06a	\N	51700000.000000	Transfer to Para gastar	2026-02-14 06:00:00+00	f	2026-02-14 22:37:11.238213+00	2026-02-14 22:37:11.238213+00	f	\N	\N	\N
90dd2603-cab4-429b-8dfe-d38831e4bab3	644d8b15-9a0e-43c3-bdb3-91cef5aecf31	IngresoNormal	da41fa99-8bb4-4f5c-9b47-76ca630d08b5	7f3b9e25-8add-4771-a2e6-e620cc65442f	\N	51700000.000000	Transfer from Ahorros	2026-02-14 06:00:00+00	f	2026-02-14 22:37:11.376997+00	2026-02-14 22:37:11.376997+00	f	\N	\N	\N
96324330-2b96-4358-a1b8-7bdbdfd45fc3	644d8b15-9a0e-43c3-bdb3-91cef5aecf31	EgresoNormal	da41fa99-8bb4-4f5c-9b47-76ca630d08b5	7f3b9e25-8add-4771-a2e6-e620cc65442f	\N	211092.000000	diff	2026-02-14 06:00:00+00	f	2026-02-14 22:37:38.078+00	2026-02-14 22:37:37.617288+00	f	\N	\N	\N
654a6c51-455b-4d16-b52d-6d6b6cdbb6f8	644d8b15-9a0e-43c3-bdb3-91cef5aecf31	EgresoNormal	229129a7-7788-46aa-8b14-8c774f0ad87e	23ae93d3-54aa-4ae1-b586-f33f9667c6d5	\N	13973.470000	\N	2026-02-14 06:00:00+00	f	2026-02-14 22:38:50.81402+00	2026-02-14 22:38:50.81402+00	f	\N	\N	\N
336a75f4-2bcd-4365-8eec-88fd5da5e272	644d8b15-9a0e-43c3-bdb3-91cef5aecf31	EgresoNormal	229129a7-7788-46aa-8b14-8c774f0ad87e	4fa35fb2-9a61-4fa4-b234-8087aa22fe8a	\N	3080.000000	Kindle cami <3	2026-04-24 06:00:00+00	f	2026-04-24 18:07:18.85933+00	2026-04-24 18:07:18.85933+00	f	\N	\N	\N
a1e66b17-0d2d-44c0-9ca3-e39c86074d13	644d8b15-9a0e-43c3-bdb3-91cef5aecf31	IngresoNormal	229129a7-7788-46aa-8b14-8c774f0ad87e	b064136e-57b1-42ff-8f7f-2988dc3484ec	\N	1200.000000	Transfer from Bono: recuperando	2026-05-17 06:00:00+00	f	2026-05-17 15:26:01.919467+00	2026-05-17 15:26:01.919467+00	f	\N	\N	\N
c60d9f04-db2e-4fd6-98eb-22a00fbddeb2	644d8b15-9a0e-43c3-bdb3-91cef5aecf31	IngresoNormal	ed3c9bb2-d2e6-4a63-a4df-f0345853f472	f8790365-8899-446c-a514-1e5c4feb489f	\N	13273.000000	\N	2026-02-14 06:00:00+00	f	2026-02-14 22:41:07.477+00	2026-02-14 22:41:07.020498+00	f	\N	\N	\N
151abb94-d00f-47e1-ae2d-9fa3fcf1b317	644d8b15-9a0e-43c3-bdb3-91cef5aecf31	EgresoNormal	35997ca6-074e-47d8-b364-7b966a833518	1597be30-658f-4739-a9e9-727a950ffc53	\N	556.700000	Diff mercados	2026-02-14 06:00:00+00	f	2026-02-14 22:44:25.044189+00	2026-02-14 22:44:25.044189+00	f	\N	\N	\N
889e62a7-99ba-4f1d-a4d6-77a32300dc6c	644d8b15-9a0e-43c3-bdb3-91cef5aecf31	EgresoNormal	d43c394b-53af-4f3b-8fe0-c0786d5b509c	cf3a397d-e594-4b9d-a84f-e08cc46c12f0	\N	560.000000	\N	2026-02-14 06:00:00+00	f	2026-02-14 22:44:47.057421+00	2026-02-14 22:44:47.057421+00	f	\N	\N	\N
f7ff5e50-cc90-4e15-b184-2a22830d60df	644d8b15-9a0e-43c3-bdb3-91cef5aecf31	IngresoNormal	d43c394b-53af-4f3b-8fe0-c0786d5b509c	cf3a397d-e594-4b9d-a84f-e08cc46c12f0	\N	1200.000000	uber + mercado abuelita	2026-02-19 06:00:00+00	f	2026-02-19 17:59:57.72013+00	2026-02-19 17:59:57.72013+00	f	\N	\N	\N
91113452-af40-4f38-8016-65d52044727d	644d8b15-9a0e-43c3-bdb3-91cef5aecf31	EgresoNormal	229129a7-7788-46aa-8b14-8c774f0ad87e	b064136e-57b1-42ff-8f7f-2988dc3484ec	\N	180.000000	diff	2026-02-19 06:00:00+00	f	2026-02-19 18:01:18.846761+00	2026-02-19 18:01:18.846761+00	f	\N	\N	\N
7d80d310-eb3e-45a9-995c-d5fcb5861d76	644d8b15-9a0e-43c3-bdb3-91cef5aecf31	EgresoNormal	229129a7-7788-46aa-8b14-8c774f0ad87e	4fa35fb2-9a61-4fa4-b234-8087aa22fe8a	\N	12518.000000	hapi inversion	2026-02-19 06:00:00+00	f	2026-02-19 18:02:15.512634+00	2026-02-19 18:02:15.512634+00	f	\N	\N	\N
5139b0a3-63b1-4d6c-91d7-98bc912ec186	644d8b15-9a0e-43c3-bdb3-91cef5aecf31	EgresoNormal	da41fa99-8bb4-4f5c-9b47-76ca630d08b5	7f3b9e25-8add-4771-a2e6-e620cc65442f	\N	100000.000000	diff	2026-02-19 06:00:00+00	f	2026-02-19 18:06:49.810199+00	2026-02-19 18:06:49.810199+00	f	\N	\N	\N
ef944f8a-2676-47cc-8f15-e850390e2962	644d8b15-9a0e-43c3-bdb3-91cef5aecf31	EgresoNormal	28c2305d-c6d3-46be-a5c7-36ad7b266013	deebf755-0126-4bc0-bdd2-20bbf21ae0ac	\N	133000.000000	diff pago	2026-02-19 06:00:00+00	f	2026-02-19 18:07:29.454056+00	2026-02-19 18:07:29.454056+00	f	\N	\N	\N
250cead6-bba1-4a36-a762-528f4ee8d842	644d8b15-9a0e-43c3-bdb3-91cef5aecf31	EgresoNormal	35997ca6-074e-47d8-b364-7b966a833518	1597be30-658f-4739-a9e9-727a950ffc53	\N	1250.000000	diff :((((((	2026-02-19 06:00:00+00	f	2026-02-19 18:08:22.731215+00	2026-02-19 18:08:22.731215+00	f	\N	\N	\N
f0fe35fa-969d-4a99-9d68-bfaf5b8fd4a5	644d8b15-9a0e-43c3-bdb3-91cef5aecf31	IngresoNormal	006a3da8-9560-4f4d-95b8-b277133a2fa4	61b7c635-6924-4d7d-9cda-1e19ec256bbf	\N	1.144450	shares	2026-02-19 06:00:00+00	f	2026-02-19 18:10:13.065175+00	2026-02-19 18:10:13.065175+00	f	\N	\N	\N
a32301c4-1cfb-4fc3-ae54-e55dd155a825	644d8b15-9a0e-43c3-bdb3-91cef5aecf31	IngresoNormal	006a3da8-9560-4f4d-95b8-b277133a2fa4	f8c02639-f976-458c-a67b-cfb01f75e1bd	\N	720.430000	investment voo	2026-02-19 06:00:00+00	f	2026-02-19 18:11:00.220762+00	2026-02-19 18:11:00.220762+00	f	\N	\N	\N
569624c6-ad3d-4171-b177-9fb5664c07f5	644d8b15-9a0e-43c3-bdb3-91cef5aecf31	EgresoNormal	229129a7-7788-46aa-8b14-8c774f0ad87e	23ae93d3-54aa-4ae1-b586-f33f9667c6d5	\N	3299.250000	Buds 4 pro XDDDDDDDDDDDDDDDDDDDDDDDDDD	2026-02-28 06:00:00+00	f	2026-02-28 01:44:02.772733+00	2026-02-28 01:44:02.772733+00	f	\N	\N	\N
47549b11-923e-4f1f-b80a-55d58f79ad95	644d8b15-9a0e-43c3-bdb3-91cef5aecf31	EgresoNormal	da41fa99-8bb4-4f5c-9b47-76ca630d08b5	7f3b9e25-8add-4771-a2e6-e620cc65442f	\N	99187.000000	Cuotas de manejo, susrip[cion prime mexico	2026-03-01 06:00:00+00	f	2026-03-01 18:30:15.044581+00	2026-03-01 18:30:15.044581+00	f	\N	\N	\N
782e6c89-1f96-4a1e-9007-5bbbb86f9e06	644d8b15-9a0e-43c3-bdb3-91cef5aecf31	EgresoNormal	da41fa99-8bb4-4f5c-9b47-76ca630d08b5	7f3b9e25-8add-4771-a2e6-e620cc65442f	\N	696000.000000	kindle abuelita	2026-03-01 06:00:00+00	f	2026-03-01 18:33:07.628807+00	2026-03-01 18:33:07.628807+00	f	\N	\N	\N
24c830ca-c89e-40b0-802d-e4dd7ebd752a	644d8b15-9a0e-43c3-bdb3-91cef5aecf31	EgresoNormal	229129a7-7788-46aa-8b14-8c774f0ad87e	b064136e-57b1-42ff-8f7f-2988dc3484ec	\N	988.000000	diff post abuelita	2026-03-01 06:00:00+00	f	2026-03-01 19:06:08.584256+00	2026-03-01 19:06:08.584256+00	f	\N	\N	\N
d97da858-8b92-44eb-8d1a-34f34f24ff35	644d8b15-9a0e-43c3-bdb3-91cef5aecf31	EgresoNormal	229129a7-7788-46aa-8b14-8c774f0ad87e	23ae93d3-54aa-4ae1-b586-f33f9667c6d5	\N	14389.750000	a nu y a otro bolsillo	2026-03-01 06:00:00+00	f	2026-03-01 19:06:35.593939+00	2026-03-01 19:06:35.593939+00	f	\N	\N	\N
0e3286ab-2974-4a4a-a608-04f8cd714f29	644d8b15-9a0e-43c3-bdb3-91cef5aecf31	EgresoNormal	229129a7-7788-46aa-8b14-8c774f0ad87e	4fa35fb2-9a61-4fa4-b234-8087aa22fe8a	\N	7122.000000	ahorros  MENOS nu	2026-03-01 06:00:00+00	f	2026-03-01 19:07:25.043634+00	2026-03-01 19:07:25.043634+00	f	\N	\N	\N
dd837cdc-f7e1-4212-812e-1552b5667174	644d8b15-9a0e-43c3-bdb3-91cef5aecf31	IngresoNormal	ed3c9bb2-d2e6-4a63-a4df-f0345853f472	f8790365-8899-446c-a514-1e5c4feb489f	\N	19862.000000	De Banamex!	2026-03-01 06:00:00+00	f	2026-03-01 19:11:33.9622+00	2026-03-01 19:11:33.9622+00	f	\N	\N	\N
94262e58-4cb8-4765-a47e-836f97adc5fc	644d8b15-9a0e-43c3-bdb3-91cef5aecf31	IngresoNormal	ed3c9bb2-d2e6-4a63-a4df-f0345853f472	e72610ce-d408-4c8a-bcc7-2a31cefccec8	\N	51.540000	intereses	2026-03-01 06:00:00+00	f	2026-03-01 19:13:20.512708+00	2026-03-01 19:13:20.512708+00	f	\N	\N	\N
12100fa5-c701-4318-bd5c-cf109454dc01	644d8b15-9a0e-43c3-bdb3-91cef5aecf31	IngresoFijo	ed3c9bb2-d2e6-4a63-a4df-f0345853f472	\N	\N	0.000000	Monthly contribution for ChatGPT	2026-02-12 00:00:00+00	f	2026-02-12 19:53:29.888894+00	2026-02-12 19:53:29.888894+00	t	Nubank	MXN	Fijos
f362c800-0bcd-41b1-863e-231f107a7294	644d8b15-9a0e-43c3-bdb3-91cef5aecf31	IngresoNormal	ed3c9bb2-d2e6-4a63-a4df-f0345853f472	f8790365-8899-446c-a514-1e5c4feb489f	\N	485.000000	extra	2026-03-01 06:00:00+00	f	2026-03-01 19:16:28.051704+00	2026-03-01 19:16:28.051704+00	f	\N	\N	\N
5215416d-2642-451c-a8d6-098c9ad8fda9	644d8b15-9a0e-43c3-bdb3-91cef5aecf31	IngresoNormal	1ad6393a-fb53-4cb2-beb4-7035cd956882	4430bd24-fa21-4a81-ab81-6ff51d43877f	\N	370.000000	extra	2026-03-01 06:00:00+00	f	2026-03-01 19:22:34.776481+00	2026-03-01 19:22:34.776481+00	f	\N	\N	\N
fbb42972-c40f-4c0d-b750-f60ab6aadd02	644d8b15-9a0e-43c3-bdb3-91cef5aecf31	IngresoNormal	35997ca6-074e-47d8-b364-7b966a833518	1597be30-658f-4739-a9e9-727a950ffc53	\N	2585.000000	Salario	2026-03-01 06:00:00+00	f	2026-03-01 19:23:15.217181+00	2026-03-01 19:23:15.217181+00	f	\N	\N	\N
2fd0f604-137f-4085-aa1f-b5eac1ef73b6	644d8b15-9a0e-43c3-bdb3-91cef5aecf31	EgresoNormal	d43c394b-53af-4f3b-8fe0-c0786d5b509c	cf3a397d-e594-4b9d-a84f-e08cc46c12f0	\N	520.000000	diff	2026-03-01 06:00:00+00	f	2026-03-01 19:23:51.529361+00	2026-03-01 19:23:51.529361+00	f	\N	\N	\N
7c39918d-4529-48af-b5b1-578af9d7e96d	644d8b15-9a0e-43c3-bdb3-91cef5aecf31	EgresoNormal	229129a7-7788-46aa-8b14-8c774f0ad87e	4fa35fb2-9a61-4fa4-b234-8087aa22fe8a	\N	3329.000000	buds 4 pro en Amazon (esperar devolucion samsung)	2026-03-01 06:00:00+00	f	2026-03-01 20:37:07.033858+00	2026-03-01 20:37:07.033858+00	f	\N	\N	\N
d3151fda-df8c-4700-9998-26832f267492	644d8b15-9a0e-43c3-bdb3-91cef5aecf31	EgresoNormal	da41fa99-8bb4-4f5c-9b47-76ca630d08b5	7f3b9e25-8add-4771-a2e6-e620cc65442f	\N	53125377.000000	A CDTs	2026-03-04 06:00:00+00	f	2026-03-04 22:02:35.705157+00	2026-03-04 22:02:35.705157+00	f	\N	\N	\N
b829caf2-9a3e-4a2c-8c20-0fbf75eae974	644d8b15-9a0e-43c3-bdb3-91cef5aecf31	EgresoNormal	229129a7-7788-46aa-8b14-8c774f0ad87e	b064136e-57b1-42ff-8f7f-2988dc3484ec	\N	300.000000	gomitas piso, velcro, pega iman	2026-03-07 00:00:00+00	f	2026-03-07 22:03:04.376505+00	2026-03-07 22:03:04.376505+00	f	\N	\N	\N
9a3cea97-efa1-4501-aefe-fb21389190b2	644d8b15-9a0e-43c3-bdb3-91cef5aecf31	IngresoNormal	229129a7-7788-46aa-8b14-8c774f0ad87e	4fa35fb2-9a61-4fa4-b234-8087aa22fe8a	\N	5029.000000	Devolucion audifonos samsung	2026-03-07 00:00:00+00	f	2026-03-07 22:03:07.578356+00	2026-03-07 22:03:07.578356+00	f	\N	\N	\N
944d046b-e868-4277-8814-b7f442c6c974	644d8b15-9a0e-43c3-bdb3-91cef5aecf31	EgresoNormal	229129a7-7788-46aa-8b14-8c774f0ad87e	b064136e-57b1-42ff-8f7f-2988dc3484ec	\N	408.000000	la casa de tono	2026-04-18 00:00:00+00	f	2026-04-18 18:17:02.932225+00	2026-04-18 18:17:02.932225+00	f	\N	\N	\N
40c8150f-4bbd-4efc-ab1d-c56920d11531	644d8b15-9a0e-43c3-bdb3-91cef5aecf31	EgresoNormal	ed3c9bb2-d2e6-4a63-a4df-f0345853f472	f8790365-8899-446c-a514-1e5c4feb489f	\N	1632.000000	diff - Gimnasia y otros	2026-03-07 00:00:00+00	f	2026-03-07 22:03:12.239507+00	2026-03-07 22:03:12.239507+00	f	\N	\N	\N
bb97ec7f-2b6a-44f9-a2ae-136a3a450d6f	644d8b15-9a0e-43c3-bdb3-91cef5aecf31	EgresoNormal	229129a7-7788-46aa-8b14-8c774f0ad87e	b064136e-57b1-42ff-8f7f-2988dc3484ec	\N	126.500000	cine	2026-04-18 00:00:00+00	f	2026-04-18 18:17:05.969574+00	2026-04-18 18:17:05.969574+00	f	\N	\N	\N
a93916c2-15bb-45a1-88ab-04f8addd2620	644d8b15-9a0e-43c3-bdb3-91cef5aecf31	EgresoNormal	229129a7-7788-46aa-8b14-8c774f0ad87e	b064136e-57b1-42ff-8f7f-2988dc3484ec	\N	128.000000	tacuuus	2026-04-24 06:00:00+00	f	2026-04-24 20:52:05.073386+00	2026-04-24 20:52:05.073386+00	f	\N	\N	\N
058a49b9-e0ca-4baa-9c70-86a2616b9306	644d8b15-9a0e-43c3-bdb3-91cef5aecf31	EgresoNormal	da41fa99-8bb4-4f5c-9b47-76ca630d08b5	7f3b9e25-8add-4771-a2e6-e620cc65442f	\N	13779001.000000	paso a nubank	2026-03-07 00:00:00+00	f	2026-03-07 22:03:22.154908+00	2026-03-07 22:03:22.154908+00	f	\N	\N	\N
77a328e4-0ac9-4005-8952-914bd8e7d676	644d8b15-9a0e-43c3-bdb3-91cef5aecf31	IngresoNormal	28c2305d-c6d3-46be-a5c7-36ad7b266013	deebf755-0126-4bc0-bdd2-20bbf21ae0ac	\N	13577747.000000	de bancolombia para bolsillos	2026-03-07 00:00:00+00	f	2026-03-07 22:03:24.245004+00	2026-03-07 22:03:24.245004+00	f	\N	\N	\N
f8aa3dab-5024-48a3-a7d2-c03efb58dd0b	644d8b15-9a0e-43c3-bdb3-91cef5aecf31	EgresoNormal	ed3c9bb2-d2e6-4a63-a4df-f0345853f472	f8790365-8899-446c-a514-1e5c4feb489f	\N	25865.000000	Diff, cree mas bolsillos pero da igual	2026-03-07 00:00:00+00	f	2026-03-07 22:05:46.181995+00	2026-03-07 22:05:46.181995+00	f	\N	\N	\N
575d7a5b-4cb7-44d0-8589-b9154e4fc8ed	644d8b15-9a0e-43c3-bdb3-91cef5aecf31	IngresoNormal	ed3c9bb2-d2e6-4a63-a4df-f0345853f472	0b2fd392-cfa9-416e-a1cb-aa80cc5a1907	\N	252.150000	\N	2026-03-07 00:00:00+00	f	2026-03-07 22:05:48.439779+00	2026-03-07 22:05:48.439779+00	f	\N	\N	\N
258312a0-9519-4348-95d1-2b9a06478c35	644d8b15-9a0e-43c3-bdb3-91cef5aecf31	IngresoNormal	ed3c9bb2-d2e6-4a63-a4df-f0345853f472	3f043b05-d84b-4ecf-ae51-c827b955ba74	\N	25613.000000	\N	2026-03-07 06:00:00+00	f	2026-03-07 22:05:50.707591+00	2026-03-07 22:05:50.707591+00	f	\N	\N	\N
df3c2065-2e3c-4498-a4c7-5827ab435cce	644d8b15-9a0e-43c3-bdb3-91cef5aecf31	EgresoNormal	229129a7-7788-46aa-8b14-8c774f0ad87e	23ae93d3-54aa-4ae1-b586-f33f9667c6d5	\N	9000.000000	\N	2026-05-17 06:00:00+00	f	2026-05-17 15:27:11.082881+00	2026-05-17 15:27:11.082881+00	f	\N	\N	\N
02e7dd6b-07d7-413d-8e24-b9eb21800030	644d8b15-9a0e-43c3-bdb3-91cef5aecf31	IngresoFijo	229129a7-7788-46aa-8b14-8c774f0ad87e	fe1fe884-bd73-42f7-b22f-a03eb3b80093	ac9c2aaf-3ba7-4ebd-ba10-738761cceb68	500.000000	organizando	2026-03-07 00:00:00+00	f	2026-03-07 22:37:41.778591+00	2026-03-07 22:37:41.778591+00	f	\N	\N	\N
49c15bdb-678e-423c-b944-5c0cb6f223f3	644d8b15-9a0e-43c3-bdb3-91cef5aecf31	EgresoNormal	229129a7-7788-46aa-8b14-8c774f0ad87e	4fa35fb2-9a61-4fa4-b234-8087aa22fe8a	\N	222.000000	\N	2026-03-07 00:00:00+00	f	2026-03-07 22:37:44.012372+00	2026-03-07 22:37:44.012372+00	f	\N	\N	\N
a4cfeeb1-4683-4cd2-8bc8-dfec3521a824	644d8b15-9a0e-43c3-bdb3-91cef5aecf31	EgresoNormal	229129a7-7788-46aa-8b14-8c774f0ad87e	b064136e-57b1-42ff-8f7f-2988dc3484ec	\N	690.000000	juandi minecraft y alitas	2026-03-09 06:00:00+00	f	2026-03-09 00:37:31.199945+00	2026-03-09 00:37:31.199945+00	f	\N	\N	\N
5011bdba-5ce0-412c-9807-645709de02aa	644d8b15-9a0e-43c3-bdb3-91cef5aecf31	EgresoNormal	35997ca6-074e-47d8-b364-7b966a833518	1597be30-658f-4739-a9e9-727a950ffc53	\N	1200.000000	compras	2026-03-09 06:00:00+00	f	2026-03-09 00:37:58.074618+00	2026-03-09 00:37:58.074618+00	f	\N	\N	\N
a2639a8f-cf10-41f7-bd16-560eaf679d0e	644d8b15-9a0e-43c3-bdb3-91cef5aecf31	IngresoNormal	229129a7-7788-46aa-8b14-8c774f0ad87e	b064136e-57b1-42ff-8f7f-2988dc3484ec	\N	5469.000000	quincena	2026-03-12 00:00:00+00	f	2026-03-12 19:36:44.753847+00	2026-03-12 19:36:44.753847+00	f	\N	\N	\N
42300ef5-1e70-4500-9b8d-fafa0e3281e9	644d8b15-9a0e-43c3-bdb3-91cef5aecf31	IngresoNormal	229129a7-7788-46aa-8b14-8c774f0ad87e	4fa35fb2-9a61-4fa4-b234-8087aa22fe8a	\N	18215.000000	salario + viajes de nu + gastos fijos de nu	2026-03-12 00:00:00+00	f	2026-03-12 19:36:47.432859+00	2026-03-12 19:36:47.432859+00	f	\N	\N	\N
19e69f45-1502-4519-8d36-5c1f86068cc6	644d8b15-9a0e-43c3-bdb3-91cef5aecf31	IngresoNormal	ed3c9bb2-d2e6-4a63-a4df-f0345853f472	e72610ce-d408-4c8a-bcc7-2a31cefccec8	\N	8858.000000	Salario	2026-03-12 00:00:00+00	f	2026-03-12 19:36:55.911488+00	2026-03-12 19:36:55.911488+00	f	\N	\N	\N
1dd305cc-2e71-42a1-a110-dc2a8a508b23	644d8b15-9a0e-43c3-bdb3-91cef5aecf31	EgresoNormal	ed3c9bb2-d2e6-4a63-a4df-f0345853f472	3f043b05-d84b-4ecf-ae51-c827b955ba74	\N	11977.000000	rebalance de salario con banamex	2026-03-12 00:00:00+00	f	2026-03-12 19:36:57.847138+00	2026-03-12 19:36:57.847138+00	f	\N	\N	\N
7908eef8-0718-48b0-9ec1-6b852200810d	644d8b15-9a0e-43c3-bdb3-91cef5aecf31	EgresoNormal	35997ca6-074e-47d8-b364-7b966a833518	1597be30-658f-4739-a9e9-727a950ffc53	\N	1522.000000	Mercado con cami	2026-03-19 06:00:00+00	f	2026-03-19 01:31:33.77245+00	2026-03-19 01:31:33.77245+00	f	\N	\N	\N
f4835e68-07be-492a-b805-7c7a47195bb7	644d8b15-9a0e-43c3-bdb3-91cef5aecf31	EgresoNormal	229129a7-7788-46aa-8b14-8c774f0ad87e	b064136e-57b1-42ff-8f7f-2988dc3484ec	\N	553.000000	Salidas con cami y claudia	2026-03-22 06:00:00+00	f	2026-03-22 16:04:47.94572+00	2026-03-22 16:04:47.94572+00	f	\N	\N	\N
c386c83e-7467-4051-b496-c393b199d32d	644d8b15-9a0e-43c3-bdb3-91cef5aecf31	EgresoNormal	229129a7-7788-46aa-8b14-8c774f0ad87e	b064136e-57b1-42ff-8f7f-2988dc3484ec	\N	1854.000000	diff olive garden, miniso, cine	2026-03-23 06:00:00+00	f	2026-03-23 17:12:32.017144+00	2026-03-23 17:12:32.017144+00	f	\N	\N	\N
7f4a7dd0-945e-4d43-bb9e-a87abfbd5e17	644d8b15-9a0e-43c3-bdb3-91cef5aecf31	EgresoNormal	229129a7-7788-46aa-8b14-8c774f0ad87e	b064136e-57b1-42ff-8f7f-2988dc3484ec	\N	72.000000	diff	2026-03-27 00:00:00+00	f	2026-03-27 16:13:30.295001+00	2026-03-27 16:13:30.295001+00	f	\N	\N	\N
a4a0afa1-e2b6-4bdc-bf6d-c4fccf28efd7	644d8b15-9a0e-43c3-bdb3-91cef5aecf31	EgresoNormal	ed3c9bb2-d2e6-4a63-a4df-f0345853f472	3f043b05-d84b-4ecf-ae51-c827b955ba74	\N	1797.000000	diff....	2026-03-27 00:00:00+00	f	2026-03-27 16:13:37.102595+00	2026-03-27 16:13:37.102595+00	f	\N	\N	\N
f8bdbc33-bf85-4f3c-a024-09669bd878e1	644d8b15-9a0e-43c3-bdb3-91cef5aecf31	IngresoNormal	ed3c9bb2-d2e6-4a63-a4df-f0345853f472	f8790365-8899-446c-a514-1e5c4feb489f	\N	182.000000	gains xdd	2026-03-27 00:00:00+00	f	2026-03-27 16:13:39.759705+00	2026-03-27 16:13:39.759705+00	f	\N	\N	\N
deb88d3e-1a55-4423-a3c4-d42982e3da26	644d8b15-9a0e-43c3-bdb3-91cef5aecf31	IngresoNormal	ed3c9bb2-d2e6-4a63-a4df-f0345853f472	e72610ce-d408-4c8a-bcc7-2a31cefccec8	\N	61.000000	gains XDDDD	2026-03-27 00:00:00+00	f	2026-03-27 16:13:41.905379+00	2026-03-27 16:13:41.905379+00	f	\N	\N	\N
2eff52dc-0346-4dbd-8079-361c8ccbd2c8	644d8b15-9a0e-43c3-bdb3-91cef5aecf31	EgresoNormal	da41fa99-8bb4-4f5c-9b47-76ca630d08b5	7f3b9e25-8add-4771-a2e6-e620cc65442f	\N	84420.000000	diff transferencias	2026-03-27 00:00:00+00	f	2026-03-27 16:13:44.074282+00	2026-03-27 16:13:44.074282+00	f	\N	\N	\N
f250eb0b-596e-4a13-b9ef-8ace379799e8	644d8b15-9a0e-43c3-bdb3-91cef5aecf31	EgresoNormal	229129a7-7788-46aa-8b14-8c774f0ad87e	b064136e-57b1-42ff-8f7f-2988dc3484ec	\N	268.000000	mercado chedraui	2026-04-18 00:00:00+00	f	2026-04-18 18:17:08.128857+00	2026-04-18 18:17:08.128857+00	f	\N	\N	\N
ef0505d8-0b23-40ae-b6e5-32bb9afd4299	644d8b15-9a0e-43c3-bdb3-91cef5aecf31	EgresoNormal	229129a7-7788-46aa-8b14-8c774f0ad87e	b064136e-57b1-42ff-8f7f-2988dc3484ec	\N	191.000000	diff	2026-04-18 06:00:00+00	f	2026-04-18 18:17:34.670317+00	2026-04-18 18:17:34.670317+00	f	\N	\N	\N
780d6061-ac09-4440-b15e-f2c0849ab406	644d8b15-9a0e-43c3-bdb3-91cef5aecf31	IngresoNormal	229129a7-7788-46aa-8b14-8c774f0ad87e	23ae93d3-54aa-4ae1-b586-f33f9667c6d5	\N	910.000000	Budget Distribution: Ahorros	2026-04-29 06:00:00+00	f	2026-04-29 19:15:29.606338+00	2026-04-29 19:15:29.606338+00	f	\N	\N	\N
0b52cb99-d424-49b7-9384-e5fb50a13123	644d8b15-9a0e-43c3-bdb3-91cef5aecf31	IngresoNormal	229129a7-7788-46aa-8b14-8c774f0ad87e	b064136e-57b1-42ff-8f7f-2988dc3484ec	\N	488.000000	Budget Distribution: Para gastar	2026-04-29 06:00:00+00	f	2026-04-29 19:15:34.160483+00	2026-04-29 19:15:34.160483+00	f	\N	\N	\N
023c95b7-504a-400a-818e-10149ec0920a	644d8b15-9a0e-43c3-bdb3-91cef5aecf31	IngresoFijo	229129a7-7788-46aa-8b14-8c774f0ad87e	fe1fe884-bd73-42f7-b22f-a03eb3b80093	3f885cfd-1a00-493f-9b34-401d63a93037	1000.000000	Monthly contribution for Transporte	2026-05-14 00:00:00+00	f	2026-05-14 16:43:51.229428+00	2026-05-14 16:43:51.229428+00	f	\N	\N	\N
dc163efb-25af-41ca-8036-136910d5b541	644d8b15-9a0e-43c3-bdb3-91cef5aecf31	EgresoFijo	229129a7-7788-46aa-8b14-8c774f0ad87e	fe1fe884-bd73-42f7-b22f-a03eb3b80093	5e00fadd-4a5e-4691-a665-d09365b44824	1720.000000	diff	2026-05-17 06:00:00+00	f	2026-05-17 15:27:54.638246+00	2026-05-17 15:27:54.638246+00	f	\N	\N	\N
377f6167-8ead-4b2b-929f-c5ee9f45e79c	644d8b15-9a0e-43c3-bdb3-91cef5aecf31	EgresoNormal	28c2305d-c6d3-46be-a5c7-36ad7b266013	deebf755-0126-4bc0-bdd2-20bbf21ae0ac	\N	572710.000000	diff wtfff	2026-03-27 00:00:00+00	f	2026-03-27 16:13:46.693299+00	2026-03-27 16:13:46.693299+00	f	\N	\N	\N
27dc6f0f-f76a-4269-b4bc-838f84f00ad4	644d8b15-9a0e-43c3-bdb3-91cef5aecf31	EgresoNormal	d43c394b-53af-4f3b-8fe0-c0786d5b509c	cf3a397d-e594-4b9d-a84f-e08cc46c12f0	\N	520.000000	diff	2026-03-27 06:00:00+00	f	2026-03-27 16:19:44.915492+00	2026-03-27 16:19:44.915492+00	f	\N	\N	\N
4ee75d6e-b19c-4885-bf78-0f86362ff006	644d8b15-9a0e-43c3-bdb3-91cef5aecf31	IngresoFijo	229129a7-7788-46aa-8b14-8c774f0ad87e	fe1fe884-bd73-42f7-b22f-a03eb3b80093	ac9c2aaf-3ba7-4ebd-ba10-738761cceb68	500.000000	Monthly contribution for Luz	2026-03-27 00:00:00+00	f	2026-03-27 17:21:27.060374+00	2026-03-27 17:21:27.060374+00	f	\N	\N	\N
7c158cbb-7b6f-4b2f-a543-d9a24cda8b18	644d8b15-9a0e-43c3-bdb3-91cef5aecf31	IngresoFijo	229129a7-7788-46aa-8b14-8c774f0ad87e	fe1fe884-bd73-42f7-b22f-a03eb3b80093	c7d313b6-7c13-4ba0-9c08-26fe4f5fef03	19080.000000	Monthly contribution for Renta	2026-03-27 00:00:00+00	f	2026-03-27 17:21:29.526738+00	2026-03-27 17:21:29.526738+00	f	\N	\N	\N
f0cf9824-03ad-46b4-bcd0-e539a3fdf809	644d8b15-9a0e-43c3-bdb3-91cef5aecf31	IngresoFijo	229129a7-7788-46aa-8b14-8c774f0ad87e	fe1fe884-bd73-42f7-b22f-a03eb3b80093	9ccb4b7c-982f-48e1-b533-6d4c04ba48b9	200.000000	Monthly contribution for Agua	2026-03-27 00:00:00+00	f	2026-03-27 17:21:32.024498+00	2026-03-27 17:21:32.024498+00	f	\N	\N	\N
0979cbfb-983c-4d23-83d0-b1c908f70885	644d8b15-9a0e-43c3-bdb3-91cef5aecf31	EgresoNormal	229129a7-7788-46aa-8b14-8c774f0ad87e	b064136e-57b1-42ff-8f7f-2988dc3484ec	\N	201.000000	amazon cosa cami	2026-04-18 00:00:00+00	f	2026-04-18 18:17:10.252051+00	2026-04-18 18:17:10.252051+00	f	\N	\N	\N
ba60862b-a16f-4033-9203-514e392c0505	644d8b15-9a0e-43c3-bdb3-91cef5aecf31	EgresoNormal	ed3c9bb2-d2e6-4a63-a4df-f0345853f472	3f043b05-d84b-4ecf-ae51-c827b955ba74	\N	1500.000000	Transfer to Ahorros	2026-03-27 06:00:00+00	f	2026-03-27 17:23:47.204557+00	2026-03-27 17:23:47.204557+00	f	\N	\N	\N
4a800523-6804-4056-ad8d-c2221eaf9749	644d8b15-9a0e-43c3-bdb3-91cef5aecf31	IngresoNormal	229129a7-7788-46aa-8b14-8c774f0ad87e	4fa35fb2-9a61-4fa4-b234-8087aa22fe8a	\N	1500.000000	Transfer from Ahorros	2026-03-27 06:00:00+00	f	2026-03-27 17:23:47.360741+00	2026-03-27 17:23:47.360741+00	f	\N	\N	\N
aa127beb-6785-4458-87c1-64a729b2c178	644d8b15-9a0e-43c3-bdb3-91cef5aecf31	IngresoNormal	35997ca6-074e-47d8-b364-7b966a833518	1597be30-658f-4739-a9e9-727a950ffc53	\N	2834.000000	salario	2026-03-28 00:00:00+00	f	2026-03-28 20:08:04.929941+00	2026-03-28 20:08:04.929941+00	f	\N	\N	\N
15c8463e-0ff8-4e2d-845e-e66aaaea333d	644d8b15-9a0e-43c3-bdb3-91cef5aecf31	EgresoNormal	35997ca6-074e-47d8-b364-7b966a833518	1597be30-658f-4739-a9e9-727a950ffc53	\N	1494.000000	compra chedraui	2026-03-28 00:00:00+00	f	2026-03-28 20:08:07.750078+00	2026-03-28 20:08:07.750078+00	f	\N	\N	\N
3ae2dfd4-202f-4752-b2cd-d0205d0ffd1a	644d8b15-9a0e-43c3-bdb3-91cef5aecf31	EgresoNormal	229129a7-7788-46aa-8b14-8c774f0ad87e	b064136e-57b1-42ff-8f7f-2988dc3484ec	\N	1934.000000	compras con cami XDDDDDDDD	2026-03-30 06:00:00+00	f	2026-03-30 15:56:40.884663+00	2026-03-30 15:56:40.884663+00	f	\N	\N	\N
9324eb82-b610-475a-ad13-f02c6cf0b2c2	644d8b15-9a0e-43c3-bdb3-91cef5aecf31	IngresoFijo	229129a7-7788-46aa-8b14-8c774f0ad87e	fe1fe884-bd73-42f7-b22f-a03eb3b80093	3f885cfd-1a00-493f-9b34-401d63a93037	1371.000000	Monthly contribution for Transporte	2026-04-29 00:00:00+00	f	2026-04-29 19:15:51.611643+00	2026-04-29 19:15:51.611643+00	f	\N	\N	\N
46e63f95-3beb-4a17-bcea-b6364ddfb922	644d8b15-9a0e-43c3-bdb3-91cef5aecf31	EgresoNormal	35997ca6-074e-47d8-b364-7b966a833518	1597be30-658f-4739-a9e9-727a950ffc53	\N	1100.000000	Mercados	2026-03-31 06:00:00+00	f	2026-03-31 16:51:14.963394+00	2026-03-31 16:51:14.963394+00	f	\N	\N	\N
c708e641-3df7-4f98-870b-0c56d9d15fd4	644d8b15-9a0e-43c3-bdb3-91cef5aecf31	EgresoFijo	229129a7-7788-46aa-8b14-8c774f0ad87e	fe1fe884-bd73-42f7-b22f-a03eb3b80093	c7d313b6-7c13-4ba0-9c08-26fe4f5fef03	19080.000000	Renta Nomad mensual	2026-04-05 06:00:00+00	f	2026-04-03 21:18:38.371803+00	2026-04-03 21:18:38.371803+00	f	\N	\N	\N
ddc33384-07ce-4995-b713-62062f9d5c9d	644d8b15-9a0e-43c3-bdb3-91cef5aecf31	EgresoFijo	229129a7-7788-46aa-8b14-8c774f0ad87e	fe1fe884-bd73-42f7-b22f-a03eb3b80093	ac9c2aaf-3ba7-4ebd-ba10-738761cceb68	592.000000	renta mensual luz	2026-04-03 06:00:00+00	f	2026-04-03 21:18:58.20774+00	2026-04-03 21:18:58.20774+00	f	\N	\N	\N
fb7ea420-7948-42f6-aaf1-633bcecde405	644d8b15-9a0e-43c3-bdb3-91cef5aecf31	EgresoNormal	28c2305d-c6d3-46be-a5c7-36ad7b266013	deebf755-0126-4bc0-bdd2-20bbf21ae0ac	\N	151897.000000	diff	2026-04-06 00:00:00+00	f	2026-04-06 00:44:49.897971+00	2026-04-06 00:44:49.897971+00	f	\N	\N	\N
67c737d6-4d55-43c3-81e1-c045f59ac534	644d8b15-9a0e-43c3-bdb3-91cef5aecf31	IngresoFijo	229129a7-7788-46aa-8b14-8c774f0ad87e	fe1fe884-bd73-42f7-b22f-a03eb3b80093	9ccb4b7c-982f-48e1-b533-6d4c04ba48b9	200.000000	Monthly contribution for Agua	2026-04-29 00:00:00+00	f	2026-04-29 19:15:53.682256+00	2026-04-29 19:15:53.682256+00	f	\N	\N	\N
3e1b5d92-2ace-4c9d-b349-772275b7142e	644d8b15-9a0e-43c3-bdb3-91cef5aecf31	IngresoNormal	ed3c9bb2-d2e6-4a63-a4df-f0345853f472	f8790365-8899-446c-a514-1e5c4feb489f	\N	83.000000	\N	2026-04-06 00:00:00+00	f	2026-04-06 00:44:54.494335+00	2026-04-06 00:44:54.494335+00	f	\N	\N	\N
40dd9b18-c500-42b8-93e6-8fc16a003e74	644d8b15-9a0e-43c3-bdb3-91cef5aecf31	IngresoNormal	ed3c9bb2-d2e6-4a63-a4df-f0345853f472	e72610ce-d408-4c8a-bcc7-2a31cefccec8	\N	36.000000	\N	2026-04-06 00:00:00+00	f	2026-04-06 00:44:56.567519+00	2026-04-06 00:44:56.567519+00	f	\N	\N	\N
58ab366c-5e50-4e0d-904c-142cede2c32f	644d8b15-9a0e-43c3-bdb3-91cef5aecf31	EgresoNormal	ed3c9bb2-d2e6-4a63-a4df-f0345853f472	3f043b05-d84b-4ecf-ae51-c827b955ba74	\N	156.000000	diff	2026-04-06 00:00:00+00	f	2026-04-06 00:44:58.483791+00	2026-04-06 00:44:58.483791+00	f	\N	\N	\N
5c28ea43-0c9a-40c6-babd-92999ba56636	644d8b15-9a0e-43c3-bdb3-91cef5aecf31	EgresoNormal	229129a7-7788-46aa-8b14-8c774f0ad87e	b064136e-57b1-42ff-8f7f-2988dc3484ec	\N	2176.000000	DAMN	2026-04-06 00:00:00+00	f	2026-04-06 00:45:00.296198+00	2026-04-06 00:45:00.296198+00	f	\N	\N	\N
9f300a4a-17f7-4bce-9aeb-9d8520744406	644d8b15-9a0e-43c3-bdb3-91cef5aecf31	EgresoNormal	229129a7-7788-46aa-8b14-8c774f0ad87e	4fa35fb2-9a61-4fa4-b234-8087aa22fe8a	\N	3800.000000	GODDAMN	2026-04-06 00:00:00+00	f	2026-04-06 00:45:02.146004+00	2026-04-06 00:45:02.146004+00	f	\N	\N	\N
4f003759-3431-4ce7-a8f0-9dfe908fb634	644d8b15-9a0e-43c3-bdb3-91cef5aecf31	EgresoNormal	da41fa99-8bb4-4f5c-9b47-76ca630d08b5	7f3b9e25-8add-4771-a2e6-e620cc65442f	\N	17811.000000	diff tarjetas + mono de vuelta	2026-04-06 06:00:00+00	f	2026-04-06 00:49:48.061868+00	2026-04-06 00:49:48.061868+00	f	\N	\N	\N
4b36e53d-1215-41a3-9bf2-f89dcc8a0ffa	644d8b15-9a0e-43c3-bdb3-91cef5aecf31	EgresoNormal	28c2305d-c6d3-46be-a5c7-36ad7b266013	deebf755-0126-4bc0-bdd2-20bbf21ae0ac	\N	256829.000000	diff hotel de mierda bogota que no fuimos	2026-04-09 06:00:00+00	f	2026-04-09 17:07:03.957471+00	2026-04-09 17:07:03.957471+00	f	\N	\N	\N
4f100754-8031-4187-ba9d-20b5cd200129	644d8b15-9a0e-43c3-bdb3-91cef5aecf31	EgresoNormal	da41fa99-8bb4-4f5c-9b47-76ca630d08b5	67995d0b-618c-4c13-97af-918143acd06a	\N	300000.000000	a  mono prestadop	2026-04-12 06:00:00+00	f	2026-04-12 17:45:04.249309+00	2026-04-12 17:45:04.249309+00	f	\N	\N	\N
ad89926d-f98a-4de1-a220-89ae6e134dda	644d8b15-9a0e-43c3-bdb3-91cef5aecf31	EgresoNormal	229129a7-7788-46aa-8b14-8c774f0ad87e	b064136e-57b1-42ff-8f7f-2988dc3484ec	\N	1609.000000	compras varias	2026-04-12 00:00:00+00	f	2026-04-12 17:50:37.58795+00	2026-04-12 17:50:37.58795+00	f	\N	\N	\N
39d21b38-0b8d-43b9-9fbe-a6559c5fefd1	644d8b15-9a0e-43c3-bdb3-91cef5aecf31	IngresoNormal	ed3c9bb2-d2e6-4a63-a4df-f0345853f472	e72610ce-d408-4c8a-bcc7-2a31cefccec8	\N	821.000000	Budget Distribution: Viajes	2026-04-29 06:00:00+00	f	2026-04-29 19:15:31.702155+00	2026-04-29 19:15:31.702155+00	f	\N	\N	\N
a0e389ca-50e5-4b30-9a96-5a1ac5b3282c	644d8b15-9a0e-43c3-bdb3-91cef5aecf31	EgresoFijo	229129a7-7788-46aa-8b14-8c774f0ad87e	fe1fe884-bd73-42f7-b22f-a03eb3b80093	c4ed0faf-00f6-458d-b0b8-235dd3f20362	369.000000	ATT	2026-05-11 06:00:00+00	f	2026-05-14 16:49:45.894978+00	2026-05-14 16:49:45.894978+00	f	\N	\N	\N
651e9013-e876-43dc-8f47-1e4bd0f80011	644d8b15-9a0e-43c3-bdb3-91cef5aecf31	IngresoNormal	ed3c9bb2-d2e6-4a63-a4df-f0345853f472	0b2fd392-cfa9-416e-a1cb-aa80cc5a1907	\N	202.000000	\N	2026-04-12 00:00:00+00	f	2026-04-12 17:50:44.554286+00	2026-04-12 17:50:44.554286+00	f	\N	\N	\N
9ec6cf71-469c-47ce-b515-693f5d95f8ec	644d8b15-9a0e-43c3-bdb3-91cef5aecf31	EgresoNormal	ed3c9bb2-d2e6-4a63-a4df-f0345853f472	3f043b05-d84b-4ecf-ae51-c827b955ba74	\N	4338.000000	\N	2026-04-12 00:00:00+00	f	2026-04-12 17:50:46.273453+00	2026-04-12 17:50:46.273453+00	f	\N	\N	\N
5579f2fa-7792-44ad-a8d6-dc3cc318dd55	644d8b15-9a0e-43c3-bdb3-91cef5aecf31	EgresoNormal	35997ca6-074e-47d8-b364-7b966a833518	1597be30-658f-4739-a9e9-727a950ffc53	\N	1323.000000	diff	2026-05-17 06:00:00+00	f	2026-05-17 17:46:14.92092+00	2026-05-17 17:46:14.92092+00	f	\N	\N	\N
e9117790-2141-4d98-8163-dee19fbfba93	644d8b15-9a0e-43c3-bdb3-91cef5aecf31	IngresoFijo	ed3c9bb2-d2e6-4a63-a4df-f0345853f472	\N	\N	106.000000	\N	2025-11-25 00:00:00+00	f	2025-11-25 17:27:19.121+00	2025-11-25 17:27:19.521731+00	t	Nubank	MXN	Fijos
a3b5b8a7-c677-4c13-a24f-0e5d9f43246e	644d8b15-9a0e-43c3-bdb3-91cef5aecf31	IngresoFijo	ed3c9bb2-d2e6-4a63-a4df-f0345853f472	\N	\N	140.000000	\N	2025-11-25 00:00:00+00	f	2025-11-25 17:28:04.628+00	2025-11-25 17:28:05.010365+00	t	Nubank	MXN	Fijos
dd8c65b0-6837-4213-a158-fb1eaa6e471a	644d8b15-9a0e-43c3-bdb3-91cef5aecf31	IngresoFijo	ed3c9bb2-d2e6-4a63-a4df-f0345853f472	\N	\N	150.000000	\N	2025-11-25 00:00:00+00	f	2025-11-25 17:28:24.487+00	2025-11-25 17:28:24.878921+00	t	Nubank	MXN	Fijos
2dc55fcd-9a26-41ac-9e41-abbd2c56089e	644d8b15-9a0e-43c3-bdb3-91cef5aecf31	IngresoFijo	ed3c9bb2-d2e6-4a63-a4df-f0345853f472	\N	\N	5.000000	\N	2025-11-25 00:00:00+00	f	2025-11-25 17:28:40.657+00	2025-11-25 17:28:41.057631+00	t	Nubank	MXN	Fijos
ca8a93df-57ba-4c3e-b620-1bb1ce4b8deb	644d8b15-9a0e-43c3-bdb3-91cef5aecf31	IngresoFijo	ed3c9bb2-d2e6-4a63-a4df-f0345853f472	\N	\N	75.000000	\N	2025-11-25 00:00:00+00	f	2025-11-25 17:29:47.519+00	2025-11-25 17:29:47.883826+00	t	Nubank	MXN	Fijos
7f470cfa-6905-4e6a-ad71-a2ff6f316297	644d8b15-9a0e-43c3-bdb3-91cef5aecf31	EgresoNormal	229129a7-7788-46aa-8b14-8c774f0ad87e	4fa35fb2-9a61-4fa4-b234-8087aa22fe8a	\N	411.480000	mercado	2026-04-18 06:00:00+00	f	2026-04-18 18:49:53.375045+00	2026-04-18 18:49:53.375045+00	f	\N	\N	\N
96c8f741-e7f4-4d21-a1c8-0fc28a8a5c82	644d8b15-9a0e-43c3-bdb3-91cef5aecf31	IngresoFijo	229129a7-7788-46aa-8b14-8c774f0ad87e	fe1fe884-bd73-42f7-b22f-a03eb3b80093	c7d313b6-7c13-4ba0-9c08-26fe4f5fef03	19080.000000	Monthly contribution for Renta	2026-04-29 00:00:00+00	f	2026-04-29 19:15:46.397756+00	2026-04-29 19:15:46.397756+00	f	\N	\N	\N
0970f776-9fd2-437c-ba4c-f253630a5823	644d8b15-9a0e-43c3-bdb3-91cef5aecf31	IngresoFijo	229129a7-7788-46aa-8b14-8c774f0ad87e	fe1fe884-bd73-42f7-b22f-a03eb3b80093	ac9c2aaf-3ba7-4ebd-ba10-738761cceb68	500.000000	Monthly contribution for Luz	2026-04-29 00:00:00+00	f	2026-04-29 19:15:48.958125+00	2026-04-29 19:15:48.958125+00	f	\N	\N	\N
6c59285e-f462-4b51-b888-37acdfd07ae4	644d8b15-9a0e-43c3-bdb3-91cef5aecf31	EgresoFijo	229129a7-7788-46aa-8b14-8c774f0ad87e	fe1fe884-bd73-42f7-b22f-a03eb3b80093	69f1d086-d702-4493-aa63-635d20869b36	449.000000	telmex	2026-05-13 06:00:00+00	f	2026-05-14 16:49:59.871064+00	2026-05-14 16:49:59.871064+00	f	\N	\N	\N
ac7e5b47-e9d0-4801-9789-ffd65667fb18	644d8b15-9a0e-43c3-bdb3-91cef5aecf31	EgresoFijo	229129a7-7788-46aa-8b14-8c774f0ad87e	fe1fe884-bd73-42f7-b22f-a03eb3b80093	5e00fadd-4a5e-4691-a665-d09365b44824	1720.000000	gimnasia yo	2026-04-18 06:00:00+00	f	2026-04-18 20:30:50.593016+00	2026-04-18 20:30:50.593016+00	f	\N	\N	\N
2119962f-6c21-4876-857f-2361cad427c4	644d8b15-9a0e-43c3-bdb3-91cef5aecf31	EgresoNormal	229129a7-7788-46aa-8b14-8c774f0ad87e	b064136e-57b1-42ff-8f7f-2988dc3484ec	\N	2223.000000	DIF??? WTF? 400k?	2026-04-29 06:00:00+00	f	2026-04-29 19:22:17.373386+00	2026-04-29 19:22:17.373386+00	f	\N	\N	\N
64f15de5-3012-45fe-8324-2c10f025d1a8	644d8b15-9a0e-43c3-bdb3-91cef5aecf31	IngresoNormal	229129a7-7788-46aa-8b14-8c774f0ad87e	23ae93d3-54aa-4ae1-b586-f33f9667c6d5	\N	8090.400000	Budget Distribution: Ahorros	2026-05-14 00:00:00+00	f	2026-05-14 17:01:58.48672+00	2026-05-14 17:01:58.48672+00	f	\N	\N	\N
92e6e4c0-3b3f-4d40-8483-45958fad1a3a	644d8b15-9a0e-43c3-bdb3-91cef5aecf31	IngresoFijo	229129a7-7788-46aa-8b14-8c774f0ad87e	fe1fe884-bd73-42f7-b22f-a03eb3b80093	5e00fadd-4a5e-4691-a665-d09365b44824	1720.000000	Monthly contribution for Gimnasia	2026-05-14 00:00:00+00	f	2026-05-14 17:02:15.488009+00	2026-05-14 17:02:15.488009+00	f	\N	\N	\N
8a0aa87b-6f88-4abb-b518-1742f4976944	644d8b15-9a0e-43c3-bdb3-91cef5aecf31	IngresoFijo	229129a7-7788-46aa-8b14-8c774f0ad87e	fe1fe884-bd73-42f7-b22f-a03eb3b80093	c4ed0faf-00f6-458d-b0b8-235dd3f20362	369.000000	Monthly contribution for Celular	2026-05-14 00:00:00+00	f	2026-05-14 17:02:17.401+00	2026-05-14 17:02:17.401+00	f	\N	\N	\N
4cb2beef-99f7-4668-be8f-7605f20f29fd	644d8b15-9a0e-43c3-bdb3-91cef5aecf31	IngresoFijo	229129a7-7788-46aa-8b14-8c774f0ad87e	fe1fe884-bd73-42f7-b22f-a03eb3b80093	7d8bc519-b8bd-40a7-a85c-919d703ac762	400.000000	Monthly contribution for Lavanderia	2026-05-14 00:00:00+00	f	2026-05-14 17:02:19.374045+00	2026-05-14 17:02:19.374045+00	f	\N	\N	\N
43ec8f73-4872-4215-b755-937402df5997	644d8b15-9a0e-43c3-bdb3-91cef5aecf31	IngresoFijo	229129a7-7788-46aa-8b14-8c774f0ad87e	fe1fe884-bd73-42f7-b22f-a03eb3b80093	69f1d086-d702-4493-aa63-635d20869b36	449.000000	Monthly contribution for Internet	2026-05-14 00:00:00+00	f	2026-05-14 17:02:21.238051+00	2026-05-14 17:02:21.238051+00	f	\N	\N	\N
821de291-4655-4830-80a9-7efcabcf3a9d	644d8b15-9a0e-43c3-bdb3-91cef5aecf31	EgresoFijo	229129a7-7788-46aa-8b14-8c774f0ad87e	fe1fe884-bd73-42f7-b22f-a03eb3b80093	3f885cfd-1a00-493f-9b34-401d63a93037	907.000000	ubers (contando gimnasia)	2026-04-18 06:00:00+00	f	2026-04-18 20:49:57.253941+00	2026-04-18 20:49:57.253941+00	f	\N	\N	\N
6c93d3bf-ddfa-4f0f-a822-a558589e89b3	644d8b15-9a0e-43c3-bdb3-91cef5aecf31	IngresoNormal	35997ca6-074e-47d8-b364-7b966a833518	1597be30-658f-4739-a9e9-727a950ffc53	\N	2597.000000	salario	2026-04-29 06:00:00+00	f	2026-04-29 19:23:30.277684+00	2026-04-29 19:23:30.277684+00	f	\N	\N	\N
8c92e7b6-0fda-4a3d-a2e6-46ac366316f4	644d8b15-9a0e-43c3-bdb3-91cef5aecf31	IngresoNormal	ed3c9bb2-d2e6-4a63-a4df-f0345853f472	e72610ce-d408-4c8a-bcc7-2a31cefccec8	\N	7483.620000	Budget Distribution: Viajes	2026-05-14 00:00:00+00	f	2026-05-14 17:02:00.293719+00	2026-05-14 17:02:00.293719+00	f	\N	\N	\N
e274ebff-f398-4a00-9a2b-a329828fa93c	644d8b15-9a0e-43c3-bdb3-91cef5aecf31	IngresoNormal	229129a7-7788-46aa-8b14-8c774f0ad87e	b064136e-57b1-42ff-8f7f-2988dc3484ec	\N	4651.980000	Budget Distribution: Para gastar	2026-05-14 00:00:00+00	f	2026-05-14 17:02:01.879992+00	2026-05-14 17:02:01.879992+00	f	\N	\N	\N
810cec5b-d254-47bb-8281-8b25e5694f5f	644d8b15-9a0e-43c3-bdb3-91cef5aecf31	EgresoNormal	229129a7-7788-46aa-8b14-8c774f0ad87e	b064136e-57b1-42ff-8f7f-2988dc3484ec	\N	348.000000	pizza y tacos post rumba XD	2026-04-19 00:00:00+00	f	2026-04-19 18:06:08.221018+00	2026-04-19 18:06:08.221018+00	f	\N	\N	\N
8ff1f772-5041-491a-8829-a3aad9788d20	644d8b15-9a0e-43c3-bdb3-91cef5aecf31	EgresoNormal	229129a7-7788-46aa-8b14-8c774f0ad87e	4fa35fb2-9a61-4fa4-b234-8087aa22fe8a	\N	1499.000000	trago xd	2026-04-19 00:00:00+00	f	2026-04-19 18:06:10.909418+00	2026-04-19 18:06:10.909418+00	f	\N	\N	\N
0d6091fb-0941-4a7a-a5e2-659ce534ad8c	644d8b15-9a0e-43c3-bdb3-91cef5aecf31	EgresoNormal	ed3c9bb2-d2e6-4a63-a4df-f0345853f472	3f043b05-d84b-4ecf-ae51-c827b955ba74	\N	821.000000	Transfer to Bono: viajes salario	2026-04-29 06:00:00+00	f	2026-04-29 19:24:57.84695+00	2026-04-29 19:24:57.84695+00	f	\N	\N	\N
39841966-3fbb-4053-a780-56d1f79a6d4f	644d8b15-9a0e-43c3-bdb3-91cef5aecf31	IngresoFijo	229129a7-7788-46aa-8b14-8c774f0ad87e	fe1fe884-bd73-42f7-b22f-a03eb3b80093	3f885cfd-1a00-493f-9b34-401d63a93037	0.000000	Monthly contribution for Transporte	2026-05-14 00:00:00+00	f	2026-05-14 17:02:13.350451+00	2026-05-14 17:02:13.350451+00	f	\N	\N	\N
1387e1d1-5c6d-4f1c-b8d6-832b1a0118ec	644d8b15-9a0e-43c3-bdb3-91cef5aecf31	IngresoFijo	ed3c9bb2-d2e6-4a63-a4df-f0345853f472	\N	\N	45.000000	Monthly contribution for Spotify	2025-11-28 00:00:00+00	f	2025-11-28 00:32:07.528+00	2025-11-28 00:32:07.892883+00	t	Nubank	MXN	Fijos
de59cea2-b85d-4bc1-96c2-ff10ab7daa3c	644d8b15-9a0e-43c3-bdb3-91cef5aecf31	IngresoFijo	ed3c9bb2-d2e6-4a63-a4df-f0345853f472	\N	\N	45.000000	\N	2025-11-25 00:00:00+00	f	2025-11-25 17:29:59.868+00	2025-11-25 17:30:00.270011+00	t	Nubank	MXN	Fijos
96faf514-5079-453f-aa98-b1f94657e071	644d8b15-9a0e-43c3-bdb3-91cef5aecf31	IngresoFijo	ed3c9bb2-d2e6-4a63-a4df-f0345853f472	\N	\N	1000.000000	Monthly contribution for Mercado	2025-11-28 00:00:00+00	f	2025-11-28 00:32:11.835+00	2025-11-28 00:32:12.231086+00	t	Nubank	MXN	Fijos
1567a1f4-84c2-40d2-a375-2e82b08fb3d6	644d8b15-9a0e-43c3-bdb3-91cef5aecf31	EgresoFijo	ed3c9bb2-d2e6-4a63-a4df-f0345853f472	\N	\N	834.000000	Cuando merque antes de la quincena	2025-11-27 00:00:00+00	f	2025-11-28 00:45:20.842+00	2025-11-28 00:45:21.234929+00	t	Nubank	MXN	Fijos
974b52fd-d93d-4540-9199-92601181266b	644d8b15-9a0e-43c3-bdb3-91cef5aecf31	EgresoFijo	ed3c9bb2-d2e6-4a63-a4df-f0345853f472	\N	\N	19080.000000	Renta Nomad mensual	2025-12-30 06:00:00+00	f	2025-12-14 22:38:00.982501+00	2025-12-14 22:38:00.982501+00	t	Nubank	MXN	Fijos
90e9f6f7-5f41-409c-90e7-6e264c248568	644d8b15-9a0e-43c3-bdb3-91cef5aecf31	EgresoFijo	ed3c9bb2-d2e6-4a63-a4df-f0345853f472	\N	\N	540.000000	Pago bimensual luz	2025-12-14 06:00:00+00	f	2025-12-14 22:39:05.132755+00	2025-12-14 22:39:05.132755+00	t	Nubank	MXN	Fijos
b5b2fd93-523b-4870-8539-020749dfebc4	644d8b15-9a0e-43c3-bdb3-91cef5aecf31	IngresoFijo	ed3c9bb2-d2e6-4a63-a4df-f0345853f472	\N	\N	18973.000000	Monthly contribution for Renta	2025-12-11 00:00:00+00	f	2025-12-11 23:18:09.254352+00	2025-12-11 23:18:09.254352+00	t	Nubank	MXN	Fijos
4b598c02-5106-4c27-8122-cb6fbaec5a3a	644d8b15-9a0e-43c3-bdb3-91cef5aecf31	IngresoFijo	ed3c9bb2-d2e6-4a63-a4df-f0345853f472	\N	\N	200.000000	Monthly contribution for Agua	2025-12-11 00:00:00+00	f	2025-12-11 23:18:11.525713+00	2025-12-11 23:18:11.525713+00	t	Nubank	MXN	Fijos
4d078d48-bac5-4f5a-8c70-87d0df46c33f	644d8b15-9a0e-43c3-bdb3-91cef5aecf31	IngresoFijo	ed3c9bb2-d2e6-4a63-a4df-f0345853f472	\N	\N	400.000000	Monthly contribution for Luz	2025-12-11 00:00:00+00	f	2025-12-11 23:18:13.585683+00	2025-12-11 23:18:13.585683+00	t	Nubank	MXN	Fijos
41777ec4-eb6f-4433-a5b2-bc5fdd49dcbb	644d8b15-9a0e-43c3-bdb3-91cef5aecf31	IngresoFijo	ed3c9bb2-d2e6-4a63-a4df-f0345853f472	\N	\N	150.000000	Monthly contribution for Gas	2025-12-11 00:00:00+00	f	2025-12-11 23:18:15.750185+00	2025-12-11 23:18:15.750185+00	t	Nubank	MXN	Fijos
c3f34051-f470-4a13-bbc8-1d1f119b1736	644d8b15-9a0e-43c3-bdb3-91cef5aecf31	EgresoNormal	229129a7-7788-46aa-8b14-8c774f0ad87e	4fa35fb2-9a61-4fa4-b234-8087aa22fe8a	\N	20230.070000	a hapi	2026-04-20 06:00:00+00	f	2026-04-20 18:43:38.236971+00	2026-04-20 18:43:38.236971+00	f	\N	\N	\N
46e97a8a-30ab-4c11-9c45-df8dba8b6699	644d8b15-9a0e-43c3-bdb3-91cef5aecf31	IngresoNormal	229129a7-7788-46aa-8b14-8c774f0ad87e	4fa35fb2-9a61-4fa4-b234-8087aa22fe8a	\N	821.000000	Transfer from Ahorros: viajes salario	2026-04-29 06:00:00+00	f	2026-04-29 19:24:58.075934+00	2026-04-29 19:24:58.075934+00	f	\N	\N	\N
7638ecc6-a0f2-49f0-8466-7e8ab8e4ed91	644d8b15-9a0e-43c3-bdb3-91cef5aecf31	IngresoNormal	da41fa99-8bb4-4f5c-9b47-76ca630d08b5	7f3b9e25-8add-4771-a2e6-e620cc65442f	\N	383659.000000	Extra de gordo	2026-05-14 00:00:00+00	f	2026-05-14 17:38:50.669924+00	2026-05-14 17:38:50.669924+00	f	\N	\N	\N
4a967bcc-30bf-4d07-8106-de6f58fb5bd4	644d8b15-9a0e-43c3-bdb3-91cef5aecf31	IngresoFijo	ed3c9bb2-d2e6-4a63-a4df-f0345853f472	\N	\N	115.000000	\N	2025-12-16 00:00:00+00	f	2025-12-16 16:04:17.1421+00	2025-12-16 16:04:17.1421+00	t	Nubank	MXN	Fijos
c5b7dc48-4197-4eb3-ab50-3d2ebe52dc7e	644d8b15-9a0e-43c3-bdb3-91cef5aecf31	IngresoFijo	ed3c9bb2-d2e6-4a63-a4df-f0345853f472	\N	\N	166.000000	de mercado	2025-12-30 06:00:00+00	f	2025-12-30 16:36:04.82156+00	2025-12-30 16:36:04.82156+00	t	Nubank	MXN	Fijos
ce780139-e972-4304-a265-a1fb4e87dd4f	644d8b15-9a0e-43c3-bdb3-91cef5aecf31	IngresoFijo	ed3c9bb2-d2e6-4a63-a4df-f0345853f472	\N	\N	0.100000	Monthly contribution for Spotify	2025-12-30 00:00:00+00	f	2025-12-30 18:05:21.396114+00	2025-12-30 18:05:21.396114+00	t	Nubank	MXN	Fijos
5f1a0c16-6970-4f6e-99d7-fb050fe00fe2	644d8b15-9a0e-43c3-bdb3-91cef5aecf31	IngresoFijo	ed3c9bb2-d2e6-4a63-a4df-f0345853f472	\N	\N	0.080000	Monthly contribution for Rappi	2025-12-30 00:00:00+00	f	2025-12-30 18:05:24.84305+00	2025-12-30 18:05:24.84305+00	t	Nubank	MXN	Fijos
56d6c76e-e248-45c8-98af-6ebebe221e11	644d8b15-9a0e-43c3-bdb3-91cef5aecf31	IngresoFijo	ed3c9bb2-d2e6-4a63-a4df-f0345853f472	\N	\N	365.000000	Monthly contribution for ChatGPT	2025-12-30 00:00:00+00	f	2025-12-30 18:05:39.992891+00	2025-12-30 18:05:39.992891+00	t	Nubank	MXN	Fijos
2f854832-e411-484e-83a7-321c5087ee57	644d8b15-9a0e-43c3-bdb3-91cef5aecf31	EgresoNormal	ed3c9bb2-d2e6-4a63-a4df-f0345853f472	\N	\N	0.000000	CHATGPT registro	2025-12-24 06:00:00+00	f	2026-01-06 01:29:24.675737+00	2026-01-06 01:29:24.675737+00	t	Nubank	MXN	Fijos
725ea95d-7fe5-4465-a03d-a7d2c7df3b5b	644d8b15-9a0e-43c3-bdb3-91cef5aecf31	EgresoNormal	ed3c9bb2-d2e6-4a63-a4df-f0345853f472	\N	\N	0.000000	spotify	2025-12-28 06:00:00+00	f	2026-01-06 01:29:48.186458+00	2026-01-06 01:29:48.186458+00	t	Nubank	MXN	Fijos
56974a77-654a-443e-ba7b-4a4a4d4732d3	644d8b15-9a0e-43c3-bdb3-91cef5aecf31	EgresoFijo	ed3c9bb2-d2e6-4a63-a4df-f0345853f472	\N	\N	319.000000	renta enero	2026-01-09 06:00:00+00	f	2026-01-09 17:05:19.08222+00	2026-01-09 17:05:19.08222+00	t	Nubank	MXN	Fijos
8487cd8c-f0e0-4575-97a2-a48511e06809	644d8b15-9a0e-43c3-bdb3-91cef5aecf31	IngresoFijo	ed3c9bb2-d2e6-4a63-a4df-f0345853f472	\N	\N	80.000000	Monthly contribution for Agua	2026-01-14 00:00:00+00	f	2026-01-14 18:43:55.209036+00	2026-01-14 18:43:55.209036+00	t	Nubank	MXN	Fijos
e98cdf9b-d3df-4fca-aa83-08a0f7d841cb	644d8b15-9a0e-43c3-bdb3-91cef5aecf31	IngresoFijo	ed3c9bb2-d2e6-4a63-a4df-f0345853f472	\N	\N	19079.000000	Monthly contribution for Renta	2026-01-14 00:00:00+00	f	2026-01-14 18:43:57.771422+00	2026-01-14 18:43:57.771422+00	t	Nubank	MXN	Fijos
3048ce25-f873-4525-8c9e-7067df51418e	644d8b15-9a0e-43c3-bdb3-91cef5aecf31	IngresoFijo	ed3c9bb2-d2e6-4a63-a4df-f0345853f472	\N	\N	400.000000	Monthly contribution for Luz	2026-01-14 00:00:00+00	f	2026-01-14 18:44:00.448333+00	2026-01-14 18:44:00.448333+00	t	Nubank	MXN	Fijos
010f668c-ddfd-440c-b228-283138a7af04	644d8b15-9a0e-43c3-bdb3-91cef5aecf31	EgresoFijo	ed3c9bb2-d2e6-4a63-a4df-f0345853f472	\N	\N	75.000000	diff	2026-01-14 00:00:00+00	f	2026-01-14 20:58:09.738136+00	2026-01-14 20:58:09.738136+00	t	Nubank	MXN	Fijos
b711f1f7-f6d2-4ba6-9391-0fd1661b44c5	644d8b15-9a0e-43c3-bdb3-91cef5aecf31	IngresoFijo	ed3c9bb2-d2e6-4a63-a4df-f0345853f472	\N	\N	19079.000000	Monthly contribution for Renta	2026-01-30 00:00:00+00	f	2026-01-30 17:40:41.218866+00	2026-01-30 17:40:41.218866+00	t	Nubank	MXN	Fijos
383697a7-8ccd-420b-8896-9ac2ced54e39	644d8b15-9a0e-43c3-bdb3-91cef5aecf31	IngresoFijo	ed3c9bb2-d2e6-4a63-a4df-f0345853f472	\N	\N	200.000000	Monthly contribution for Agua	2026-01-30 00:00:00+00	f	2026-01-30 17:40:44.357787+00	2026-01-30 17:40:44.357787+00	t	Nubank	MXN	Fijos
a7003c1f-7280-4e60-86dc-f07a76b70e45	644d8b15-9a0e-43c3-bdb3-91cef5aecf31	IngresoFijo	ed3c9bb2-d2e6-4a63-a4df-f0345853f472	\N	\N	234.000000	Monthly contribution for Luz	2026-01-30 00:00:00+00	f	2026-01-30 17:40:47.396767+00	2026-01-30 17:40:47.396767+00	t	Nubank	MXN	Fijos
2b737c11-7954-4122-a4e2-aff1d5952b28	644d8b15-9a0e-43c3-bdb3-91cef5aecf31	EgresoNormal	28c2305d-c6d3-46be-a5c7-36ad7b266013	deebf755-0126-4bc0-bdd2-20bbf21ae0ac	\N	1017819.000000	hapi	2026-04-20 06:00:00+00	f	2026-04-20 18:47:53.342728+00	2026-04-20 18:47:53.342728+00	f	\N	\N	\N
b5a09d5c-cf94-483b-a594-3413b81a1abc	644d8b15-9a0e-43c3-bdb3-91cef5aecf31	EgresoNormal	229129a7-7788-46aa-8b14-8c774f0ad87e	b064136e-57b1-42ff-8f7f-2988dc3484ec	\N	660.000000	Chillis	2026-04-30 06:00:00+00	f	2026-04-30 03:21:01.112346+00	2026-04-30 03:21:01.112346+00	f	\N	\N	\N
0b455adb-5378-4a5c-8672-11f3b125f7ef	644d8b15-9a0e-43c3-bdb3-91cef5aecf31	EgresoNormal	28c2305d-c6d3-46be-a5c7-36ad7b266013	deebf755-0126-4bc0-bdd2-20bbf21ae0ac	\N	164079.000000	pago somos y otros 	2026-05-14 00:00:00+00	f	2026-05-14 17:38:53.3544+00	2026-05-14 17:38:53.3544+00	f	\N	\N	\N
031fd37b-6b6a-4f7f-8205-7428d643c1e3	644d8b15-9a0e-43c3-bdb3-91cef5aecf31	IngresoFijo	ed3c9bb2-d2e6-4a63-a4df-f0345853f472	\N	\N	0.000000	Monthly contribution for Gas	2026-01-14 00:00:00+00	f	2026-01-14 18:44:03.168945+00	2026-01-14 18:44:03.168945+00	t	Nubank	MXN	Fijos
5e88980f-9c60-45c8-93c0-7dcbf779b0de	644d8b15-9a0e-43c3-bdb3-91cef5aecf31	IngresoFijo	ed3c9bb2-d2e6-4a63-a4df-f0345853f472	\N	\N	0.000000	Monthly contribution for Gas	2026-01-30 00:00:00+00	f	2026-01-30 17:40:50.065484+00	2026-01-30 17:40:50.065484+00	t	Nubank	MXN	Fijos
387482d4-8b6a-478a-8df5-eb50dfb1b904	644d8b15-9a0e-43c3-bdb3-91cef5aecf31	IngresoFijo	ed3c9bb2-d2e6-4a63-a4df-f0345853f472	\N	\N	300.000000	de gas a luz	2026-02-05 06:00:00+00	f	2026-02-05 23:17:56.228085+00	2026-02-05 23:17:56.228085+00	t	Nubank	MXN	Fijos
7f9c005a-ab36-4952-95e0-179f11efbac1	644d8b15-9a0e-43c3-bdb3-91cef5aecf31	EgresoFijo	ed3c9bb2-d2e6-4a63-a4df-f0345853f472	\N	\N	19080.000000	Renta Nomad mensual	2026-02-06 06:00:00+00	f	2026-02-05 23:28:25.086486+00	2026-02-05 23:28:25.086486+00	t	Nubank	MXN	Fijos
0ba523aa-6d6a-400b-9c4b-7ae4dfe2bf6b	644d8b15-9a0e-43c3-bdb3-91cef5aecf31	IngresoFijo	ed3c9bb2-d2e6-4a63-a4df-f0345853f472	\N	\N	0.000000	Monthly contribution for Spotify	2026-02-12 00:00:00+00	f	2026-02-12 19:53:13.323018+00	2026-02-12 19:53:13.323018+00	t	Nubank	MXN	Fijos
2a7b85ee-8153-4ea8-bb5a-179c49ab3145	644d8b15-9a0e-43c3-bdb3-91cef5aecf31	EgresoFijo	ed3c9bb2-d2e6-4a63-a4df-f0345853f472	\N	\N	166.000000	quitamos biolsillo de mercado, transferimos a servicios	2025-12-30 06:00:00+00	f	2025-12-30 16:32:49.249919+00	2025-12-30 16:32:49.249919+00	t	Nubank	MXN	Fijos
544b54b0-b151-43ec-a7cd-e1298a1fe5f7	644d8b15-9a0e-43c3-bdb3-91cef5aecf31	IngresoFijo	ed3c9bb2-d2e6-4a63-a4df-f0345853f472	\N	\N	500.000000	Monthly contribution for Luz	2026-03-01 00:00:00+00	f	2026-03-01 19:08:31.767535+00	2026-03-01 19:08:31.767535+00	t	Nubank	MXN	Fijos
7bdc21b8-722a-4121-bebc-e7f7c041023c	644d8b15-9a0e-43c3-bdb3-91cef5aecf31	IngresoFijo	ed3c9bb2-d2e6-4a63-a4df-f0345853f472	\N	\N	149.000000	Monthly contribution for Agua	2026-03-01 00:00:00+00	f	2026-03-01 19:08:34.352154+00	2026-03-01 19:08:34.352154+00	t	Nubank	MXN	Fijos
6e00dab8-5098-4318-aeb8-8bd465f4bad9	644d8b15-9a0e-43c3-bdb3-91cef5aecf31	IngresoFijo	ed3c9bb2-d2e6-4a63-a4df-f0345853f472	\N	\N	1720.000000	Monthly contribution for Gimnasia	2026-03-01 00:00:00+00	f	2026-03-01 19:08:39.544764+00	2026-03-01 19:08:39.544764+00	t	Nubank	MXN	Fijos
f0501f00-edc5-495f-8988-94554348048b	644d8b15-9a0e-43c3-bdb3-91cef5aecf31	IngresoFijo	ed3c9bb2-d2e6-4a63-a4df-f0345853f472	\N	\N	0.000000	Monthly contribution for Rappi	2026-02-12 00:00:00+00	f	2026-02-12 19:53:05.650213+00	2026-02-12 19:53:05.650213+00	t	Nubank	MXN	Fijos
fbf1669a-b9a0-46e3-99af-42351eb18782	644d8b15-9a0e-43c3-bdb3-91cef5aecf31	EgresoFijo	ed3c9bb2-d2e6-4a63-a4df-f0345853f472	\N	\N	1720.000000	gimnasia	2026-03-07 00:00:00+00	f	2026-03-07 22:03:14.635061+00	2026-03-07 22:03:14.635061+00	t	Nubank	MXN	Fijos
672fead3-407d-4cc6-8595-2a7844948826	644d8b15-9a0e-43c3-bdb3-91cef5aecf31	EgresoFijo	ed3c9bb2-d2e6-4a63-a4df-f0345853f472	\N	\N	19080.000000	renta	2026-03-07 00:00:00+00	f	2026-03-07 22:03:17.220554+00	2026-03-07 22:03:17.220554+00	t	Nubank	MXN	Fijos
19d821c6-0c91-4284-982a-d045a9f6fecb	644d8b15-9a0e-43c3-bdb3-91cef5aecf31	EgresoFijo	ed3c9bb2-d2e6-4a63-a4df-f0345853f472	\N	\N	722.000000	agua	2026-03-07 00:00:00+00	f	2026-03-07 22:03:19.714404+00	2026-03-07 22:03:19.714404+00	t	Nubank	MXN	Fijos
fd7a5537-65b3-4229-854d-988b4dd3e1b1	644d8b15-9a0e-43c3-bdb3-91cef5aecf31	EgresoFijo	ed3c9bb2-d2e6-4a63-a4df-f0345853f472	\N	\N	19080.000000	renta adelnatada	2026-01-09 06:00:00+00	f	2026-01-09 17:03:58.14437+00	2026-01-09 17:03:58.14437+00	t	Nubank	MXN	Fijos
c070c2ba-ac87-4f0e-b81c-677488e6aa2f	644d8b15-9a0e-43c3-bdb3-91cef5aecf31	IngresoFijo	ed3c9bb2-d2e6-4a63-a4df-f0345853f472	\N	\N	2.000000	diff	2026-01-14 00:00:00+00	f	2026-01-14 20:58:07.080211+00	2026-01-14 20:58:07.080211+00	t	Nubank	MXN	Fijos
ce02b3fd-2227-4bae-9362-ddad96645916	644d8b15-9a0e-43c3-bdb3-91cef5aecf31	IngresoFijo	ed3c9bb2-d2e6-4a63-a4df-f0345853f472	\N	\N	19080.000000	Monthly contribution for Renta	2026-03-01 00:00:00+00	f	2026-03-01 19:08:36.923861+00	2026-03-01 19:08:36.923861+00	t	Nubank	MXN	Fijos
83c19d6b-dc84-41af-b9a0-4140e8fdb4b1	644d8b15-9a0e-43c3-bdb3-91cef5aecf31	EgresoFijo	ed3c9bb2-d2e6-4a63-a4df-f0345853f472	\N	\N	1000.000000	Renta mensual LUZ	2026-02-05 06:00:00+00	f	2026-02-05 23:29:05.136374+00	2026-02-05 23:29:05.136374+00	t	Nubank	MXN	Fijos
1048b9f8-fdb3-4999-afe3-e203d3d57e1b	644d8b15-9a0e-43c3-bdb3-91cef5aecf31	IngresoNormal	006a3da8-9560-4f4d-95b8-b277133a2fa4	f8c02639-f976-458c-a67b-cfb01f75e1bd	\N	1159.680000	invested	2026-04-20 06:00:00+00	f	2026-04-20 18:49:40.069684+00	2026-04-20 18:49:40.069684+00	f	\N	\N	\N
213baa90-8621-4dde-bd66-85a2d04af6d5	644d8b15-9a0e-43c3-bdb3-91cef5aecf31	EgresoNormal	35997ca6-074e-47d8-b364-7b966a833518	1597be30-658f-4739-a9e9-727a950ffc53	\N	169.000000	gastos	2026-05-03 06:00:00+00	f	2026-05-03 20:37:43.131845+00	2026-05-03 20:37:43.131845+00	f	\N	\N	\N
45e84223-1679-4f81-91e4-da054ede2eb1	644d8b15-9a0e-43c3-bdb3-91cef5aecf31	IngresoNormal	ed3c9bb2-d2e6-4a63-a4df-f0345853f472	f8790365-8899-446c-a514-1e5c4feb489f	\N	278.000000	interest	2026-05-14 00:00:00+00	f	2026-05-14 17:48:39.33912+00	2026-05-14 17:48:39.33912+00	f	\N	\N	\N
27581c2c-fe6e-4977-a8df-26195c02bca7	644d8b15-9a0e-43c3-bdb3-91cef5aecf31	IngresoFijo	ed3c9bb2-d2e6-4a63-a4df-f0345853f472	\N	\N	450.000000	Monthly contribution for Internet	2025-11-28 00:00:00+00	f	2025-11-28 00:32:02.762+00	2025-11-28 00:32:03.125316+00	t	Nubank	MXN	Fijos
9b37b02d-6fe6-4c2d-a7ab-4be764864013	644d8b15-9a0e-43c3-bdb3-91cef5aecf31	IngresoFijo	ed3c9bb2-d2e6-4a63-a4df-f0345853f472	\N	\N	449.000000	Monthly contribution for Internet	2025-12-30 00:00:00+00	f	2025-12-30 18:05:29.96836+00	2025-12-30 18:05:29.96836+00	t	Nubank	MXN	Fijos
11db1624-4df4-4568-8781-d2cb0e8a5821	644d8b15-9a0e-43c3-bdb3-91cef5aecf31	IngresoFijo	ed3c9bb2-d2e6-4a63-a4df-f0345853f472	\N	\N	449.000000	Monthly contribution for Internet	2026-02-12 00:00:00+00	f	2026-02-12 19:53:24.146071+00	2026-02-12 19:53:24.146071+00	t	Nubank	MXN	Fijos
274a8f47-df21-4d9d-812e-863bd43d8666	644d8b15-9a0e-43c3-bdb3-91cef5aecf31	EgresoFijo	ed3c9bb2-d2e6-4a63-a4df-f0345853f472	\N	\N	450.000000	\N	2026-02-14 06:00:00+00	f	2026-02-14 22:39:43.066713+00	2026-02-14 22:39:43.066713+00	t	Nubank	MXN	Fijos
2d083174-bdb9-428b-be31-0ae2eac0f858	644d8b15-9a0e-43c3-bdb3-91cef5aecf31	EgresoFijo	ed3c9bb2-d2e6-4a63-a4df-f0345853f472	\N	\N	0.000000	telmex - done	2026-02-16 06:00:00+00	f	2026-02-16 16:42:50.281489+00	2026-02-16 16:42:50.281489+00	t	Nubank	MXN	Fijos
caa226b4-5bff-4044-b515-02312b439e82	644d8b15-9a0e-43c3-bdb3-91cef5aecf31	IngresoFijo	ed3c9bb2-d2e6-4a63-a4df-f0345853f472	\N	\N	450.000000	Monthly contribution for Internet	2026-03-12 00:00:00+00	f	2026-03-12 18:48:59.789075+00	2026-03-12 18:48:59.789075+00	t	Nubank	MXN	Fijos
ea5250bb-b5f4-4bda-bc5d-031ae9a26754	644d8b15-9a0e-43c3-bdb3-91cef5aecf31	EgresoFijo	ed3c9bb2-d2e6-4a63-a4df-f0345853f472	\N	\N	449.000000	telmex	2026-03-14 06:00:00+00	f	2026-03-12 19:39:10.686121+00	2026-03-12 19:39:10.686121+00	t	Nubank	MXN	Fijos
32048aa6-7fa1-4607-be81-f21bb5dc9c05	644d8b15-9a0e-43c3-bdb3-91cef5aecf31	EgresoFijo	ed3c9bb2-d2e6-4a63-a4df-f0345853f472	\N	\N	449.000000	\N	2026-04-12 00:00:00+00	f	2026-04-12 17:50:39.941909+00	2026-04-12 17:50:39.941909+00	t	Nubank	MXN	Fijos
cb067840-c809-49dd-b12d-fb419336750a	644d8b15-9a0e-43c3-bdb3-91cef5aecf31	IngresoFijo	ed3c9bb2-d2e6-4a63-a4df-f0345853f472	\N	\N	16.000000	\N	2025-11-25 00:00:00+00	f	2025-11-25 17:27:37.958+00	2025-11-25 17:27:38.354238+00	t	Nubank	MXN	Fijos
6159330c-0b89-4675-b598-91f1d8d56549	644d8b15-9a0e-43c3-bdb3-91cef5aecf31	IngresoFijo	ed3c9bb2-d2e6-4a63-a4df-f0345853f472	\N	\N	353.000000	Monthly contribution for Celular	2025-12-30 00:00:00+00	f	2025-12-30 18:05:27.306005+00	2025-12-30 18:05:27.306005+00	t	Nubank	MXN	Fijos
312c2d24-0ad2-4fb9-a380-13cf3beb2b1c	644d8b15-9a0e-43c3-bdb3-91cef5aecf31	EgresoFijo	ed3c9bb2-d2e6-4a63-a4df-f0345853f472	\N	\N	369.000000	att enero	2026-01-11 06:00:00+00	f	2026-01-11 17:28:23.199915+00	2026-01-11 17:28:23.199915+00	t	Nubank	MXN	Fijos
14d65c2b-8783-4510-9ef9-d3c06c3c9303	644d8b15-9a0e-43c3-bdb3-91cef5aecf31	EgresoFijo	ed3c9bb2-d2e6-4a63-a4df-f0345853f472	\N	\N	0.000000	ATT - (done)	2026-01-12 06:00:00+00	f	2026-01-12 17:08:48.118288+00	2026-01-12 17:08:48.118288+00	t	Nubank	MXN	Fijos
920133d6-5a7a-4da5-b549-9db4a6dc51c7	644d8b15-9a0e-43c3-bdb3-91cef5aecf31	IngresoFijo	ed3c9bb2-d2e6-4a63-a4df-f0345853f472	\N	\N	9.000000	diff	2026-01-14 00:00:00+00	f	2026-01-14 20:58:04.252752+00	2026-01-14 20:58:04.252752+00	t	Nubank	MXN	Fijos
1b213dba-ecc4-4556-80c5-3be74061ff6b	644d8b15-9a0e-43c3-bdb3-91cef5aecf31	IngresoFijo	ed3c9bb2-d2e6-4a63-a4df-f0345853f472	\N	\N	369.000000	Monthly contribution for Celular	2026-02-12 00:00:00+00	f	2026-02-12 19:53:02.965218+00	2026-02-12 19:53:02.965218+00	t	Nubank	MXN	Fijos
627ee370-c478-4771-aac1-89b5c225040d	644d8b15-9a0e-43c3-bdb3-91cef5aecf31	EgresoFijo	ed3c9bb2-d2e6-4a63-a4df-f0345853f472	\N	\N	369.000000	\N	2026-02-14 06:00:00+00	f	2026-02-14 22:39:58.89837+00	2026-02-14 22:39:58.89837+00	t	Nubank	MXN	Fijos
122d6e44-b8ca-4199-8e97-cfb858f0a7a6	644d8b15-9a0e-43c3-bdb3-91cef5aecf31	EgresoFijo	ed3c9bb2-d2e6-4a63-a4df-f0345853f472	\N	\N	369.000000	\N	2026-02-14 06:00:00+00	f	2026-02-14 22:40:00.793+00	2026-02-14 22:40:00.301582+00	t	Nubank	MXN	Fijos
82f3799c-4d2e-4e7e-b62e-3846c35ea5e3	644d8b15-9a0e-43c3-bdb3-91cef5aecf31	IngresoFijo	ed3c9bb2-d2e6-4a63-a4df-f0345853f472	\N	\N	369.000000	Monthly contribution for Celular	2026-03-12 00:00:00+00	f	2026-03-12 18:48:57.424664+00	2026-03-12 18:48:57.424664+00	t	Nubank	MXN	Fijos
d233205e-c18b-467c-b3ce-95f35d31ad0b	644d8b15-9a0e-43c3-bdb3-91cef5aecf31	IngresoFijo	ed3c9bb2-d2e6-4a63-a4df-f0345853f472	\N	\N	350.000000	salario	2026-03-12 00:00:00+00	f	2026-03-12 19:36:53.372787+00	2026-03-12 19:36:53.372787+00	t	Nubank	MXN	Fijos
62e24aa5-30e5-4ecc-8efd-614e363041e9	644d8b15-9a0e-43c3-bdb3-91cef5aecf31	EgresoFijo	ed3c9bb2-d2e6-4a63-a4df-f0345853f472	\N	\N	350.000000	ATT	2026-03-11 06:00:00+00	f	2026-03-12 19:38:01.076831+00	2026-03-12 19:38:01.076831+00	t	Nubank	MXN	Fijos
669b045b-84c1-41d3-885d-20bd6db626ce	644d8b15-9a0e-43c3-bdb3-91cef5aecf31	EgresoFijo	ed3c9bb2-d2e6-4a63-a4df-f0345853f472	\N	\N	369.000000	\N	2026-04-12 00:00:00+00	f	2026-04-12 17:50:42.481652+00	2026-04-12 17:50:42.481652+00	t	Nubank	MXN	Fijos
35fab159-a11c-4207-9ab6-6586f55f8205	644d8b15-9a0e-43c3-bdb3-91cef5aecf31	IngresoFijo	ed3c9bb2-d2e6-4a63-a4df-f0345853f472	\N	\N	290.000000	Monthly contribution for Peluqueria	2025-12-30 00:00:00+00	f	2025-12-30 18:05:32.701326+00	2025-12-30 18:05:32.701326+00	t	Nubank	MXN	Fijos
cb670c0c-542a-4087-b539-3698f569c9c2	644d8b15-9a0e-43c3-bdb3-91cef5aecf31	IngresoFijo	ed3c9bb2-d2e6-4a63-a4df-f0345853f472	\N	\N	290.000000	Monthly contribution for Peluqueria	2026-02-12 00:00:00+00	f	2026-02-12 19:52:56.609012+00	2026-02-12 19:52:56.609012+00	t	Nubank	MXN	Fijos
80c34cc0-7018-4fe3-803e-2a58f03c7666	644d8b15-9a0e-43c3-bdb3-91cef5aecf31	IngresoFijo	ed3c9bb2-d2e6-4a63-a4df-f0345853f472	\N	\N	290.000000	Monthly contribution for Peluqueria	2026-03-12 00:00:00+00	f	2026-03-12 18:48:54.940879+00	2026-03-12 18:48:54.940879+00	t	Nubank	MXN	Fijos
e8abeedc-229c-4d0f-b7e8-40388a0d5962	644d8b15-9a0e-43c3-bdb3-91cef5aecf31	IngresoFijo	ed3c9bb2-d2e6-4a63-a4df-f0345853f472	\N	\N	360.000000	Monthly contribution for Lavanderia	2025-11-28 00:00:00+00	f	2025-11-28 00:32:14.035+00	2025-11-28 00:32:14.395528+00	t	Nubank	MXN	Fijos
78f5b4d0-cf66-4f5e-901a-8fb6244a3366	644d8b15-9a0e-43c3-bdb3-91cef5aecf31	IngresoFijo	ed3c9bb2-d2e6-4a63-a4df-f0345853f472	\N	\N	0.080000	Monthly contribution for Lavanderia	2025-12-30 00:00:00+00	f	2025-12-30 18:05:34.933112+00	2025-12-30 18:05:34.933112+00	t	Nubank	MXN	Fijos
cfe0d830-171f-41d2-b9cb-b241e00efafe	644d8b15-9a0e-43c3-bdb3-91cef5aecf31	EgresoFijo	ed3c9bb2-d2e6-4a63-a4df-f0345853f472	\N	\N	300.000000	lavada de sabado	2026-01-11 06:00:00+00	f	2026-01-11 00:57:55.52178+00	2026-01-11 00:57:55.52178+00	t	Nubank	MXN	Fijos
862a68cb-e7e7-4d7d-a037-d6cec5300515	644d8b15-9a0e-43c3-bdb3-91cef5aecf31	EgresoFijo	ed3c9bb2-d2e6-4a63-a4df-f0345853f472	\N	\N	400.000000	lavanderia con abuelita	2026-02-19 06:00:00+00	f	2026-02-19 18:03:17.813819+00	2026-02-19 18:03:17.813819+00	t	Nubank	MXN	Fijos
b9d3a0c9-6e65-4b04-9412-31a84c23e2b6	644d8b15-9a0e-43c3-bdb3-91cef5aecf31	IngresoFijo	ed3c9bb2-d2e6-4a63-a4df-f0345853f472	\N	\N	17.000000	extra	2026-03-01 06:00:00+00	f	2026-03-01 19:10:21.099618+00	2026-03-01 19:10:21.099618+00	t	Nubank	MXN	Fijos
9efc8c01-5ec3-4264-96c3-3f5489cb327b	644d8b15-9a0e-43c3-bdb3-91cef5aecf31	IngresoFijo	ed3c9bb2-d2e6-4a63-a4df-f0345853f472	\N	\N	360.000000	Monthly contribution for Lavanderia	2026-03-12 00:00:00+00	f	2026-03-12 18:49:04.699835+00	2026-03-12 18:49:04.699835+00	t	Nubank	MXN	Fijos
566c38d9-d821-4e6f-8335-2558474e15f4	644d8b15-9a0e-43c3-bdb3-91cef5aecf31	EgresoFijo	ed3c9bb2-d2e6-4a63-a4df-f0345853f472	\N	\N	337.000000	lavanderia 	2026-03-30 06:00:00+00	f	2026-03-30 15:57:58.054416+00	2026-03-30 15:57:58.054416+00	t	Nubank	MXN	Fijos
fb9af2bd-1ae2-4d3b-b167-2f27f13a73ae	644d8b15-9a0e-43c3-bdb3-91cef5aecf31	EgresoFijo	ed3c9bb2-d2e6-4a63-a4df-f0345853f472	\N	\N	400.000000	diff lavada masiva xd	2026-04-09 06:00:00+00	f	2026-04-09 17:08:08.870021+00	2026-04-09 17:08:08.870021+00	t	Nubank	MXN	Fijos
786e5fed-e666-493f-819b-5fa36481530e	644d8b15-9a0e-43c3-bdb3-91cef5aecf31	EgresoFijo	ed3c9bb2-d2e6-4a63-a4df-f0345853f472	\N	\N	36.000000	\N	2025-11-25 00:00:00+00	f	2025-11-25 17:29:30.311+00	2025-11-25 17:29:30.712452+00	t	Nubank	MXN	Fijos
d1326583-42f4-432b-a703-eac4d91a822f	644d8b15-9a0e-43c3-bdb3-91cef5aecf31	EgresoFijo	ed3c9bb2-d2e6-4a63-a4df-f0345853f472	\N	\N	93.000000	\N	2025-11-26 00:00:00+00	f	2025-11-27 16:56:28.928+00	2025-11-27 16:56:29.398206+00	t	Nubank	MXN	Fijos
ca83c296-8a85-433e-8ad7-0fa947ccd44b	644d8b15-9a0e-43c3-bdb3-91cef5aecf31	IngresoFijo	ed3c9bb2-d2e6-4a63-a4df-f0345853f472	\N	\N	1500.000000	Monthly contribution for Transporte	2026-03-27 00:00:00+00	f	2026-03-27 17:21:34.641002+00	2026-03-27 17:21:34.641002+00	t	Nubank	MXN	Fijos
4232a626-0efa-4703-8133-062ef0593d4c	644d8b15-9a0e-43c3-bdb3-91cef5aecf31	IngresoFijo	ed3c9bb2-d2e6-4a63-a4df-f0345853f472	\N	\N	671.000000	restaurado porque pagamos desde colombia	2025-11-27 00:00:00+00	f	2025-11-28 00:37:19.814+00	2025-11-28 00:37:20.279522+00	t	Nubank	MXN	Fijos
53e89790-a3bc-46b5-b4a3-27e9419660ca	644d8b15-9a0e-43c3-bdb3-91cef5aecf31	EgresoFijo	ed3c9bb2-d2e6-4a63-a4df-f0345853f472	\N	\N	87.000000	\N	2025-12-05 06:00:00+00	f	2025-12-05 16:04:22.32709+00	2025-12-05 16:04:22.32709+00	t	Nubank	MXN	Fijos
5bd8b031-8b2b-4545-90c4-aebcfbb16676	644d8b15-9a0e-43c3-bdb3-91cef5aecf31	EgresoFijo	ed3c9bb2-d2e6-4a63-a4df-f0345853f472	\N	\N	98.000000	\N	2025-12-03 06:00:00+00	f	2025-12-03 17:03:32.272721+00	2025-12-03 17:03:32.272721+00	t	Nubank	MXN	Fijos
1f85c146-bae9-4efc-82d4-e2c093527703	644d8b15-9a0e-43c3-bdb3-91cef5aecf31	EgresoFijo	ed3c9bb2-d2e6-4a63-a4df-f0345853f472	\N	\N	85.000000	ofi	2025-11-20 00:00:00+00	f	2025-11-26 05:06:47.694+00	2025-11-26 05:06:46.457972+00	t	Nubank	MXN	Fijos
1c1a29b5-7fdc-42b5-853d-aa16f22d7882	644d8b15-9a0e-43c3-bdb3-91cef5aecf31	EgresoFijo	ed3c9bb2-d2e6-4a63-a4df-f0345853f472	\N	\N	81.000000	ofi	2025-11-20 00:00:00+00	f	2025-11-26 05:07:00.005+00	2025-11-26 05:06:58.734995+00	t	Nubank	MXN	Fijos
3c05ea58-89af-4ea1-a4c5-dfd86c70b4dd	644d8b15-9a0e-43c3-bdb3-91cef5aecf31	EgresoFijo	ed3c9bb2-d2e6-4a63-a4df-f0345853f472	\N	\N	67.000000	\N	2025-11-21 00:00:00+00	f	2025-11-26 05:08:09.95+00	2025-11-26 05:08:08.702731+00	t	Nubank	MXN	Fijos
63ef73ba-3bd8-49ea-9680-bd68d22106c7	644d8b15-9a0e-43c3-bdb3-91cef5aecf31	EgresoFijo	ed3c9bb2-d2e6-4a63-a4df-f0345853f472	\N	\N	104.000000	ofi	2025-11-21 00:00:00+00	f	2025-11-26 05:08:27.784+00	2025-11-26 05:08:26.517089+00	t	Nubank	MXN	Fijos
d4cbcabb-bf46-4ed9-9850-a635397d061b	644d8b15-9a0e-43c3-bdb3-91cef5aecf31	EgresoFijo	ed3c9bb2-d2e6-4a63-a4df-f0345853f472	\N	\N	53.000000	ofi	2025-11-24 00:00:00+00	f	2025-11-26 05:09:17.303+00	2025-11-26 05:09:16.072402+00	t	Nubank	MXN	Fijos
15953b9f-6ee1-4d50-96f7-57e319b07580	644d8b15-9a0e-43c3-bdb3-91cef5aecf31	EgresoFijo	ed3c9bb2-d2e6-4a63-a4df-f0345853f472	\N	\N	72.000000	ofi	2025-11-24 00:00:00+00	f	2025-11-26 05:09:33.615+00	2025-11-26 05:09:32.356671+00	t	Nubank	MXN	Fijos
f4a8c849-7369-43d5-a7b8-3792262c5cf7	644d8b15-9a0e-43c3-bdb3-91cef5aecf31	EgresoFijo	ed3c9bb2-d2e6-4a63-a4df-f0345853f472	\N	\N	75.000000	ofi	2025-11-25 00:00:00+00	f	2025-11-26 05:09:45.516+00	2025-11-26 05:09:44.273351+00	t	Nubank	MXN	Fijos
649a33f6-f2b6-4dcc-8292-5b41b957cb5d	644d8b15-9a0e-43c3-bdb3-91cef5aecf31	EgresoFijo	ed3c9bb2-d2e6-4a63-a4df-f0345853f472	\N	\N	93.000000	casa	2025-11-25 00:00:00+00	f	2025-11-26 05:12:27.408+00	2025-11-26 05:12:26.142594+00	t	Nubank	MXN	Fijos
cfe2a4a6-3f57-44d7-8d23-f545d4a69aff	644d8b15-9a0e-43c3-bdb3-91cef5aecf31	EgresoFijo	ed3c9bb2-d2e6-4a63-a4df-f0345853f472	\N	\N	75.000000	\N	2025-11-25 00:00:00+00	f	2025-11-27 17:01:56.88+00	2025-11-27 17:01:57.301479+00	t	Nubank	MXN	Fijos
de2ef8c6-f438-422a-b3da-42e96e0c62d8	644d8b15-9a0e-43c3-bdb3-91cef5aecf31	EgresoFijo	ed3c9bb2-d2e6-4a63-a4df-f0345853f472	\N	\N	74.000000	\N	2025-12-02 06:00:00+00	f	2025-12-02 16:22:11.555+00	2025-12-02 16:22:12.38287+00	t	Nubank	MXN	Fijos
a5f8185b-3900-432b-948a-ba7c7fc2587d	644d8b15-9a0e-43c3-bdb3-91cef5aecf31	EgresoFijo	ed3c9bb2-d2e6-4a63-a4df-f0345853f472	\N	\N	111.000000	\N	2025-12-04 06:00:00+00	f	2025-12-04 20:19:33.287+00	2025-12-04 20:19:34.464976+00	t	Nubank	MXN	Fijos
ccadace9-ba30-438e-b41b-0979be2a8394	644d8b15-9a0e-43c3-bdb3-91cef5aecf31	EgresoFijo	ed3c9bb2-d2e6-4a63-a4df-f0345853f472	\N	\N	147.000000	\N	2025-12-05 06:00:00+00	f	2025-12-05 22:32:10.48975+00	2025-12-05 22:32:10.48975+00	t	Nubank	MXN	Fijos
fdee8d51-0437-4a3a-a66e-0e01c39df7d1	644d8b15-9a0e-43c3-bdb3-91cef5aecf31	EgresoFijo	ed3c9bb2-d2e6-4a63-a4df-f0345853f472	\N	\N	77.000000	\N	2025-12-03 06:00:00+00	f	2025-12-03 17:03:54.058024+00	2025-12-03 17:03:54.058024+00	t	Nubank	MXN	Fijos
90e5111b-1b10-41c3-a716-64567f9d2e8a	644d8b15-9a0e-43c3-bdb3-91cef5aecf31	EgresoFijo	ed3c9bb2-d2e6-4a63-a4df-f0345853f472	\N	\N	95.000000	diff	2025-12-09 06:00:00+00	f	2025-12-09 04:29:42.617942+00	2025-12-09 04:29:42.617942+00	t	Nubank	MXN	Fijos
350d2c99-2ad5-4496-ab0c-7ed17a8ba278	644d8b15-9a0e-43c3-bdb3-91cef5aecf31	EgresoFijo	ed3c9bb2-d2e6-4a63-a4df-f0345853f472	\N	\N	95.990000	Uber diario casa-ofi	2025-12-10 06:00:00+00	f	2025-12-10 16:50:59.46972+00	2025-12-10 16:50:59.46972+00	t	Nubank	MXN	Fijos
4ed945dd-2a49-4ee2-8d42-0a6053c87531	644d8b15-9a0e-43c3-bdb3-91cef5aecf31	EgresoFijo	ed3c9bb2-d2e6-4a63-a4df-f0345853f472	\N	\N	125.000000	Uber diario casa-ofi	2025-12-10 06:00:00+00	f	2025-12-10 21:08:17.241835+00	2025-12-10 21:08:17.241835+00	t	Nubank	MXN	Fijos
5922511c-e4c6-4deb-b89c-69d89cc2e1e9	644d8b15-9a0e-43c3-bdb3-91cef5aecf31	EgresoFijo	ed3c9bb2-d2e6-4a63-a4df-f0345853f472	\N	\N	65.000000	Uber diario casa-ofi	2025-12-11 06:00:00+00	f	2025-12-11 16:01:17.973544+00	2025-12-11 16:01:17.973544+00	t	Nubank	MXN	Fijos
ef613a50-f5f4-4571-92c1-29124c5eee7b	644d8b15-9a0e-43c3-bdb3-91cef5aecf31	IngresoFijo	ed3c9bb2-d2e6-4a63-a4df-f0345853f472	\N	\N	1039.000000	amazon reembolso transporte	2025-12-11 06:00:00+00	f	2025-12-11 22:02:34.009792+00	2025-12-11 22:02:34.009792+00	t	Nubank	MXN	Fijos
2dc42899-27ac-4d52-879c-aeafb05e97fc	644d8b15-9a0e-43c3-bdb3-91cef5aecf31	EgresoFijo	ed3c9bb2-d2e6-4a63-a4df-f0345853f472	\N	\N	126.000000	Uber diario casa-ofi	2025-12-11 06:00:00+00	f	2025-12-11 22:21:20.458655+00	2025-12-11 22:21:20.458655+00	t	Nubank	MXN	Fijos
2bb8702d-5481-4a9d-990e-c68fb989712f	644d8b15-9a0e-43c3-bdb3-91cef5aecf31	IngresoFijo	ed3c9bb2-d2e6-4a63-a4df-f0345853f472	\N	\N	660.990000	Monthly contribution for Transporte	2025-12-11 00:00:00+00	f	2025-12-11 23:18:17.828573+00	2025-12-11 23:18:17.828573+00	t	Nubank	MXN	Fijos
3e162f34-6353-4e38-b5fd-8d7b8e96901d	644d8b15-9a0e-43c3-bdb3-91cef5aecf31	EgresoFijo	ed3c9bb2-d2e6-4a63-a4df-f0345853f472	\N	\N	61.000000	Uber diario casa-ofi	2025-12-12 06:00:00+00	f	2025-12-12 16:23:03.027451+00	2025-12-12 16:23:03.027451+00	t	Nubank	MXN	Fijos
6cab3106-a0f9-463c-a524-941974a35bcc	644d8b15-9a0e-43c3-bdb3-91cef5aecf31	EgresoFijo	ed3c9bb2-d2e6-4a63-a4df-f0345853f472	\N	\N	100.800000	Uber diario casa-ofi	2025-12-12 06:00:00+00	f	2025-12-12 23:07:31.108242+00	2025-12-12 23:07:31.108242+00	t	Nubank	MXN	Fijos
fbd20d3f-81c3-4188-b9c5-1f33878f370c	644d8b15-9a0e-43c3-bdb3-91cef5aecf31	EgresoFijo	ed3c9bb2-d2e6-4a63-a4df-f0345853f472	\N	\N	91.000000	Uber diario casa-ofi	2025-12-15 06:00:00+00	f	2025-12-15 16:18:23.601983+00	2025-12-15 16:18:23.601983+00	t	Nubank	MXN	Fijos
a8943d15-484c-4ff0-bb25-9f7b114f97d6	644d8b15-9a0e-43c3-bdb3-91cef5aecf31	EgresoFijo	ed3c9bb2-d2e6-4a63-a4df-f0345853f472	\N	\N	91.000000	Uber diario casa-ofi	2025-12-16 06:00:00+00	f	2025-12-16 15:45:27.176653+00	2025-12-16 15:45:27.176653+00	t	Nubank	MXN	Fijos
2e98353b-7679-415e-9a54-c15a83494a89	644d8b15-9a0e-43c3-bdb3-91cef5aecf31	EgresoFijo	ed3c9bb2-d2e6-4a63-a4df-f0345853f472	\N	\N	74.000000	Uber diario casa-ofi	2025-12-18 06:00:00+00	f	2025-12-18 15:59:14.259797+00	2025-12-18 15:59:14.259797+00	t	Nubank	MXN	Fijos
6eea0ef7-d780-454d-9e0e-ad6b8fe2ecb5	644d8b15-9a0e-43c3-bdb3-91cef5aecf31	EgresoFijo	ed3c9bb2-d2e6-4a63-a4df-f0345853f472	\N	\N	123.000000	Uber diario casa-ofi	2025-12-16 06:00:00+00	f	2025-12-18 15:58:17.417135+00	2025-12-18 15:58:17.417135+00	t	Nubank	MXN	Fijos
a5ccf977-4e82-4b4a-9d19-d81ebe09eb9b	644d8b15-9a0e-43c3-bdb3-91cef5aecf31	EgresoFijo	ed3c9bb2-d2e6-4a63-a4df-f0345853f472	\N	\N	94.000000	Uber diario casa-ofi	2025-12-17 06:00:00+00	f	2025-12-18 15:58:49.605229+00	2025-12-18 15:58:49.605229+00	t	Nubank	MXN	Fijos
0047072e-be97-414d-88fb-bc7fc3bb97d7	644d8b15-9a0e-43c3-bdb3-91cef5aecf31	EgresoFijo	ed3c9bb2-d2e6-4a63-a4df-f0345853f472	\N	\N	124.000000	Uber diario casa-ofi	2025-12-17 06:00:00+00	f	2025-12-18 15:59:00.269048+00	2025-12-18 15:59:00.269048+00	t	Nubank	MXN	Fijos
f69169e4-874d-4b95-b116-450689867743	644d8b15-9a0e-43c3-bdb3-91cef5aecf31	EgresoFijo	ed3c9bb2-d2e6-4a63-a4df-f0345853f472	\N	\N	77.000000	Uber diario casa-ofi	2025-12-18 06:00:00+00	f	2025-12-18 21:25:27.497863+00	2025-12-18 21:25:27.497863+00	t	Nubank	MXN	Fijos
67d33d74-4fab-4fc2-a1e1-8ef117d3a34b	644d8b15-9a0e-43c3-bdb3-91cef5aecf31	EgresoFijo	ed3c9bb2-d2e6-4a63-a4df-f0345853f472	\N	\N	103.000000	Uber diario casa-ofi	2025-12-19 06:00:00+00	f	2025-12-21 22:51:14.604659+00	2025-12-21 22:51:14.604659+00	t	Nubank	MXN	Fijos
c5250f16-6463-4840-a1db-58c65b044dc4	644d8b15-9a0e-43c3-bdb3-91cef5aecf31	EgresoFijo	ed3c9bb2-d2e6-4a63-a4df-f0345853f472	\N	\N	106.000000	Uber diario casa-ofi	2025-12-19 06:00:00+00	f	2025-12-21 22:51:24.744972+00	2025-12-21 22:51:24.744972+00	t	Nubank	MXN	Fijos
97204cac-af09-4709-9465-d1d5ff0d8596	644d8b15-9a0e-43c3-bdb3-91cef5aecf31	EgresoFijo	ed3c9bb2-d2e6-4a63-a4df-f0345853f472	\N	\N	99.000000	posiblemente la mensualidad de amaozn? o un viaje que no registre	2025-12-21 06:00:00+00	f	2025-12-21 22:52:30.565755+00	2025-12-21 22:52:30.565755+00	t	Nubank	MXN	Fijos
efee124d-ed7c-453b-87ce-59434fc6a8a9	644d8b15-9a0e-43c3-bdb3-91cef5aecf31	IngresoFijo	ed3c9bb2-d2e6-4a63-a4df-f0345853f472	\N	\N	1221.800000	Monthly contribution for Transporte	2025-12-30 00:00:00+00	f	2025-12-30 18:05:37.474423+00	2025-12-30 18:05:37.474423+00	t	Nubank	MXN	Fijos
f8af95db-1c84-4a78-9061-09278808350f	644d8b15-9a0e-43c3-bdb3-91cef5aecf31	EgresoFijo	ed3c9bb2-d2e6-4a63-a4df-f0345853f472	\N	\N	52.000000	Uber diario casa-ofi	2026-01-06 06:00:00+00	f	2026-01-06 16:05:56.646373+00	2026-01-06 16:05:56.646373+00	t	Nubank	MXN	Fijos
125e6b24-0e26-4ace-9ace-7310d64b8cae	644d8b15-9a0e-43c3-bdb3-91cef5aecf31	EgresoFijo	ed3c9bb2-d2e6-4a63-a4df-f0345853f472	\N	\N	53.000000	Uber diario casa-ofi	2026-01-08 06:00:00+00	f	2026-01-08 16:50:01.38931+00	2026-01-08 16:50:01.38931+00	t	Nubank	MXN	Fijos
f141de51-9811-4a3a-9349-80f72d3f66f6	644d8b15-9a0e-43c3-bdb3-91cef5aecf31	IngresoFijo	ed3c9bb2-d2e6-4a63-a4df-f0345853f472	\N	\N	872.000000	Monthly contribution for Transporte	2026-01-14 00:00:00+00	f	2026-01-14 18:44:05.807791+00	2026-01-14 18:44:05.807791+00	t	Nubank	MXN	Fijos
4622692d-e4a0-4744-9f54-1421cf8396db	644d8b15-9a0e-43c3-bdb3-91cef5aecf31	EgresoFijo	ed3c9bb2-d2e6-4a63-a4df-f0345853f472	\N	\N	802.000000	diff	2026-01-14 00:00:00+00	f	2026-01-14 20:58:01.581101+00	2026-01-14 20:58:01.581101+00	t	Nubank	MXN	Fijos
ca1a90c9-1167-4cb3-8c4e-b2fe8a3806ec	644d8b15-9a0e-43c3-bdb3-91cef5aecf31	EgresoFijo	ed3c9bb2-d2e6-4a63-a4df-f0345853f472	\N	\N	76.180000	Uber diario casa-ofi	2026-01-15 06:00:00+00	f	2026-01-15 16:21:56.400341+00	2026-01-15 16:21:56.400341+00	t	Nubank	MXN	Fijos
1d882441-a9ba-422c-8088-0e5d13e6b655	644d8b15-9a0e-43c3-bdb3-91cef5aecf31	EgresoFijo	ed3c9bb2-d2e6-4a63-a4df-f0345853f472	\N	\N	548.000000	ubers semana pasada	2026-01-20 06:00:00+00	f	2026-01-20 16:43:47.454801+00	2026-01-20 16:43:47.454801+00	t	Nubank	MXN	Fijos
fcde760b-4711-4e18-900d-64f2a5b28adb	644d8b15-9a0e-43c3-bdb3-91cef5aecf31	EgresoFijo	ed3c9bb2-d2e6-4a63-a4df-f0345853f472	\N	\N	335.000000	Uber diario casa-ofi semana 26-30 enero	2026-01-29 06:00:00+00	f	2026-01-29 21:15:06.109369+00	2026-01-29 21:15:06.109369+00	t	Nubank	MXN	Fijos
0f6151b6-7a35-4419-ae17-8d581e7f2085	644d8b15-9a0e-43c3-bdb3-91cef5aecf31	EgresoFijo	ed3c9bb2-d2e6-4a63-a4df-f0345853f472	\N	\N	91.450000	Uber diario casa-ofi	2026-01-30 06:00:00+00	f	2026-01-30 16:49:11.583605+00	2026-01-30 16:49:11.583605+00	t	Nubank	MXN	Fijos
330cdf43-c3e2-4dfa-9c92-a0219e037d8d	644d8b15-9a0e-43c3-bdb3-91cef5aecf31	IngresoFijo	ed3c9bb2-d2e6-4a63-a4df-f0345853f472	\N	\N	1552.630000	Monthly contribution for Transporte	2026-01-30 06:00:00+00	f	2026-01-30 17:40:53.095213+00	2026-01-30 17:40:53.095213+00	t	Nubank	MXN	Fijos
b71771a8-f6d1-45e5-a1c5-f2344648d594	644d8b15-9a0e-43c3-bdb3-91cef5aecf31	EgresoFijo	ed3c9bb2-d2e6-4a63-a4df-f0345853f472	\N	\N	77.000000	Uber diario casa-ofi	2026-02-04 06:00:00+00	f	2026-02-04 21:48:05.874713+00	2026-02-04 21:48:05.874713+00	t	Nubank	MXN	Fijos
4f44834f-05f6-4fc0-9e1b-e120a9e8e21c	644d8b15-9a0e-43c3-bdb3-91cef5aecf31	EgresoFijo	ed3c9bb2-d2e6-4a63-a4df-f0345853f472	\N	\N	98.940000	Uber diario casa-ofi	2026-02-05 06:00:00+00	f	2026-02-05 21:47:34.653407+00	2026-02-05 21:47:34.653407+00	t	Nubank	MXN	Fijos
c4074c77-53cb-409a-bfd4-459a4cfe9fa2	644d8b15-9a0e-43c3-bdb3-91cef5aecf31	EgresoFijo	ed3c9bb2-d2e6-4a63-a4df-f0345853f472	\N	\N	71.960000	Uber diario casa-ofi	2026-02-06 06:00:00+00	f	2026-02-06 16:30:41.872171+00	2026-02-06 16:30:41.872171+00	t	Nubank	MXN	Fijos
f0be579d-86ac-4f9b-8226-4849580cda43	644d8b15-9a0e-43c3-bdb3-91cef5aecf31	EgresoFijo	ed3c9bb2-d2e6-4a63-a4df-f0345853f472	\N	\N	69.750000	Uber diario casa-ofi	2026-02-09 06:00:00+00	f	2026-02-09 20:32:34.33043+00	2026-02-09 20:32:34.33043+00	t	Nubank	MXN	Fijos
9bcc661f-efce-4355-ada0-f7fc035997aa	644d8b15-9a0e-43c3-bdb3-91cef5aecf31	EgresoFijo	ed3c9bb2-d2e6-4a63-a4df-f0345853f472	\N	\N	700.000000	Uber diario casa-ofi - diff	2026-02-12 06:00:00+00	f	2026-02-12 19:49:20.287979+00	2026-02-12 19:49:20.287979+00	t	Nubank	MXN	Fijos
c3ffea34-0a88-4d9d-8818-8a29b9473208	644d8b15-9a0e-43c3-bdb3-91cef5aecf31	EgresoFijo	ed3c9bb2-d2e6-4a63-a4df-f0345853f472	\N	\N	1700.000000	transporte	2026-02-26 06:00:00+00	f	2026-02-26 18:27:43.150102+00	2026-02-26 18:27:43.150102+00	t	Nubank	MXN	Fijos
32d3ad94-9205-4768-87c4-6a8327cea2dc	644d8b15-9a0e-43c3-bdb3-91cef5aecf31	IngresoFijo	ed3c9bb2-d2e6-4a63-a4df-f0345853f472	\N	\N	1700.000000	Monthly contribution for Transporte	2026-03-01 00:00:00+00	f	2026-03-01 19:08:29.17239+00	2026-03-01 19:08:29.17239+00	t	Nubank	MXN	Fijos
9ea99257-c4db-43d1-90c1-d267b2902c1b	644d8b15-9a0e-43c3-bdb3-91cef5aecf31	EgresoFijo	ed3c9bb2-d2e6-4a63-a4df-f0345853f472	\N	\N	1096.000000	uber gimnasia y trabajo	2026-03-07 00:00:00+00	f	2026-03-07 22:03:09.816462+00	2026-03-07 22:03:09.816462+00	t	Nubank	MXN	Fijos
d11eece0-daaf-475e-80e6-227229e9c1d1	644d8b15-9a0e-43c3-bdb3-91cef5aecf31	IngresoFijo	ed3c9bb2-d2e6-4a63-a4df-f0345853f472	\N	\N	1700.000000	Monthly contribution for Transporte	2026-03-12 00:00:00+00	f	2026-03-12 18:49:02.260799+00	2026-03-12 18:49:02.260799+00	t	Nubank	MXN	Fijos
a70cf2c6-7946-47a1-814d-58c1baf4ff00	644d8b15-9a0e-43c3-bdb3-91cef5aecf31	EgresoFijo	ed3c9bb2-d2e6-4a63-a4df-f0345853f472	\N	\N	522.000000	Diff cantidad real transporte	2026-03-12 00:00:00+00	f	2026-03-12 19:36:49.947883+00	2026-03-12 19:36:49.947883+00	t	Nubank	MXN	Fijos
d0133931-79e2-46c6-98f9-d3c72a113f37	644d8b15-9a0e-43c3-bdb3-91cef5aecf31	EgresoFijo	ed3c9bb2-d2e6-4a63-a4df-f0345853f472	\N	\N	1782.000000	diff xDN'T	2026-03-27 00:00:00+00	f	2026-03-27 16:13:34.493005+00	2026-03-27 16:13:34.493005+00	t	Nubank	MXN	Fijos
3fd57598-e738-40e3-9471-1ab0ca11e1ea	644d8b15-9a0e-43c3-bdb3-91cef5aecf31	EgresoFijo	ed3c9bb2-d2e6-4a63-a4df-f0345853f472	\N	\N	1286.000000	transporte	2026-04-06 00:00:00+00	f	2026-04-06 00:44:52.412269+00	2026-04-06 00:44:52.412269+00	t	Nubank	MXN	Fijos
32f1872f-f8cd-49b8-b41e-a531aec8c67a	644d8b15-9a0e-43c3-bdb3-91cef5aecf31	EgresoFijo	ed3c9bb2-d2e6-4a63-a4df-f0345853f472	\N	\N	214.000000	\N	2026-04-14 06:00:00+00	f	2026-04-14 17:44:01.415782+00	2026-04-14 17:44:01.415782+00	t	Nubank	MXN	Fijos
a4d894c4-34a1-4db8-873d-b9c329fed5bf	644d8b15-9a0e-43c3-bdb3-91cef5aecf31	IngresoNormal	006a3da8-9560-4f4d-95b8-b277133a2fa4	61b7c635-6924-4d7d-9cda-1e19ec256bbf	\N	1.780940	shares	2026-04-20 06:00:00+00	f	2026-04-20 18:50:30.026313+00	2026-04-20 18:50:30.026313+00	f	\N	\N	\N
75cfd93f-8553-49e2-97cb-aabbb2fafd32	644d8b15-9a0e-43c3-bdb3-91cef5aecf31	EgresoNormal	35997ca6-074e-47d8-b364-7b966a833518	1597be30-658f-4739-a9e9-727a950ffc53	\N	461.000000	mercado semana 1	2026-05-03 06:00:00+00	f	2026-05-03 20:59:03.469661+00	2026-05-03 20:59:03.469661+00	f	\N	\N	\N
0d9ea754-e57d-43d6-ba43-c978f37958e4	644d8b15-9a0e-43c3-bdb3-91cef5aecf31	IngresoNormal	ed3c9bb2-d2e6-4a63-a4df-f0345853f472	e72610ce-d408-4c8a-bcc7-2a31cefccec8	\N	226.000000	diff	2026-05-14 00:00:00+00	f	2026-05-14 17:48:43.197589+00	2026-05-14 17:48:43.197589+00	f	\N	\N	\N
\.


--
-- Data for Name: net_worth_snapshots; Type: TABLE DATA; Schema: public; Owner: postgres
--

COPY "public"."net_worth_snapshots" ("id", "user_id", "snapshot_date", "total_net_worth", "base_currency", "breakdown", "created_at") FROM stdin;
640f3512-ff24-4583-8eab-5af3c5184f64	644d8b15-9a0e-43c3-bdb3-91cef5aecf31	2025-12-06	193336445.88	COP	{"COP": 68296200, "MXN": 178862.26, "USD": 22744.324}	2025-12-06 20:16:42.039759+00
e41e296a-e939-4120-b694-91a4b6a20bdb	644d8b15-9a0e-43c3-bdb3-91cef5aecf31	2025-12-08	193260999.47	COP	{"COP": 68296200, "MXN": 171996.43, "USD": 23088.40846}	2025-12-08 19:09:09.595096+00
07e73f6d-f659-4c31-8f38-4c255f6aee44	644d8b15-9a0e-43c3-bdb3-91cef5aecf31	2025-12-10	194347239.30	COP	{"COP": 68296200, "MXN": 178637.43, "USD": 23088.408460000002}	2025-12-10 00:27:37.563877+00
638a3930-eacf-4cf4-845b-cc5e59dc6d59	644d8b15-9a0e-43c3-bdb3-91cef5aecf31	2025-12-17	195765977.00	COP	{"COP": 68459200, "MXN": 188110.91000000003, "USD": 22867.8664137}	2025-12-17 01:25:19.857824+00
e164eb2f-4e63-4d59-b48b-8fb34bea3da2	644d8b15-9a0e-43c3-bdb3-91cef5aecf31	2025-12-24	195323276.45	COP	{"COP": 68156200, "MXN": 184766.91, "USD": 23165.439891899998}	2025-12-24 01:04:18.720136+00
845a25b4-86ea-4871-9260-0e3a323648fb	644d8b15-9a0e-43c3-bdb3-91cef5aecf31	2025-12-31	196813901.45	COP	{"COP": 67366200, "MXN": 205383.97000000003, "USD": 23142.923351124995}	2025-12-31 16:55:43.772265+00
cc2cbc9b-8a76-479a-a662-5b86ac568f17	4b077e8d-247a-4f1f-bbfb-40d96fee4c35	2026-01-03	0.27	USD	{"COP": 1000}	2026-01-03 00:02:42.607823+00
4686bdf7-7e33-4ef0-9a77-241b0e3e99a6	644d8b15-9a0e-43c3-bdb3-91cef5aecf31	2026-01-07	199844769.46	COP	{"COP": 71456200, "MXN": 198941.97000000003, "USD": 23158.888045}	2026-01-07 01:19:12.21432+00
0331de4b-98a1-4fa5-a235-2db11720733e	55c2ff24-e2f0-4793-9a61-fb95020b5c3a	2026-01-07	1822567.48	COP	{"COP": 121503, "MXN": 0, "USD": 454}	2026-01-07 17:11:38.35289+00
54bcbee7-3272-4c21-a6b5-6a9f72b62efd	6a228fc9-2baf-4978-843c-eb78c4c9ae08	2026-01-10	0.00	COP	{"COP": 0}	2026-01-10 21:38:11.755007+00
e7e6242b-57c7-4992-88c2-37f8df9fde32	644d8b15-9a0e-43c3-bdb3-91cef5aecf31	2026-01-14	202289052.44	COP	{"COP": 71456200, "MXN": 221522.97, "USD": 23357.156372499994}	2026-01-14 18:59:58.261633+00
2a156165-8c82-4092-bb91-6e097a8d4830	55c2ff24-e2f0-4793-9a61-fb95020b5c3a	2026-01-16	61941261.50	COP	{"COP": 60272910.68, "MXN": 0, "USD": 454}	2026-01-16 17:12:41.368123+00
f2a0ff4d-1957-4561-b1bb-12016ffc31e3	4b077e8d-247a-4f1f-bbfb-40d96fee4c35	2026-01-18	1629.56	USD	{"COP": 6015200}	2026-01-18 04:38:00.115812+00
9a01ee61-5046-4b94-9ea0-74f909416ee7	644d8b15-9a0e-43c3-bdb3-91cef5aecf31	2026-01-21	191665979.42	COP	{"COP": 68231000, "MXN": 182032.79, "USD": 23288.1006175}	2026-01-21 01:34:21.644119+00
fc4fbb05-e369-4a01-a25e-bf38588bed93	644d8b15-9a0e-43c3-bdb3-91cef5aecf31	2026-01-28	192010935.44	COP	{"COP": 68231000, "MXN": 178358.79, "USD": 23323.696367499997}	2026-01-28 01:00:20.336835+00
608d8fba-5822-4378-ac4b-f703d46fd2de	644d8b15-9a0e-43c3-bdb3-91cef5aecf31	2026-02-04	193507143.51	COP	{"COP": 68231000, "MXN": 198400.34, "USD": 23215.841244999996}	2026-02-04 01:16:32.740217+00
1ba27cce-1e08-4407-9f42-111f2e658026	644d8b15-9a0e-43c3-bdb3-91cef5aecf31	2026-02-11	195465852.41	COP	{"COP": 69422000, "MXN": 177374.69, "USD": 24021.7422248}	2026-02-11 01:11:51.024034+00
f248baf9-fd85-4ac2-a145-172d195bb096	644d8b15-9a0e-43c3-bdb3-91cef5aecf31	2026-02-18	199015365.73	COP	{"COP": 69910508, "MXN": 196439.52000000002, "USD": 23812.104172000003}	2026-02-18 01:27:40.262521+00
614faa38-4e86-44d6-8b6d-ca488166192b	644d8b15-9a0e-43c3-bdb3-91cef5aecf31	2026-02-25	194372990.97	COP	{"COP": 69677508, "MXN": 183291.52000000002, "USD": 23152.124852499997}	2026-02-25 15:46:28.092716+00
67d686bb-6554-4d8c-87cd-43cf9164e21a	4b077e8d-247a-4f1f-bbfb-40d96fee4c35	2026-03-02	1592.46	USD	{"COP": 5982400}	2026-03-02 02:29:33.085099+00
6fd22a84-ab74-468d-9bd2-73484f0dea60	644d8b15-9a0e-43c3-bdb3-91cef5aecf31	2026-03-04	199411019.03	COP	{"COP": 68882321, "MXN": 198093.06, "USD": 23287.1929025}	2026-03-04 04:33:39.971391+00
760b9077-a505-4d75-bb46-5ca60a83b5e9	644d8b15-9a0e-43c3-bdb3-91cef5aecf31	2026-03-11	201287810.90	COP	{"COP": 68660798.95, "MXN": 176960.21000000002, "USD": 23185.6466114}	2026-03-11 16:15:13.07566+00
1d16d45c-5c68-4aff-8ece-1eb13c0da579	644d8b15-9a0e-43c3-bdb3-91cef5aecf31	2026-03-18	200844519.80	COP	{"COP": 38557189.42, "MXN": 199723.21000000002, "USD": 23474.426547}	2026-03-18 00:23:12.549562+00
84240248-f78c-4362-82b8-cdafb0769cf2	644d8b15-9a0e-43c3-bdb3-91cef5aecf31	2026-03-25	193033232.50	COP	{"COP": 68868453.4, "MXN": 195794.21000000002, "USD": 22460.30363}	2026-03-25 04:31:13.911786+00
7efca396-5414-409a-9ee3-3e04ca867abf	644d8b15-9a0e-43c3-bdb3-91cef5aecf31	2026-04-01	199407597.73	COP	{"COP": 37900059.42, "MXN": 211115.21000000002, "USD": 23474.426547}	2026-04-01 00:28:18.449537+00
94693b2a-f587-4d4f-bb57-dee09d549362	644d8b15-9a0e-43c3-bdb3-91cef5aecf31	2026-05-06	212025772.72	COP	{"COP": 66808844.519999996, "MXN": 210172.97999999998, "USD": 24697.852474999996}	2026-05-06 04:17:03.219101+00
66162e98-a344-4a6b-8291-a711c520c246	644d8b15-9a0e-43c3-bdb3-91cef5aecf31	2026-04-08	197140356.72	COP	{"COP": 68252954.25, "MXN": 184144.21000000002, "USD": 23463.9545002}	2026-04-08 04:11:59.825754+00
f1b03753-f045-4a91-bfb4-d4121654d129	644d8b15-9a0e-43c3-bdb3-91cef5aecf31	2026-04-15	199944983.91	COP	{"COP": 67808967.50999999, "MXN": 198459.03, "USD": 23466.951439999997}	2026-04-15 04:07:43.550194+00
6846f691-ec81-4ba9-992a-880ade24232c	644d8b15-9a0e-43c3-bdb3-91cef5aecf31	2026-05-13	212509159.06	COP	{"COP": 66920277.22, "MXN": 188900.72999999998, "USD": 27760.182813899995}	2026-05-13 01:35:26.215349+00
80695106-c2ab-4a4b-b64b-6402e079c733	644d8b15-9a0e-43c3-bdb3-91cef5aecf31	2026-04-22	199668849.93	COP	{"COP": 66792840.010000005, "MXN": 170784.97999999998, "USD": 24123.693027499998}	2026-04-22 16:46:17.969086+00
5903a0b1-a5f2-4101-a254-0235b0bc3f2e	644d8b15-9a0e-43c3-bdb3-91cef5aecf31	2026-04-29	211071488.31	COP	{"COP": 66906562.38, "MXN": 192837.97999999998, "USD": 24305.2313525}	2026-04-29 01:01:05.548066+00
7f5ae293-3004-407b-856b-57d2d7498e43	644d8b15-9a0e-43c3-bdb3-91cef5aecf31	2026-05-20	216594519.00	COP	{"COP": 67260800.61, "MXN": 172933.11, "USD": 25237.480485424996}	2026-05-20 05:51:31.244131+00
\.


--
-- Data for Name: reminders; Type: TABLE DATA; Schema: public; Owner: postgres
--

COPY "public"."reminders" ("id", "user_id", "title", "amount", "due_date", "is_paid", "linked_movement_id", "fixed_expense_id", "template_id", "created_at", "updated_at", "recurrence_type", "recurrence_interval", "recurrence_days_of_week", "recurrence_end_type", "recurrence_end_count", "recurrence_end_date") FROM stdin;
fa28f1e3-889c-4862-baf3-7c61f3e59c9e	644d8b15-9a0e-43c3-bdb3-91cef5aecf31	Spotify	30500.00	2025-12-28 00:00:00+00	t	725ea95d-7fe5-4465-a03d-a7d2c7df3b5b	\N	\N	2025-12-07 02:03:14.282561+00	2026-02-14 22:48:36.784+00	monthly	1	\N	on_date	12	2026-02-26 00:00:00+00
70eb7c61-31d0-4693-92f4-b3e79b294e2b	644d8b15-9a0e-43c3-bdb3-91cef5aecf31	ChatGPT	80000.00	2025-12-24 00:00:00+00	t	2f854832-e411-484e-83a7-321c5087ee57	\N	\N	2025-12-07 02:05:24.935003+00	2026-02-14 22:48:33.627+00	monthly	1	\N	on_date	12	2026-02-22 00:00:00+00
28e69412-d016-41d1-a351-d91320537bb7	55c2ff24-e2f0-4793-9a61-fb95020b5c3a	Internet	120.00	2025-12-06 00:00:00+00	t	12dbddbe-bb1a-49be-9239-5b9baec05bc4	\N	bcc8520f-7524-4423-ae9f-3983d6b70da5	2025-12-06 16:26:22.235436+00	2025-12-06 16:26:42.415+00	monthly	1	\N	after	12	\N
471deea7-eb25-432c-a422-a669573c130d	644d8b15-9a0e-43c3-bdb3-91cef5aecf31	Renta Mensual Nomad	19080.00	2025-12-30 00:00:00+00	t	974b52fd-d93d-4540-9199-92601181266b	\N	9a548e86-2a31-49c4-af10-597754091164	2025-12-07 02:04:00.200216+00	2026-02-05 23:28:16.157+00	monthly	1	\N	on_date	12	2026-02-27 00:00:00+00
6f004675-a16e-4691-af0b-91370859d4ba	644d8b15-9a0e-43c3-bdb3-91cef5aecf31	ChatGPT	80000.00	2026-02-23 00:00:00+00	f	\N	\N	\N	2026-02-14 22:48:32.736982+00	2026-03-12 19:38:49.582+00	monthly	1	\N	on_date	12	2026-03-21 00:00:00+00
345bae89-55e7-4c96-b74f-66037ee9cc4d	644d8b15-9a0e-43c3-bdb3-91cef5aecf31	ChatGPT	80000.00	2026-03-22 00:00:00+00	f	\N	\N	\N	2026-03-12 19:38:49.862515+00	2026-03-12 19:38:49.862515+00	monthly	1	\N	after	12	\N
e99329a2-336e-4df1-b5c8-b70dd3fd4c65	644d8b15-9a0e-43c3-bdb3-91cef5aecf31	Spotify	30500.00	2026-02-27 00:00:00+00	f	\N	\N	\N	2026-02-14 22:48:36.850588+00	2026-03-12 19:38:55.56+00	monthly	1	\N	on_date	12	2026-03-25 00:00:00+00
2b7bc83b-9092-4f07-9f7c-b6f5d619ed2a	644d8b15-9a0e-43c3-bdb3-91cef5aecf31	Spotify	30500.00	2026-03-26 00:00:00+00	f	\N	\N	\N	2026-03-12 19:38:55.754902+00	2026-03-12 19:38:55.754902+00	monthly	1	\N	after	12	\N
76d2ece1-e358-428e-9885-ee72d06319ff	644d8b15-9a0e-43c3-bdb3-91cef5aecf31	Renta Mensual Nomad	19080.00	2026-02-06 00:00:00+00	t	7f9c005a-ab36-4952-95e0-179f11efbac1	\N	9a548e86-2a31-49c4-af10-597754091164	2026-02-05 23:28:16.432207+00	2026-04-03 21:17:21.219+00	monthly	1	\N	on_date	8	2026-04-04 00:00:00+00
645215e3-aa30-4c82-b9c8-37f81e08985d	644d8b15-9a0e-43c3-bdb3-91cef5aecf31	Internet Telmex	449.00	2026-02-15 00:00:00+00	t	2d083174-bdb9-428b-be31-0ae2eac0f858	\N	e4b9365b-7c4b-480a-868b-42e89e6487b2	2026-02-14 22:48:22.803076+00	2026-03-12 19:38:44.732+00	monthly	1	\N	on_date	12	2026-03-13 00:00:00+00
fbc849e8-d24a-4b69-ad62-d2323bd5657e	644d8b15-9a0e-43c3-bdb3-91cef5aecf31	Internet Telmex	449.00	2026-01-16 00:00:00+00	t	d41927b0-4d95-4299-a291-1109b498dd54	\N	e4b9365b-7c4b-480a-868b-42e89e6487b2	2025-12-07 01:55:45.745747+00	2026-02-14 22:48:23.292+00	monthly	1	\N	on_date	12	2026-02-14 00:00:00+00
72c0fa59-82b8-4815-b6a4-3ab568de1b15	644d8b15-9a0e-43c3-bdb3-91cef5aecf31	Renta Mensual Nomad	19080.00	2026-04-05 00:00:00+00	t	3ba5eaa5-e0d6-4dca-b349-bd65b08fb05c	\N	9a548e86-2a31-49c4-af10-597754091164	2026-04-03 21:17:21.608528+00	2026-05-06 22:53:45.831+00	monthly	1	\N	after	8	\N
eb3bacef-b14c-4eef-8e0c-15adff1585f6	644d8b15-9a0e-43c3-bdb3-91cef5aecf31	AT&T	369.00	2026-01-12 00:00:00+00	t	a0e389ca-50e5-4b30-9a96-5a1ac5b3282c	\N	989df236-9d1a-4b8f-a90a-258c1f54f9e1	2025-12-07 01:53:36.474519+00	2026-05-14 16:49:47.774+00	monthly	1	\N	after	12	\N
e44ffd3c-5c82-4395-9c0f-4464a76a07dd	644d8b15-9a0e-43c3-bdb3-91cef5aecf31	Internet Telmex	449.00	2026-03-14 00:00:00+00	t	6c59285e-f462-4b51-b888-37acdfd07ae4	\N	e4b9365b-7c4b-480a-868b-42e89e6487b2	2026-03-12 19:38:44.906991+00	2026-05-14 16:50:01.736+00	monthly	1	\N	after	12	\N
10fd0d81-3afb-4047-9448-5f985187fad5	644d8b15-9a0e-43c3-bdb3-91cef5aecf31	Pago tigo linea 3504314339	35000.00	2026-01-30 00:00:00+00	t	eee43068-479a-4427-b14f-9d8814b51ee8	\N	\N	2026-01-07 17:02:52.19279+00	2026-01-30 17:42:19.363+00	once	1	\N	never	\N	\N
\.


--
-- Data for Name: reminder_exceptions; Type: TABLE DATA; Schema: public; Owner: postgres
--

COPY "public"."reminder_exceptions" ("id", "reminder_id", "original_date", "action", "new_title", "new_amount", "new_date", "is_paid", "linked_movement_id", "created_at", "updated_at") FROM stdin;
30bce468-4981-4b79-8d85-773c68aa009a	e99329a2-336e-4df1-b5c8-b70dd3fd4c65	2026-02-27	modified	\N	\N	\N	t	\N	2026-03-01 19:29:14.556431+00	2026-03-01 19:29:14.556431+00
50493b84-fabc-4140-841f-32dcaef3627d	6f004675-a16e-4691-af0b-91370859d4ba	2026-02-23	modified	\N	\N	\N	t	\N	2026-03-01 19:29:11.271075+00	2026-03-01 19:29:11.271075+00
b7c7881e-d0ae-44d4-bd44-f77882cedc90	76d2ece1-e358-428e-9885-ee72d06319ff	2026-03-05	modified	\N	\N	\N	t	672fead3-407d-4cc6-8595-2a7844948826	2026-03-08 00:03:30.220859+00	2026-03-08 00:03:30.220859+00
5f251471-0478-4c50-a42c-70123edf81be	eb3bacef-b14c-4eef-8e0c-15adff1585f6	2026-02-11	modified	\N	\N	\N	t	\N	2026-03-08 00:03:36.638707+00	2026-03-08 00:03:36.638707+00
e840e011-b0b1-4a9f-9a15-61a5f8225770	70eb7c61-31d0-4693-92f4-b3e79b294e2b	2026-01-23	modified	\N	\N	\N	t	\N	2026-03-08 00:07:35.527967+00	2026-03-08 00:07:35.527967+00
96743d42-7f64-4987-8301-6e34e8ba53e4	fa28f1e3-889c-4862-baf3-7c61f3e59c9e	2026-01-27	modified	\N	\N	\N	t	\N	2026-03-08 00:07:38.327487+00	2026-03-08 00:07:38.327487+00
4a6a638b-7475-4a0d-add5-28e625f90dc9	471deea7-eb25-432c-a422-a669573c130d	2026-01-29	modified	\N	\N	\N	t	\N	2026-03-08 00:07:40.866594+00	2026-03-08 00:07:40.866594+00
b312e430-bba5-4b69-8ad5-dbdbd615db42	eb3bacef-b14c-4eef-8e0c-15adff1585f6	2026-03-11	modified	\N	\N	\N	t	\N	2026-03-12 19:38:25.79614+00	2026-03-12 19:38:25.79614+00
951ddb80-65d8-452b-b3ff-638825413012	345bae89-55e7-4c96-b74f-66037ee9cc4d	2026-03-22	modified	\N	\N	\N	t	\N	2026-03-30 16:25:21.70612+00	2026-03-30 16:25:21.70612+00
9a7ee5bc-30fa-4f28-9868-4f76da494cf5	2b7bc83b-9092-4f07-9f7c-b6f5d619ed2a	2026-03-26	modified	\N	\N	\N	t	\N	2026-03-30 16:25:26.745898+00	2026-03-30 16:25:26.745898+00
60c3bde5-ad10-458f-b026-001b897d37a8	eb3bacef-b14c-4eef-8e0c-15adff1585f6	2026-04-11	modified	\N	\N	\N	t	\N	2026-04-14 18:23:08.245239+00	2026-04-14 18:23:08.245239+00
ea1be1c5-9da8-48f7-9cb7-e156a800d765	e44ffd3c-5c82-4395-9c0f-4464a76a07dd	2026-04-13	modified	\N	\N	\N	t	\N	2026-04-14 18:23:10.895373+00	2026-04-14 18:23:10.895373+00
b2ed8237-403e-4be6-afa4-15288f55dd27	345bae89-55e7-4c96-b74f-66037ee9cc4d	2026-04-21	modified	\N	\N	\N	t	\N	2026-04-22 17:07:22.162835+00	2026-04-22 17:07:22.162835+00
b0d3dd4d-cbea-4469-aec7-a8162a79785e	2b7bc83b-9092-4f07-9f7c-b6f5d619ed2a	2026-04-25	modified	\N	\N	\N	t	\N	2026-04-28 16:49:31.749975+00	2026-04-28 16:49:31.749975+00
4de0ba46-3d36-45f5-a01c-d912a2f3b424	72c0fa59-82b8-4815-b6a4-3ab568de1b15	2026-05-04	modified	\N	\N	\N	t	\N	2026-05-07 16:54:21.566496+00	2026-05-07 16:54:21.566496+00
a5fe4b8c-aebf-43d1-afee-10040aa7facb	eb3bacef-b14c-4eef-8e0c-15adff1585f6	2026-05-11	modified	\N	\N	\N	t	\N	2026-05-14 17:53:10.955164+00	2026-05-14 17:53:10.955164+00
eff1d8cf-b60f-41a5-8e50-b8358bc049a6	e44ffd3c-5c82-4395-9c0f-4464a76a07dd	2026-05-13	modified	\N	\N	\N	t	\N	2026-05-14 17:53:14.326465+00	2026-05-14 17:53:14.326465+00
\.


--
-- Data for Name: settings; Type: TABLE DATA; Schema: public; Owner: postgres
--

COPY "public"."settings" ("id", "user_id", "primary_currency", "alpha_vantage_api_key", "created_at", "updated_at", "snapshot_frequency", "account_card_display") FROM stdin;
0479d57b-aef6-48ee-af89-5b05dad5a9df	b209dd88-d1ce-4c12-b0f8-0e12953c4dcd	USD	\N	2025-11-25 01:46:53.286429+00	2025-11-25 01:46:53.286429+00	weekly	\N
f4525603-58b5-4538-bb8a-d040d486da76	4b077e8d-247a-4f1f-bbfb-40d96fee4c35	USD	\N	2025-11-25 04:07:46.770108+00	2025-11-25 04:07:46.770108+00	weekly	\N
92f05b59-0aa8-498f-a1ec-7f6279037f78	e63e29c7-b10e-4dd1-a2b8-e44f9cd93083	COP	\N	2025-11-24 23:16:07.004737+00	2025-11-24 23:16:07.004737+00	weekly	\N
2d98349f-5c43-4930-83bf-b41176934083	95ea1c2f-8b5c-44fc-bec3-6dc81729485d	USD	\N	2025-11-27 03:53:53.692386+00	2025-11-27 03:53:53.692386+00	weekly	\N
8a5ffad6-bd5b-4af8-ba1c-7553bd3d2b3b	55c2ff24-e2f0-4793-9a61-fb95020b5c3a	COP	\N	2025-11-25 01:47:03.116858+00	2025-11-25 01:47:03.116858+00	weekly	"{\\"normal\\":\\"compact\\",\\"investment\\":\\"compact\\",\\"cd\\":\\"detailed\\"}"
8c477925-b287-46cb-afc0-2177b202fe7c	6a228fc9-2baf-4978-843c-eb78c4c9ae08	COP	\N	2026-01-10 21:37:11.55454+00	2026-01-10 21:37:11.55454+00	weekly	\N
c76e00f3-d436-4e2d-baa7-e7a25d2cb1e9	644d8b15-9a0e-43c3-bdb3-91cef5aecf31	COP	\N	2025-11-24 22:49:15.204869+00	2025-11-24 22:49:15.204869+00	weekly	"{\\"normal\\":\\"compact\\",\\"investment\\":\\"compact\\",\\"cd\\":\\"compact\\"}"
\.


--
-- Data for Name: stock_prices; Type: TABLE DATA; Schema: public; Owner: postgres
--

COPY "public"."stock_prices" ("id", "symbol", "price", "currency", "market_state", "last_updated", "created_at") FROM stdin;
VXUS	VXUS	75.460000	USD	\N	2025-12-17 18:24:43.804441+00	2025-12-09 02:46:59.132788+00
VOO	VOO	681.570000	USD	POST	2026-05-20 20:43:30.52192+00	2025-11-27 17:25:03.634782+00
NU	NU	14.980000	USD	\N	2026-03-02 02:29:10.492432+00	2026-01-07 03:54:51.491+00
VTI	VTI	342.050000	USD	\N	2026-01-16 17:19:26.58+00	2026-01-16 17:19:26.849086+00
IREN	IREN	51.890000	USD	\N	2026-01-16 17:19:35.084+00	2026-01-16 17:19:35.155822+00
\.


--
-- Data for Name: buckets; Type: TABLE DATA; Schema: storage; Owner: supabase_storage_admin
--

COPY "storage"."buckets" ("id", "name", "owner", "created_at", "updated_at", "public", "avif_autodetection", "file_size_limit", "allowed_mime_types", "owner_id", "type") FROM stdin;
\.


--
-- Data for Name: buckets_analytics; Type: TABLE DATA; Schema: storage; Owner: supabase_storage_admin
--

COPY "storage"."buckets_analytics" ("name", "type", "format", "created_at", "updated_at", "id", "deleted_at") FROM stdin;
\.


--
-- Data for Name: buckets_vectors; Type: TABLE DATA; Schema: storage; Owner: supabase_storage_admin
--

COPY "storage"."buckets_vectors" ("id", "type", "created_at", "updated_at") FROM stdin;
\.


--
-- Data for Name: objects; Type: TABLE DATA; Schema: storage; Owner: supabase_storage_admin
--

COPY "storage"."objects" ("id", "bucket_id", "name", "owner", "created_at", "updated_at", "last_accessed_at", "metadata", "version", "owner_id", "user_metadata") FROM stdin;
\.


--
-- Data for Name: s3_multipart_uploads; Type: TABLE DATA; Schema: storage; Owner: supabase_storage_admin
--

COPY "storage"."s3_multipart_uploads" ("id", "in_progress_size", "upload_signature", "bucket_id", "key", "version", "owner_id", "created_at", "user_metadata", "metadata") FROM stdin;
\.


--
-- Data for Name: s3_multipart_uploads_parts; Type: TABLE DATA; Schema: storage; Owner: supabase_storage_admin
--

COPY "storage"."s3_multipart_uploads_parts" ("id", "upload_id", "size", "part_number", "bucket_id", "key", "etag", "owner_id", "version", "created_at") FROM stdin;
\.


--
-- Data for Name: vector_indexes; Type: TABLE DATA; Schema: storage; Owner: supabase_storage_admin
--

COPY "storage"."vector_indexes" ("id", "name", "bucket_id", "data_type", "dimension", "distance_metric", "metadata_configuration", "created_at", "updated_at") FROM stdin;
\.


--
-- Name: refresh_tokens_id_seq; Type: SEQUENCE SET; Schema: auth; Owner: supabase_auth_admin
--

SELECT pg_catalog.setval('"auth"."refresh_tokens_id_seq"', 1454, true);


--
-- PostgreSQL database dump complete
--

-- \unrestrict sDr55P0XFxnBGPiaIuIYNUUgoB0vBVWux3xzFapG61MtleGakBTZsatXtw5YCH3

RESET ALL;
